episode,update,optimized_in_update,global_step,reward,steps,success,collision,out_of_altitude,final_distance,policy_loss,value_loss,entropy,entropy_coef,approx_kl,explained_variance,activation_saturation,activation_abs_mean,max_action_probability,timeout,final_x,final_y,final_z,path_length_m,min_depth_m,dominant_action,dominant_action_fraction,action_0_count,action_1_count,action_2_count,action_3_count,action_4_count,action_5_count
1,0,1,31,-105.11399279220097,31,0,1,0,29.125006805930774,-0.02140322740888223,1.2149213068187237,1.7833266481757164,0.01,0.008780777025094721,0.48600542545318604,0.010332031175494194,0.5431733131408691,0.19623085856437683,0,88.67537689208984,-18.620140075683594,-1.4469059705734253,10.481704913682908,1.45703125,4,0.3225806451612903,4,7,3,4,10,3
2,0,1,73,-101.87800842848796,42,0,0,1,25.750755032196803,-0.02140322740888223,1.2149213068187237,1.7833266481757164,0.01,0.008780777025094721,0.48600542545318604,0.010332031175494194,0.5431733131408691,0.19623085856437683,0,92.09278106689453,-18.38483238220215,-0.9803069233894348,14.118865746642028,1.478515625,1,0.21428571428571427,8,9,5,2,9,9
3,0,1,151,-175.40958279404532,78,0,0,1,25.43013729386106,-0.02140322740888223,1.2149213068187237,1.7833266481757164,0.01,0.008780777025094721,0.48600542545318604,0.010332031175494194,0.5431733131408691,0.19623085856437683,0,93.63158416748047,-22.26844024658203,-10.366814613342285,25.02619220299665,1.7978515625,3,0.28205128205128205,10,16,8,22,11,11
4,0,1,215,-155.7444660955103,64,0,0,1,26.237139551393845,-0.02140322740888223,1.2149213068187237,1.7833266481757164,0.01,0.008780777025094721,0.48600542545318604,0.010332031175494194,0.5431733131408691,0.19623085856437683,0,93.6467514038086,-11.626837730407715,-10.229493141174316,19.973337427720455,4.35546875,3,0.28125,10,7,12,18,5,12
5,0,1,365,-73.76438304175277,150,0,0,0,17.903443854158134,-0.02140322740888223,1.2149213068187237,1.7833266481757164,0.01,0.008780777025094721,0.48600542545318604,0.010332031175494194,0.5431733131408691,0.19623085856437683,1,101.05638885498047,-12.788928985595703,-4.605409622192383,46.259096622809764,0.54833984375,4,0.19333333333333333,19,23,27,24,29,28
6,0,1,483,-160.2766168395089,118,0,1,0,17.803640456128782,-0.02140322740888223,1.2149213068187237,1.7833266481757164,0.01,0.008780777025094721,0.48600542545318604,0.010332031175494194,0.5431733131408691,0.19623085856437683,0,100.4537353515625,-21.679290771484375,-6.256330490112305,42.24431804334423,0.78076171875,1,0.2457627118644068,18,29,20,14,16,21
7,1,2,628,-169.6603994243822,145,0,1,0,10.569927953513881,-0.009830211536609568,0.49616953218355775,1.7772348038852215,0.009898876404494382,0.002920782982982928,0.5785543918609619,0.011679687537252903,0.5432813763618469,0.22275298833847046,0,107.83660125732422,-15.793437004089355,-4.681563854217529,49.30899093618027,0.7041015625,5,0.20689655172413793,27,22,20,21,25,30
8,1,2,743,-108.94918017609746,115,0,1,0,17.987350100554423,-0.009830211536609568,0.49616953218355775,1.7772348038852215,0.009898876404494382,0.002920782982982928,0.5785543918609619,0.011679687537252903,0.5432813763618469,0.22275298833847046,0,100.77362823486328,-13.153549194335938,-3.7510733604431152,38.39803813373803,0.2386474609375,5,0.24347826086956523,20,16,20,13,18,28
9,1,2,893,-62.96093882140741,150,0,0,0,10.473362589843271,-0.009830211536609568,0.49616953218355775,1.7772348038852215,0.009898876404494382,0.002920782982982928,0.5785543918609619,0.011679687537252903,0.5432813763618469,0.22275298833847046,1,110.83325958251953,-11.957180976867676,-6.410196781158447,53.33638247012795,2.513671875,0,0.20666666666666667,31,21,24,23,24,27
10,2,3,1043,-80.57462471297441,150,0,0,0,22.22865522179641,-0.003901318123098463,0.2312835156917572,1.7658556513488293,0.009797752808988765,0.0011580669574868807,0.784248948097229,0.009820312261581421,0.5475228428840637,0.2266750931739807,1,105.71408081054688,-0.7453166842460632,-6.82483434677124,50.125611709257925,0.84326171875,2,0.22,25,15,33,25,25,27
11,2,3,1193,-91.0077988103875,150,0,0,0,21.189281314287122,-0.003901318123098463,0.2312835156917572,1.7658556513488293,0.009797752808988765,0.0011580669574868807,0.784248948097229,0.009820312261581421,0.5475228428840637,0.2266750931739807,1,104.23921203613281,-3.04331111907959,-6.235016822814941,50.69916453125617,2.943359375,2,0.25333333333333335,23,25,38,18,22,24
12,2,3,1343,-80.40275451013434,150,0,0,0,20.739982085651203,-0.003901318123098463,0.2312835156917572,1.7658556513488293,0.009797752808988765,0.0011580669574868807,0.784248948097229,0.009820312261581421,0.5475228428840637,0.2266750931739807,1,104.14984893798828,-3.800747871398926,-6.601047039031982,45.502972364854095,1.9306640625,5,0.24,22,18,34,19,21,36
13,2,3,1493,-180.5161018104427,150,0,0,0,29.30515939636503,-0.003901318123098463,0.2312835156917572,1.7658556513488293,0.009797752808988765,0.0011580669574868807,0.784248948097229,0.009820312261581421,0.5475228428840637,0.2266750931739807,1,107.0698013305664,7.437387943267822,-9.622925758361816,55.72623442977145,0.27197265625,2,0.2866666666666667,26,14,43,26,21,20
14,3,4,1562,-114.94559770293193,69,0,1,0,24.00433789739416,-0.00829855352640152,0.24040901334956288,1.7481211572885513,0.009696629213483146,0.0033782976388465613,0.44777363538742065,0.009410155937075615,0.5498465299606323,0.25620338320732117,0,94.0663833618164,-15.493395805358887,-4.5730299949646,23.61968634251703,0.10247802734375,3,0.18840579710144928,11,10,10,13,12,13
15,3,4,1712,-57.908796586918406,150,0,0,0,25.720217564746584,-0.00829855352640152,0.24040901334956288,1.7481211572885513,0.009696629213483146,0.0033782976388465613,0.44777363538742065,0.009410155937075615,0.5498465299606323,0.25620338320732117,1,105.66487884521484,3.529503345489502,-5.494533538818359,52.163171211863784,2.1015625,2,0.23333333333333334,24,11,35,23,24,33
16,3,4,1862,-40.7151161469736,150,0,0,0,22.52497324451225,-0.00829855352640152,0.24040901334956288,1.7481211572885513,0.009696629213483146,0.0033782976388465613,0.44777363538742065,0.009410155937075615,0.5498465299606323,0.25620338320732117,1,103.69124603271484,-1.4479687213897705,-3.489705801010132,48.18826105845753,1.98828125,5,0.23333333333333334,22,17,33,18,25,35
17,4,5,2012,-71.80052670892663,150,0,0,0,17.024144963671695,-0.01856476766988635,0.7125242557376623,1.7503628358244896,0.009595505617977527,0.009712347244203556,0.20873546600341797,0.009878906421363354,0.5422083735466003,0.2412842959165573,1,106.2125244140625,-6.586638927459717,-1.7221559286117554,48.938924821482935,3.318359375,5,0.25333333333333335,25,13,25,21,28,38
18,4,5,2026,-104.76327344577021,14,0,1,0,33.43700739531081,-0.01856476766988635,0.7125242557376623,1.7503628358244896,0.009595505617977527,0.009712347244203556,0.20873546600341797,0.009878906421363354,0.5422083735466003,0.2412842959165573,0,85.41299438476562,-10.570016860961914,-2.430402994155884,5.420451373181446,2.619140625,2,0.42857142857142855,0,0,6,1,3,4
19,4,5,2176,-106.18026131031061,150,0,0,0,28.701875227756126,-0.01856476766988635,0.7125242557376623,1.7503628358244896,0.009595505617977527,0.009712347244203556,0.20873546600341797,0.009878906421363354,0.5422083735466003,0.2412842959165573,1,102.63944244384766,5.3142290115356445,-4.5655903816223145,50.66881965830631,3.09765625,2,0.2733333333333333,19,15,41,20,24,31
20,4,5,2326,-35.038190082591285,150,0,0,0,15.844725576859501,-0.01856476766988635,0.7125242557376623,1.7503628358244896,0.009595505617977527,0.009712347244203556,0.20873546600341797,0.009878906421363354,0.5422083735466003,0.2412842959165573,1,105.26564025878906,-9.291516304016113,-3.3609066009521484,48.0812856918537,1.9111328125,5,0.24666666666666667,24,22,29,16,22,37
21,4,5,2386,-131.7785194539028,60,0,0,1,33.636161461778634,-0.01856476766988635,0.7125242557376623,1.7503628358244896,0.009595505617977527,0.009712347244203556,0.20873546600341797,0.009878906421363354,0.5422083735466003,0.2412842959165573,0,90.8007583618164,0.9557569622993469,-0.7161605358123779,22.818389846489975,1.5654296875,2,0.36666666666666664,7,2,22,4,12,13
22,4,5,2462,-134.83965645934862,76,0,0,1,26.589735913770628,-0.01856476766988635,0.7125242557376623,1.7503628358244896,0.009595505617977527,0.009712347244203556,0.20873546600341797,0.009878906421363354,0.5422083735466003,0.2412842959165573,0,94.6216049194336,-6.149325370788574,-0.5992661714553833,23.42666163996081,0.74951171875,5,0.3157894736842105,11,4,15,7,15,24
23,5,6,2612,-33.184638231435414,150,0,0,0,19.424454812805426,-0.006692034425213933,0.24885277776047587,1.757659737020731,0.00949438202247191,0.003570564127585385,0.06193572282791138,0.010285155847668648,0.5456771850585938,0.24005882441997528,1,111.82865905761719,-0.5498169660568237,-3.714878797531128,53.685539233714,2.732421875,2,0.26,32,19,39,12,20,28
24,5,6,2628,-104.72500428851521,16,0,1,0,30.203168285252097,-0.006692034425213933,0.24885277776047587,1.757659737020731,0.00949438202247191,0.003570564127585385,0.06193572282791138,0.010285155847668648,0.5456771850585938,0.24005882441997528,0,88.13600158691406,-13.33616828918457,-1.4437923431396484,6.46841426577256,0.79248046875,4,0.3125,4,2,4,0,5,1
25,5,6,2778,-77.34612654567522,150,0,0,0,15.778834619881783,-0.006692034425213933,0.24885277776047587,1.757659737020731,0.00949438202247191,0.003570564127585385,0.06193572282791138,0.010285155847668648,0.5456771850585938,0.24005882441997528,1,108.51776885986328,-6.879216194152832,-6.985967636108398,53.58704244488734,1.5859375,2,0.22,28,20,33,22,22,25
26,5,6,2928,-54.23677071244904,150,0,0,0,6.899489711438833,-0.006692034425213933,0.24885277776047587,1.757659737020731,0.00949438202247191,0.003570564127585385,0.06193572282791138,0.010285155847668648,0.5456771850585938,0.24005882441997528,1,115.74370574951172,-13.584277153015137,-6.722116470336914,57.52658282579522,2.98046875,0,0.25333333333333335,38,26,29,15,16,26
27,6,7,3078,-99.90537053793727,150,0,0,0,14.08099973341683,-0.009925117337843403,0.5376623328775167,1.7440440729260445,0.009393258426966292,0.004542055893580255,0.5649096965789795,0.007730468641966581,0.5482797026634216,0.2494170367717743,1,109.30184173583984,-8.623200416564941,-7.292953968048096,52.88911642178451,2.974609375,2,0.2,29,22,30,21,20,28
28,6,7,3171,-189.4617366566834,93,0,0,1,24.28445183894034,-0.009925117337843403,0.5376623328775167,1.7440440729260445,0.009393258426966292,0.004542055893580255,0.5649096965789795,0.007730468641966581,0.5482797026634216,0.2494170367717743,0,94.70159149169922,-16.979562759399414,-10.34902286529541,32.20680002424336,2.9765625,1,0.23655913978494625,11,22,19,17,7,17
29,6,7,3246,-171.35090373802092,75,0,0,1,21.446178787348483,-0.009925117337843403,0.5376623328775167,1.7440440729260445,0.009393258426966292,0.004542055893580255,0.5649096965789795,0.007730468641966581,0.5482797026634216,0.2494170367717743,0,97.65487670898438,-16.43128204345703,-10.012821197509766,24.76911675870014,3.95703125,0,0.2,15,15,14,14,4,13
30,6,7,3396,-110.54553021339706,150,0,0,0,10.292344128985178,-0.009925117337843403,0.5376623328775167,1.7440440729260445,0.009393258426966292,0.004542055893580255,0.5649096965789795,0.007730468641966581,0.5482797026634216,0.2494170367717743,1,116.27825927734375,-10.445828437805176,-8.476018905639648,54.53892910928494,2.271484375,0,0.25333333333333335,38,22,28,19,18,25
31,7,8,3546,-104.5323977260584,150,0,0,0,12.659954336058235,-0.012942305678734556,0.14821862312965095,1.701938334852457,0.009292134831460675,0.006129345241788542,0.5319314002990723,0.006566406227648258,0.5596067905426025,0.29703930020332336,1,111.41161346435547,-8.185762405395508,-4.529360771179199,51.095647546337624,2.736328125,5,0.23333333333333334,33,13,22,23,24,35
32,7,8,3696,-27.082005542993688,150,0,0,0,9.487607341131689,-0.012942305678734556,0.14821862312965095,1.701938334852457,0.009292134831460675,0.006129345241788542,0.5319314002990723,0.006566406227648258,0.5596067905426025,0.29703930020332336,1,123.56159973144531,-11.556574821472168,-3.630727767944336,58.54575907668032,1.6240234375,0,0.31333333333333335,47,16,24,13,20,30
33,7,8,3846,-69.29846329807721,150,0,0,0,6.347933825332382,-0.012942305678734556,0.14821862312965095,1.701938334852457,0.009292134831460675,0.006129345241788542,0.5319314002990723,0.006566406227648258,0.5596067905426025,0.29703930020332336,1,116.09396362304688,-13.766786575317383,-6.128955364227295,55.422399203073454,2.978515625,0,0.26,39,20,25,16,17,33
34,7,8,3996,-47.46873880377335,150,0,0,0,12.824866289531828,-0.012942305678734556,0.14821862312965095,1.701938334852457,0.009292134831460675,0.006129345241788542,0.5319314002990723,0.006566406227648258,0.5596067905426025,0.29703930020332336,1,113.14293670654297,-7.076056957244873,-2.54784893989563,56.829562986784026,0.6533203125,5,0.26,33,20,30,10,18,39
35,8,9,4146,-62.04520952965184,150,0,0,0,6.35146430182964,-0.013814744132105261,0.42727807024493814,1.6785697489976883,0.009191011235955057,0.007841581907996442,0.34596699476242065,0.005101562477648258,0.5612760782241821,0.34000933170318604,1,118.59906005859375,-12.766727447509766,-3.5929951667785645,53.90574207009975,2.255859375,0,0.2733333333333333,41,14,17,22,26,30
36,8,9,4296,-101.05151821312685,150,0,0,0,11.44092779820714,-0.013814744132105261,0.42727807024493814,1.6785697489976883,0.009191011235955057,0.007841581907996442,0.34596699476242065,0.005101562477648258,0.5612760782241821,0.34000933170318604,1,120.84188842773438,-9.251057624816895,-8.074047088623047,59.28479388901533,1.5712890625,0,0.2866666666666667,43,19,27,16,12,33
37,8,9,4355,-85.48595717343876,59,0,1,0,16.94025487415415,-0.013814744132105261,0.42727807024493814,1.6785697489976883,0.009191011235955057,0.007841581907996442,0.34596699476242065,0.005101562477648258,0.5612760782241821,0.34000933170318604,0,101.99053192138672,-13.045882225036621,-4.601467132568359,22.935005447446702,0.65576171875,0,0.3389830508474576,20,6,9,6,7,11
38,8,9,4413,-76.75076761769874,58,0,1,0,17.980423443038433,-0.013814744132105261,0.42727807024493814,1.6785697489976883,0.009191011235955057,0.007841581907996442,0.34596699476242065,0.005101562477648258,0.5612760782241821,0.34000933170318604,0,100.82938385009766,-12.974141120910645,-3.251800060272217,24.025072706546467,0.35546875,0,0.3448275862068966,20,7,10,4,6,11
39,9,10,4563,-26.241789585409062,150,0,0,0,11.117583522991438,-0.013363925769226626,0.390534330625087,1.6673060655593872,0.009089887640449438,0.008684608335897792,0.31451237201690674,0.007566406391561031,0.5521833896636963,0.333963006734848,1,119.06488037109375,-8.542108535766602,-6.436760902404785,57.01492893595014,1.6591796875,0,0.26666666666666666,40,18,31,18,20,23
40,9,10,4713,-84.79839198958649,150,0,0,0,16.41720979910807,-0.013363925769226626,0.390534330625087,1.6673060655593872,0.009089887640449438,0.008684608335897792,0.31451237201690674,0.007566406391561031,0.5521833896636963,0.333963006734848,1,124.10310363769531,-4.161700248718262,-5.837913513183594,59.133863050883676,2.94140625,0,0.31333333333333335,47,16,28,15,19,25
41,9,10,4863,-38.01450543344094,150,0,0,0,14.220555009375495,-0.013363925769226626,0.390534330625087,1.6673060655593872,0.009089887640449438,0.008684608335897792,0.31451237201690674,0.007566406391561031,0.5521833896636963,0.333963006734848,1,131.46087646484375,-16.011558532714844,-5.324946403503418,65.63252387225072,2.181640625,0,0.38666666666666666,58,20,19,16,19,18
42,9,10,4919,-81.73210749596852,56,0,1,0,16.949438684196036,-0.013363925769226626,0.390534330625087,1.6673060655593872,0.009089887640449438,0.008684608335897792,0.31451237201690674,0.007566406391561031,0.5521833896636963,0.333963006734848,0,102.0361328125,-12.773892402648926,-3.9901010990142822,22.94471017874976,1.34375,0,0.39285714285714285,22,7,10,2,3,12
43,9,10,4951,-88.53093089531771,32,0,1,0,23.81343247544054,-0.013363925769226626,0.390534330625087,1.6673060655593872,0.009089887640449438,0.008684608335897792,0.31451237201690674,0.007566406391561031,0.5521833896636963,0.333963006734848,0,94.11996459960938,-16.36113739013672,-4.128362655639648,11.614490262134685,0.3671875,0,0.375,12,4,2,4,2,8
44,10,11,5101,-52.95325176214627,150,0,0,0,12.782627036805476,-0.012055358762154356,0.23728026752360165,1.674906488507986,0.008988764044943821,0.007839744797820458,0.17167603969573975,0.008917968720197678,0.5486915707588196,0.3429550528526306,1,128.07504272460938,-11.51693344116211,-3.6376688480377197,61.883797954074126,0.71142578125,0,0.3466666666666667,52,16,22,19,26,15
45,10,11,5251,-53.928726968933034,150,0,0,0,21.110522393152593,-0.012055358762154356,0.23728026752360165,1.674906488507986,0.008988764044943821,0.007839744797820458,0.17167603969573975,0.008917968720197678,0.5486915707588196,0.3429550528526306,1,123.42520141601562,1.2333488464355469,-4.657975196838379,58.278352550890865,0.7763671875,0,0.30666666666666664,46,12,34,16,21,21
46,10,11,5287,-102.52507269040161,36,0,0,1,26.598935658762567,-0.012055358762154356,0.23728026752360165,1.674906488507986,0.008988764044943821,0.007839744797820458,0.17167603969573975,0.008917968720197678,0.5486915707588196,0.3429550528526306,0,93.67717742919922,-7.948770046234131,-0.8019648194313049,15.259791522675409,1.224609375,2,0.3055555555555556,10,2,11,0,7,6
47,10,11,5437,-74.81601719889838,150,0,0,0,17.933241032885782,-0.012055358762154356,0.23728026752360165,1.674906488507986,0.008988764044943821,0.007839744797820458,0.17167603969573975,0.008917968720197678,0.5486915707588196,0.3429550528526306,1,129.453125,-5.694774150848389,-5.615999698638916,64.59917910635833,1.1513671875,0,0.36666666666666664,55,20,31,13,19,12
48,11,12,5582,-222.87599139928997,145,0,0,1,13.055905189870975,-0.014533255947753787,0.5036403704434633,1.6779567301273346,0.008887640449438202,0.00618691795898485,0.7835985422134399,0.006464843638241291,0.5638560652732849,0.3476489186286926,0,123.68006896972656,-9.81945514678955,-10.103114128112793,59.09640425240264,3.087890625,0,0.32413793103448274,47,16,25,25,17,15
49,11,12,5732,-77.18828430205177,150,0,0,0,12.153929870631544,-0.014533255947753787,0.5036403704434633,1.6779567301273346,0.008887640449438202,0.00618691795898485,0.7835985422134399,0.006464843638241291,0.5638560652732849,0.3476489186286926,1,123.98369598388672,-9.691399574279785,-7.652916431427002,59.784635401516226,1.349609375,0,0.31333333333333335,47,19,24,19,17,24
50,11,12,5835,-159.65766150902093,103,0,0,1,14.081058971991329,-0.014533255947753787,0.5036403704434633,1.6779567301273346,0.008887640449438202,0.00618691795898485,0.7835985422134399,0.006464843638241291,0.5638560652732849,0.3476489186286926,0,117.33106994628906,-7.061215877532959,-10.399195671081543,46.288668672214996,3.4765625,0,0.3786407766990291,39,12,23,16,7,6
51,11,12,5985,-63.010106271917664,150,0,0,0,21.58454761144099,-0.014533255947753787,0.5036403704434633,1.6779567301273346,0.008887640449438202,0.00618691795898485,0.7835985422134399,0.006464843638241291,0.5638560652732849,0.3476489186286926,1,132.5644989013672,-3.499438762664795,-5.29749059677124,66.7986400910349,2.763671875,0,0.3933333333333333,59,13,26,16,19,17
52,12,13,6117,-196.3268953886771,132,0,0,1,16.68204353393178,-0.013625960214994848,0.5034907283261418,1.6864574179053307,0.008786516853932584,0.006314696023764554,0.8659003973007202,0.004660156089812517,0.5698704123497009,0.3110523819923401,0,131.77557373046875,-13.380633354187012,-10.0556058883667,58.945132704819855,0.9453125,0,0.4318181818181818,57,17,19,16,7,16
53,12,13,6205,-91.31175906267369,88,0,0,1,10.553479947411153,-0.013625960214994848,0.5034907283261418,1.6864574179053307,0.008786516853932584,0.006314696023764554,0.8659003973007202,0.004660156089812517,0.5698704123497009,0.3110523819923401,0,118.2282943725586,-8.693273544311523,-0.942933976650238,40.98320871019861,1.0361328125,0,0.4659090909090909,41,9,15,2,13,8
54,12,13,6355,-143.5539635673875,150,0,0,0,14.474135134496423,-0.013625960214994848,0.5034907283261418,1.6864574179053307,0.008786516853932584,0.006314696023764554,0.8659003973007202,0.004660156089812517,0.5698704123497009,0.3110523819923401,1,130.93092346191406,-17.08267593383789,-8.666949272155762,66.01828074429055,1.30078125,0,0.36666666666666664,55,27,24,19,16,9
55,13,14,6505,-81.32173992157549,150,0,0,0,12.691285788450012,-0.012643731257412583,0.37855273159220815,1.6448629721999168,0.008685393258426967,0.00648917615035316,0.8417870998382568,0.005617187358438969,0.5652735829353333,0.3182727098464966,1,128.91360473632812,-23.460172653198242,-7.121357440948486,62.84989092174242,1.7109375,0,0.36,54,26,18,15,14,23
56,13,14,6655,-133.5475278802644,150,0,0,0,8.960012649772164,-0.012643731257412583,0.37855273159220815,1.6448629721999168,0.008685393258426967,0.00648917615035316,0.8417870998382568,0.005617187358438969,0.5652735829353333,0.3182727098464966,1,123.98385620117188,-16.425556182861328,-8.889962196350098,59.73060168967913,2.9765625,0,0.31333333333333335,47,23,25,19,16,20
57,13,14,6805,-78.17588940243938,150,0,0,0,7.115456943498201,-0.012643731257412583,0.37855273159220815,1.6448629721999168,0.008685393258426967,0.00648917615035316,0.8417870998382568,0.005617187358438969,0.5652735829353333,0.3182727098464966,1,119.97541809082031,-12.497031211853027,-4.722661972045898,60.01427205793101,2.943359375,0,0.28,42,22,27,17,23,19
58,13,14,6955,-67.33158948232452,150,0,0,0,10.490519176132361,-0.012643731257412583,0.37855273159220815,1.6448629721999168,0.008685393258426967,0.00648917615035316,0.8417870998382568,0.005617187358438969,0.5652735829353333,0.3182727098464966,1,123.95203399658203,-10.853612899780273,-5.177480697631836,59.55302298588773,3.470703125,0,0.31333333333333335,47,20,25,16,19,23
59,14,15,7105,-26.998527315980798,150,0,0,0,13.709864143276569,-0.008810195897240192,0.19423932675272226,1.6480581015348434,0.008584269662921348,0.0034670053742047457,0.7993725538253784,0.0059960936196148396,0.5648812055587769,0.380150705575943,1,123.30902862548828,-6.503769874572754,-3.4277148246765137,55.94384927624616,0.7041015625,0,0.3,45,16,30,10,18,31
60,14,15,7255,-63.72205850939076,150,0,0,0,24.55577492073523,-0.008810195897240192,0.19423932675272226,1.6480581015348434,0.008584269662921348,0.0034670053742047457,0.7993725538253784,0.0059960936196148396,0.5648812055587769,0.380150705575943,1,132.3246307373047,0.7186895608901978,-3.8210606575012207,63.95135362444359,2.146484375,0,0.3933333333333333,59,13,29,9,18,22
61,14,15,7405,-75.39129683432652,150,0,0,0,22.49063176430211,-0.008810195897240192,0.19423932675272226,1.6480581015348434,0.008584269662921348,0.0034670053742047457,0.7993725538253784,0.0059960936196148396,0.5648812055587769,0.380150705575943,1,128.277587890625,0.8436169624328613,-3.071058511734009,61.475192457554265,1.9736328125,0,0.35333333333333333,53,14,30,7,15,31
62,15,16,7555,-26.487137510682846,150,0,0,0,14.338874227117596,-0.005776012898422778,0.22541779442690313,1.6026761308312416,0.00848314606741573,0.004176076421572361,0.5842189192771912,0.005648437421768904,0.5639045238494873,0.3998071253299713,1,130.78494262695312,-13.12450885772705,-3.963266611099243,62.619931107305774,2.654296875,0,0.36666666666666664,55,23,24,8,16,24
63,15,16,7705,-18.922142471459825,150,0,0,0,15.393815410089402,-0.005776012898422778,0.22541779442690313,1.6026761308312416,0.00848314606741573,0.004176076421572361,0.5842189192771912,0.005648437421768904,0.5639045238494873,0.3998071253299713,1,126.9700698852539,-6.709929943084717,-3.4333200454711914,62.533037400648354,2.93359375,0,0.34,51,20,29,10,20,20
64,15,16,7855,-24.59236244740486,150,0,0,0,17.289655905756394,-0.005776012898422778,0.22541779442690313,1.6026761308312416,0.00848314606741573,0.004176076421572361,0.5842189192771912,0.005648437421768904,0.5639045238494873,0.3998071253299713,1,134.6091766357422,-15.175114631652832,-3.1078996658325195,66.00729748073955,2.689453125,0,0.4,60,19,19,9,16,27
65,15,16,7924,-95.66379502677475,69,0,1,0,15.365892087368472,-0.005776012898422778,0.22541779442690313,1.6026761308312416,0.00848314606741573,0.004176076421572361,0.5842189192771912,0.005648437421768904,0.5639045238494873,0.3998071253299713,0,103.4681396484375,-13.623537063598633,-4.64151668548584,26.540882890412075,0.509765625,0,0.3188405797101449,22,10,14,4,7,12
66,16,17,8074,-42.28166270799453,150,0,0,0,19.169121863338688,-0.02176775794941932,0.19986504106782377,1.5791128799319267,0.008382022471910113,0.008345687019755132,0.8546735048294067,0.005671875085681677,0.5618554949760437,0.4251650869846344,1,136.71800231933594,-20.847103118896484,-5.166961193084717,69.0425442605661,2.173828125,0,0.4266666666666667,64,23,20,10,14,19
67,16,17,8224,-47.78226110677102,150,0,0,0,23.56868270813748,-0.02176775794941932,0.19986504106782377,1.5791128799319267,0.008382022471910113,0.008345687019755132,0.8546735048294067,0.005671875085681677,0.5618554949760437,0.4251650869846344,1,139.6902313232422,-10.43893814086914,-3.7051329612731934,66.72740629652662,2.076171875,0,0.44666666666666666,67,15,21,11,19,17
68,16,17,8267,-82.48815379564026,43,0,1,0,17.778475411016313,-0.02176775794941932,0.19986504106782377,1.5791128799319267,0.008382022471910113,0.008345687019755132,0.8546735048294067,0.005671875085681677,0.5618554949760437,0.4251650869846344,0,100.60342407226562,-14.506570816040039,-4.168636798858643,19.77892361775741,0.19384765625,0,0.4418604651162791,19,5,5,4,3,7
69,16,17,8417,-60.062156717722345,150,0,0,0,19.047427518767602,-0.02176775794941932,0.19986504106782377,1.5791128799319267,0.008382022471910113,0.008345687019755132,0.8546735048294067,0.005671875085681677,0.5618554949760437,0.4251650869846344,1,136.20455932617188,-23.762537002563477,-2.6900134086608887,65.13600550158665,0.76513671875,0,0.41333333333333333,62,24,14,10,19,21
70,17,18,8567,-53.0678582447084,150,0,0,0,27.683655869984502,-0.016268456616671756,0.3225898174569011,1.5559876263141632,0.008280898876404494,0.0058008025225717574,0.6885778903961182,0.004230468533933163,0.5690279006958008,0.4077042043209076,1,145.0673828125,-14.684959411621094,-1.7513939142227173,73.3392467555606,1.96484375,0,0.4866666666666667,73,14,17,11,21,14
71,17,18,8717,-64.24329011038968,150,0,0,0,26.673521837729613,-0.016268456616671756,0.3225898174569011,1.5559876263141632,0.008280898876404494,0.0058008025225717574,0.6885778903961182,0.004230468533933163,0.5690279006958008,0.4077042043209076,1,143.3435821533203,-11.607269287109375,-4.29373025894165,73.22437151415603,2.994140625,0,0.47333333333333333,71,17,21,11,16,14
72,17,18,8767,-85.27258480324853,50,0,1,0,17.97633125737668,-0.016268456616671756,0.3225898174569011,1.5559876263141632,0.008280898876404494,0.0058008025225717574,0.6885778903961182,0.004230468533933163,0.5690279006958008,0.4077042043209076,0,100.8229751586914,-13.13238525390625,-4.236484050750732,18.880904901786472,0.144775390625,0,0.38,19,5,10,3,4,9
73,17,18,8917,-79.62624118308044,150,0,0,0,18.814484553592756,-0.016268456616671756,0.3225898174569011,1.5559876263141632,0.008280898876404494,0.0058008025225717574,0.6885778903961182,0.004230468533933163,0.5690279006958008,0.4077042043209076,1,136.3394775390625,-17.77155876159668,-5.668140888214111,66.01914928127066,2.25390625,0,0.42,63,20,20,15,19,13
74,17,18,8944,-83.60211106420701,27,0,1,0,22.534947358135387,-0.016268456616671756,0.3225898174569011,1.5559876263141632,0.008280898876404494,0.0058008025225717574,0.6885778903961182,0.004230468533933163,0.5690279006958008,0.4077042043209076,0,95.44195556640625,-15.898944854736328,-3.2805399894714355,12.403543148330478,1.2666015625,0,0.48148148148148145,13,5,4,1,3,1
75,18,19,9094,-55.20015210327307,150,0,0,0,18.14950788144494,-0.016235118702752516,0.38018848234787583,1.4934165701270103,0.008179775280898877,0.007208492133941036,0.6749889850616455,0.002707031322643161,0.5799464583396912,0.4857564866542816,1,135.6053466796875,-15.816991806030273,-3.714866876602173,68.79300377923826,1.234375,0,0.4066666666666667,61,27,23,8,17,14
76,18,19,9148,-89.52311738264974,54,0,1,0,20.473109829247345,-0.016235118702752516,0.38018848234787583,1.4934165701270103,0.008179775280898877,0.007208492133941036,0.6749889850616455,0.002707031322643161,0.5799464583396912,0.4857564866542816,0,100.01323699951172,-8.936995506286621,-1.4531437158584595,21.728149761733082,0.67626953125,0,0.3333333333333333,18,3,11,3,9,10
77,18,19,9298,-32.717471353930605,150,0,0,0,19.20385332528972,-0.016235118702752516,0.38018848234787583,1.4934165701270103,0.008179775280898877,0.007208492133941036,0.6749889850616455,0.002707031322643161,0.5799464583396912,0.4857564866542816,1,136.9362335205078,-18.92525863647461,-4.008078098297119,68.10213551459728,2.087890625,0,0.42,63,19,16,15,21,16
78,18,19,9448,-97.70995227939947,150,0,0,0,10.508003813143938,-0.016235118702752516,0.38018848234787583,1.4934165701270103,0.008179775280898877,0.007208492133941036,0.6749889850616455,0.002707031322643161,0.5799464583396912,0.4857564866542816,1,127.82255554199219,-19.300352096557617,-6.001261234283447,63.249862115989814,2.943359375,0,0.3466666666666667,52,27,19,17,21,14
79,19,20,9510,-68.41337253909819,62,0,1,0,12.98465215411368,-0.017484306066762656,0.14441874099429697,1.4394085183739662,0.008078651685393259,0.005214629283727845,0.8516664505004883,0.0026914062909781933,0.5796043276786804,0.467132031917572,0,105.49970245361328,-14.762740135192871,-2.6248984336853027,28.588741181851816,0.491943359375,0,0.41935483870967744,26,10,10,2,6,8
80,19,20,9660,-63.8021928516885,150,0,0,0,27.593381962727797,-0.017484306066762656,0.14441874099429697,1.4394085183739662,0.008078651685393259,0.005214629283727845,0.8516664505004883,0.0026914062909781933,0.5796043276786804,0.467132031917572,1,145.24087524414062,-17.946306228637695,-5.189356803894043,76.24711350800817,1.7626953125,0,0.5,75,19,15,16,16,9
81,19,20,9810,-57.70391844682466,150,0,0,0,19.58251806512156,-0.017484306066762656,0.14441874099429697,1.4394085183739662,0.008078651685393259,0.005214629283727845,0.8516664505004883,0.0026914062909781933,0.5796043276786804,0.467132031917572,1,135.29190063476562,-11.057062149047852,-6.512216567993164,71.44810959895182,2.943359375,0,0.4266666666666667,64,18,24,15,13,16
82,19,20,9960,-62.69582413646113,150,0,0,0,25.977856999254644,-0.017484306066762656,0.14441874099429697,1.4394085183739662,0.008078651685393259,0.005214629283727845,0.8516664505004883,0.0026914062909781933,0.5796043276786804,0.467132031917572,1,143.48687744140625,-18.186737060546875,-6.471764087677002,71.61164108938152,2.77734375,0,0.4866666666666667,73,20,17,10,8,22
83,20,21,10110,-38.66759392930328,150,0,0,0,18.462583825836816,-0.01705350901465863,0.4099791147746146,1.4837412312626839,0.00797752808988764,0.008000007786904462,0.7762840986251831,0.00232812506146729,0.5815221667289734,0.4373956620693207,1,136.13316345214844,-17.261919021606445,-3.2188663482666016,72.81573647870012,2.5703125,0,0.4266666666666667,64,24,22,11,17,12
84,20,21,10240,-108.09965411552842,130,0,1,0,21.315509810305326,-0.01705350901465863,0.4099791147746146,1.4837412312626839,0.00797752808988764,0.008000007786904462,0.7762840986251831,0.00232812506146729,0.5815221667289734,0.4373956620693207,0,136.0266876220703,-8.166980743408203,-1.4376860857009888,67.48684231294506,0.89697265625,0,0.49230769230769234,64,15,25,6,15,5
85,20,21,10390,-61.43296802278418,150,0,0,0,23.551176585031218,-0.01705350901465863,0.4099791147746146,1.4837412312626839,0.00797752808988764,0.008000007786904462,0.7762840986251831,0.00232812506146729,0.5815221667289734,0.4373956620693207,1,140.25747680664062,-12.197700500488281,-1.737744927406311,74.54376120580328,1.630859375,0,0.46,69,23,26,6,16,10
86,20,21,10499,-114.95738727023598,109,0,0,1,15.312277206788696,-0.01705350901465863,0.4099791147746146,1.4837412312626839,0.00797752808988764,0.008000007786904462,0.7762840986251831,0.00232812506146729,0.5815221667289734,0.4373956620693207,0,130.24266052246094,-10.518123626708984,-0.5387035608291626,56.607347831589486,1.822265625,0,0.5137614678899083,56,9,16,5,13,10
87,21,22,10592,121.26255407199535,93,1,0,0,1.8985770072259445,-0.013166880293283612,1.2059359513223171,1.3662102706730366,0.007876404494382021,0.004820632868359098,0.2819436192512512,0.002921875100582838,0.57837975025177,0.49354344606399536,0,119.1112289428711,-18.471837997436523,-4.203522682189941,45.79082133254035,1.5400390625,0,0.45161290322580644,42,15,10,9,10,7
88,21,22,10683,120.07088723454663,91,1,0,0,1.893427086385195,-0.013166880293283612,1.2059359513223171,1.3662102706730366,0.007876404494382021,0.004820632868359098,0.2819436192512512,0.002921875100582838,0.57837975025177,0.49354344606399536,0,117.37156677246094,-18.041650772094727,-4.566052436828613,44.222988112745234,2.943359375,0,0.43956043956043955,40,15,12,8,8,8
89,21,22,10729,-84.35684933024407,46,0,1,0,16.950294222127578,-0.013166880293283612,1.2059359513223171,1.3662102706730366,0.007876404494382021,0.004820632868359098,0.2819436192512512,0.002921875100582838,0.57837975025177,0.49354344606399536,0,101.85122680664062,-13.424756050109863,-4.677018642425537,20.80318817518378,0.44140625,0,0.4782608695652174,22,5,7,3,1,8
90,21,22,10804,-66.41087090877681,75,0,1,0,3.0023019667787554,-0.013166880293283612,1.2059359513223171,1.3662102706730366,0.007876404494382021,0.004820632868359098,0.2819436192512512,0.002921875100582838,0.57837975025177,0.49354344606399536,0,114.86737060546875,-18.245708465576172,-3.2196218967437744,39.5381084172615,0.489013671875,0,0.49333333333333335,37,15,10,4,7,2
91,21,22,10954,-97.07435687024008,150,0,0,0,25.62413794532552,-0.013166880293283612,1.2059359513223171,1.3662102706730366,0.007876404494382021,0.004820632868359098,0.2819436192512512,0.002921875100582838,0.57837975025177,0.49354344606399536,1,137.10470581054688,-3.3145837783813477,-8.926548957824707,69.02713368099215,0.11004638671875,0,0.4266666666666667,64,15,25,18,11,17
92,22,23,11104,-95.52374222528147,150,0,0,0,31.091943514758675,-0.014503951562801376,0.8342503039166331,1.4431963562965393,0.007775280898876405,0.0073831570844049565,0.36694788932800293,0.0037460937164723873,0.5732958912849426,0.42847350239753723,1,148.59188842773438,-22.02699089050293,-5.631640911102295,78.79350352970341,2.333984375,0,0.52,78,22,15,14,13,8
93,22,23,11141,-82.18885962406384,37,0,1,0,18.017719054510508,-0.014503951562801376,0.8342503039166331,1.4431963562965393,0.007775280898876405,0.0073831570844049565,0.36694788932800293,0.0037460937164723873,0.5732958912849426,0.42847350239753723,0,100.83184051513672,-13.010723114013672,-4.389662265777588,19.01980131692475,0.2105712890625,0,0.5675675675675675,21,3,6,4,2,1
94,22,23,11291,-34.507286885063166,150,0,0,0,14.718408760994954,-0.014503951562801376,0.8342503039166331,1.4431963562965393,0.007775280898876405,0.0073831570844049565,0.36694788932800293,0.0037460937164723873,0.5732958912849426,0.42847350239753723,1,132.3373565673828,-19.67398452758789,-4.898951530456543,66.5004891118273,0.8251953125,0,0.38,57,27,19,14,18,15
95,22,23,11366,150.77107695620657,75,1,0,0,1.8749868966651702,-0.014503951562801376,0.8342503039166331,1.4431963562965393,0.007775280898876405,0.0073831570844049565,0.36694788932800293,0.0037460937164723873,0.5732958912849426,0.42847350239753723,0,117.8604736328125,-17.19287109375,-3.338977098464966,38.89038489883522,1.2998046875,0,0.5333333333333333,40,11,8,3,5,8
96,23,24,11516,-25.758644010289558,150,0,0,0,16.456114425062072,-0.0071953497536014766,0.7001180415973067,1.454510685056448,0.007674157303370786,0.004796458058990538,0.4126364588737488,0.0033203125931322575,0.5748500823974609,0.4547547996044159,1,134.08963012695312,-20.988529205322266,-3.4427690505981445,68.29687387883315,1.79296875,0,0.3933333333333333,59,27,17,13,19,15
97,23,24,11666,-10.26238089541302,150,0,0,0,13.662044216981423,-0.0071953497536014766,0.7001180415973067,1.454510685056448,0.007674157303370786,0.004796458058990538,0.4126364588737488,0.0033203125931322575,0.5748500823974609,0.4547547996044159,1,131.389892578125,-18.187482833862305,-3.227670907974243,67.47032897375394,2.96875,0,0.37333333333333335,56,28,24,8,15,19
98,23,24,11730,-79.39963359447168,64,0,1,0,7.420509732057019,-0.0071953497536014766,0.7001180415973067,1.454510685056448,0.007674157303370786,0.004796458058990538,0.4126364588737488,0.0033203125931322575,0.5748500823974609,0.4547547996044159,0,110.59524536132812,-18.54534912109375,-4.883820056915283,31.939386812917444,0.57275390625,0,0.484375,31,11,6,6,5,5
99,23,24,11880,-66.90588259574344,150,0,0,0,18.7005219833185,-0.0071953497536014766,0.7001180415973067,1.454510685056448,0.007674157303370786,0.004796458058990538,0.4126364588737488,0.0033203125931322575,0.5748500823974609,0.4547547996044159,1,132.5553436279297,-30.054332733154297,-6.0399370193481445,69.35452843730604,2.943359375,0,0.3933333333333333,59,34,16,12,13,16
100,23,24,11969,139.51092346754604,89,1,0,0,1.915290278120456,-0.0071953497536014766,0.7001180415973067,1.454510685056448,0.007674157303370786,0.004796458058990538,0.4126364588737488,0.0033203125931322575,0.5748500823974609,0.4547547996044159,0,118.57510375976562,-18.661418914794922,-4.690736293792725,45.84295771222208,1.6298828125,0,0.4606741573033708,41,19,15,3,4,7
101,24,25,12119,-49.13153667197605,150,0,0,0,26.08248055043626,-0.022689057048410177,0.11390438675880432,1.466116737574339,0.007573033707865169,0.00803196764900349,0.9502213597297668,0.003152343677356839,0.57548588514328,0.44312453269958496,1,143.23263549804688,-24.448959350585938,-4.426325798034668,73.88596832320596,1.8056640625,0,0.47333333333333333,71,29,16,9,13,12
102,24,25,12269,-88.20861469699626,150,0,0,0,23.125859216909433,-0.022689057048410177,0.11390438675880432,1.466116737574339,0.007573033707865169,0.00803196764900349,0.9502213597297668,0.003152343677356839,0.57548588514328,0.44312453269958496,1,140.2198944091797,-23.741024017333984,-5.832443714141846,75.3052896498113,2.970703125,0,0.46,69,29,20,10,11,11
103,24,25,12419,-27.7484032208975,150,0,0,0,18.618110581160643,-0.022689057048410177,0.11390438675880432,1.466116737574339,0.007573033707865169,0.00803196764900349,0.9502213597297668,0.003152343677356839,0.57548588514328,0.44312453269958496,1,136.16322326660156,-21.725662231445312,-3.813854217529297,71.3924239092113,1.3388671875,0,0.42,63,30,22,9,15,11
104,25,26,12569,-50.06785466456548,150,0,0,0,13.657222722123857,-0.021153457098989747,0.16172840842045844,1.4070626497268677,0.0074719101123595505,0.008543079573428258,0.9376755356788635,0.002749999985098839,0.5787652730941772,0.45799702405929565,1,131.2176513671875,-17.15580940246582,-1.66730535030365,67.03174577483003,2.416015625,0,0.38,57,26,24,7,17,19
105,25,26,12719,-63.67557531276938,150,0,0,0,18.89974132838657,-0.021153457098989747,0.16172840842045844,1.4070626497268677,0.0074719101123595505,0.008543079573428258,0.9376755356788635,0.002749999985098839,0.5787652730941772,0.45799702405929565,1,135.71249389648438,-24.092374801635742,-6.029421329498291,70.39768977938529,2.50390625,0,0.42,63,31,18,10,11,17
106,25,26,12869,-25.191473748320824,150,0,0,0,11.16898727257233,-0.021153457098989747,0.16172840842045844,1.4070626497268677,0.0074719101123595505,0.008543079573428258,0.9376755356788635,0.002749999985098839,0.5787652730941772,0.45799702405929565,1,128.9144744873047,-18.718183517456055,-3.367401361465454,66.89779081642826,1.7958984375,0,0.32,48,39,27,8,20,8
107,26,27,13019,-55.64305330570485,150,0,0,0,10.940412457943719,-0.007215812394861132,1.268912810832262,1.3062787614762783,0.007370786516853933,0.0067795600116369314,0.18600493669509888,0.0025390624068677425,0.5786454677581787,0.4757789969444275,1,128.6442413330078,-18.621501922607422,-2.015789270401001,63.60082951232388,1.8466796875,0,0.34,51,32,24,6,18,19
108,26,27,13063,-77.81960126706176,44,0,1,0,13.403094321323879,-0.007215812394861132,1.268912810832262,1.3062787614762783,0.007370786516853933,0.0067795600116369314,0.18600493669509888,0.0025390624068677425,0.5786454677581787,0.4757789969444275,0,105.29670715332031,-14.343690872192383,-4.552404403686523,26.373258329849154,0.9208984375,0,0.5681818181818182,25,7,8,3,1,0
109,26,27,13153,149.70502260504935,90,1,0,0,1.9768613112612616,-0.007215812394861132,1.268912810832262,1.3062787614762783,0.007370786516853933,0.0067795600116369314,0.18600493669509888,0.0025390624068677425,0.5786454677581787,0.4757789969444275,0,119.71924591064453,-18.80803108215332,-3.050834894180298,43.861937956826985,1.943359375,0,0.45555555555555555,41,18,13,2,8,8
110,26,27,13303,-23.660292838402924,150,0,0,0,14.97350171911241,-0.007215812394861132,1.268912810832262,1.3062787614762783,0.007370786516853933,0.0067795600116369314,0.18600493669509888,0.0025390624068677425,0.5786454677581787,0.4757789969444275,1,132.33218383789062,-22.014015197753906,-4.697208404541016,67.63602904868418,1.1845703125,0,0.36,54,32,22,12,19,11
111,26,27,13336,-75.29458720334787,33,0,1,0,17.95849530113058,-0.007215812394861132,1.268912810832262,1.3062787614762783,0.007370786516853933,0.0067795600116369314,0.18600493669509888,0.0025390624068677425,0.5786454677581787,0.4757789969444275,0,100.71984100341797,-13.36609172821045,-2.610569715499878,18.007719570901966,0.146728515625,0,0.5757575757575758,19,3,5,1,3,2
112,26,27,13367,-73.3229287516305,31,0,1,0,17.610602217634256,-0.007215812394861132,1.268912810832262,1.3062787614762783,0.007370786516853933,0.0067795600116369314,0.18600493669509888,0.0025390624068677425,0.5786454677581787,0.4757789969444275,0,101.31487274169922,-12.764493942260742,-3.6292409896850586,18.042046344852068,1.4072265625,0,0.6451612903225806,20,2,5,1,0,3
113,26,27,13394,-71.4524282926035,27,0,1,0,17.34461353902407,-0.007215812394861132,1.268912810832262,1.3062787614762783,0.007370786516853933,0.0067795600116369314,0.18600493669509888,0.0025390624068677425,0.5786454677581787,0.4757789969444275,0,101.58162689208984,-12.778841018676758,-3.0735182762145996,17.13103457704047,1.4990234375,0,0.7777777777777778,21,1,4,0,0,1
114,26,27,13463,-56.89442346880927,69,0,1,0,3.198419386327871,-0.007215812394861132,1.268912810832262,1.3062787614762783,0.007370786516853933,0.0067795600116369314,0.18600493669509888,0.0025390624068677425,0.5786454677581787,0.4757789969444275,0,115.2290267944336,-17.673919677734375,-4.409505844116211,36.5298243984981,2.94140625,0,0.5362318840579711,37,13,9,4,5,1
115,27,28,13533,-51.47645268850354,70,0,1,0,3.856805641673432,-0.009972091589588672,0.9166408460587263,1.3274077326059341,0.007269662921348314,0.006409425677702529,0.27500438690185547,0.0025312500074505806,0.5828042030334473,0.48130932450294495,0,114.44329071044922,-17.505544662475586,-4.250892162322998,35.43556297139688,0.88720703125,0,0.5142857142857142,36,12,9,3,3,7
116,27,28,13615,147.4393930613964,82,1,0,0,1.6157261244770622,-0.009972091589588672,0.9166408460587263,1.3274077326059341,0.007269662921348314,0.006409425677702529,0.27500438690185547,0.0025312500074505806,0.5828042030334473,0.48130932450294495,0,117.2093276977539,-17.54180335998535,-2.7083332538604736,39.83101845347922,2.501953125,0,0.47560975609756095,39,14,11,2,7,9
117,27,28,13687,-53.41665565226474,72,0,1,0,2.9906010701539887,-0.009972091589588672,0.9166408460587263,1.3274077326059341,0.007269662921348314,0.006409425677702529,0.27500438690185547,0.0025312500074505806,0.5828042030334473,0.48130932450294495,0,114.88387298583984,-18.201684951782227,-2.957188367843628,38.60465364683024,0.3876953125,0,0.5138888888888888,37,11,8,4,7,5
118,27,28,13837,-24.62457892021637,150,0,0,0,8.435081196590026,-0.009972091589588672,0.9166408460587263,1.3274077326059341,0.007269662921348314,0.006409425677702529,0.27500438690185547,0.0025312500074505806,0.5828042030334473,0.48130932450294495,1,124.48345184326172,-24.108688354492188,-3.3735299110412598,63.399585227981156,1.3173828125,0,0.30666666666666664,46,35,25,6,16,22
119,27,28,13925,-81.27455032384148,88,0,1,0,5.544080655236852,-0.009972091589588672,0.9166408460587263,1.3274077326059341,0.007269662921348314,0.006409425677702529,0.27500438690185547,0.0025312500074505806,0.5828042030334473,0.48130932450294495,0,112.54011535644531,-18.972782135009766,-4.878198623657227,38.45026571095433,0.65087890625,0,0.375,33,17,13,8,11,6
120,28,29,14020,-55.99713960726248,95,0,1,0,3.1073877973896415,-0.012871015060227364,1.1667664423584938,1.3826270587742329,0.007168539325842696,0.009902736419462599,0.1372930407524109,0.0032226562034338713,0.5761290788650513,0.4715622663497925,0,114.78622436523438,-18.12015151977539,-3.034242630004883,43.14637976656894,0.491943359375,0,0.37894736842105264,36,18,13,8,14,6
121,28,29,14091,-50.46843718821876,71,0,1,0,2.5347861457919096,-0.012871015060227364,1.1667664423584938,1.3826270587742329,0.007168539325842696,0.009902736419462599,0.1372930407524109,0.0032226562034338713,0.5761290788650513,0.4715622663497925,0,115.5047378540039,-17.900611877441406,-2.7309443950653076,36.7763590366815,1.298828125,0,0.5211267605633803,37,12,9,2,7,4
122,28,29,14181,142.12908939758918,90,1,0,0,1.9542282903762263,-0.012871015060227364,1.1667664423584938,1.3826270587742329,0.007168539325842696,0.009902736419462599,0.1372930407524109,0.0032226562034338713,0.5761290788650513,0.4715622663497925,0,116.68722534179688,-17.55289649963379,-2.304973840713501,39.926847101002316,2.1953125,0,0.43333333333333335,39,14,11,3,9,14
123,28,29,14331,-56.863714656980925,150,0,0,0,18.252242202594186,-0.012871015060227364,1.1667664423584938,1.3826270587742329,0.007168539325842696,0.009902736419462599,0.1372930407524109,0.0032226562034338713,0.5761290788650513,0.4715622663497925,1,134.9475860595703,-25.155776977539062,-3.3428714275360107,69.45357442230416,1.544921875,0,0.38,57,38,20,7,16,12
124,28,29,14426,129.34969632115477,95,1,0,0,1.9647085067230565,-0.012871015060227364,1.1667664423584938,1.3826270587742329,0.007168539325842696,0.009902736419462599,0.1372930407524109,0.0032226562034338713,0.5761290788650513,0.4715622663497925,0,116.51749420166016,-17.9073543548584,-4.027410507202148,42.24620736386742,0.87158203125,0,0.3894736842105263,37,20,14,6,11,7
125,29,30,14513,138.37918995027144,87,1,0,0,1.9837800911429377,-0.0052066037023905665,1.8074540570378304,1.3245758265256882,0.007067415730337078,0.005692128746886738,0.25928598642349243,0.003007812425494194,0.5797037482261658,0.49455738067626953,0,117.43600463867188,-18.036954879760742,-1.3185806274414062,43.19914659946545,1.791015625,0,0.4482758620689655,39,16,13,2,10,7
126,29,30,14604,141.60736713637198,91,1,0,0,1.998077766112347,-0.0052066037023905665,1.8074540570378304,1.3245758265256882,0.007067415730337078,0.005692128746886738,0.25928598642349243,0.003007812425494194,0.5797037482261658,0.49455738067626953,0,119.68856048583984,-18.53830337524414,-3.091804265975952,46.0844938210995,2.9921875,0,0.45054945054945056,41,19,13,5,9,4
127,29,30,14690,148.3471219396674,86,1,0,0,1.9039267332125616,-0.0052066037023905665,1.8074540570378304,1.3245758265256882,0.007067415730337078,0.005692128746886738,0.25928598642349243,0.003007812425494194,0.5797037482261658,0.49455738067626953,0,119.11788940429688,-17.703523635864258,-2.9948134422302246,40.24450775506671,2.451171875,0,0.47674418604651164,41,14,12,1,5,13
128,29,30,14775,147.91874359800613,85,1,0,0,1.945528929816983,-0.0052066037023905665,1.8074540570378304,1.3245758265256882,0.007067415730337078,0.005692128746886738,0.25928598642349243,0.003007812425494194,0.5797037482261658,0.49455738067626953,0,119.5010757446289,-19.117877960205078,-3.8560128211975098,44.34047419575601,3.046875,0,0.4823529411764706,41,16,9,5,6,8
129,29,30,14815,-107.3398877897438,40,0,0,1,21.946473908320797,-0.0052066037023905665,1.8074540570378304,1.3245758265256882,0.007067415730337078,0.005692128746886738,0.25928598642349243,0.003007812425494194,0.5797037482261658,0.49455738067626953,0,100.40689086914062,-5.743222236633301,-0.9971630573272705,20.147577003661144,0.70654296875,0,0.45,18,0,12,0,6,4
130,29,30,14894,-60.02731146310061,79,0,1,0,3.0254482743159863,-0.0052066037023905665,1.8074540570378304,1.3245758265256882,0.007067415730337078,0.005692128746886738,0.25928598642349243,0.003007812425494194,0.5797037482261658,0.49455738067626953,0,114.9141845703125,-18.135908126831055,-3.520799398422241,38.82347210029389,1.5966796875,0,0.46835443037974683,37,13,10,5,8,6
131,29,30,14976,-51.06646259231578,82,0,1,0,3.005662102673774,-0.0052066037023905665,1.8074540570378304,1.3245758265256882,0.007067415730337078,0.005692128746886738,0.25928598642349243,0.003007812425494194,0.5797037482261658,0.49455738067626953,0,114.84394073486328,-18.298120498657227,-3.1113412380218506,39.0357386106935,0.336181640625,0,0.43902439024390244,36,17,13,2,7,7
132,30,31,15067,136.5691953909425,91,1,0,0,1.9132244424310565,-0.010634960082825273,1.55429950915277,1.3269958421587944,0.006966292134831461,0.005430426070233807,0.15751123428344727,0.0026523438282310963,0.5791522860527039,0.4865742027759552,0,116.53099822998047,-17.587854385375977,-3.2237212657928467,42.40368946056073,2.9765625,0,0.4175824175824176,38,19,16,3,9,6
133,30,31,15142,144.43637123463273,75,1,0,0,1.6716841909981544,-0.010634960082825273,1.55429950915277,1.3269958421587944,0.006966292134831461,0.005430426070233807,0.15751123428344727,0.0026523438282310963,0.5791522860527039,0.4865742027759552,0,116.63835144042969,-18.509679794311523,-4.12503719329834,39.39231164186066,2.509765625,0,0.5066666666666667,38,13,8,5,6,5
134,30,31,15202,-52.35772377468664,60,0,1,0,3.8037304775826657,-0.010634960082825273,1.55429950915277,1.3269958421587944,0.006966292134831461,0.005430426070233807,0.15751123428344727,0.0026523438282310963,0.5791522860527039,0.4865742027759552,0,114.19873809814453,-18.326932907104492,-4.146433353424072,33.71482414394827,0.1002197265625,0,0.5833333333333334,35,12,8,0,0,5
135,30,31,15279,-65.18419375363487,77,0,1,0,4.652652634778172,-0.010634960082825273,1.55429950915277,1.3269958421587944,0.006966292134831461,0.005430426070233807,0.15751123428344727,0.0026523438282310963,0.5791522860527039,0.4865742027759552,0,113.53230285644531,-17.44322967529297,-4.123195648193359,37.48382233895556,0.9287109375,0,0.45454545454545453,35,19,14,1,5,3
136,30,31,15358,-50.042355476708124,79,0,1,0,2.56571020019702,-0.010634960082825273,1.55429950915277,1.3269958421587944,0.006966292134831461,0.005430426070233807,0.15751123428344727,0.0026523438282310963,0.5791522860527039,0.4865742027759552,0,115.51717376708984,-17.88239860534668,-3.49430775642395,39.49772257235693,1.9384765625,0,0.46835443037974683,37,15,11,3,6,7
137,30,31,15437,-59.51135657355336,79,0,1,0,2.684166108078551,-0.010634960082825273,1.55429950915277,1.3269958421587944,0.006966292134831461,0.005430426070233807,0.15751123428344727,0.0026523438282310963,0.5791522860527039,0.4865742027759552,0,115.40148162841797,-17.895872116088867,-3.6046948432922363,39.50755791563698,1.8193359375,0,0.46835443037974683,37,13,9,6,8,6
138,31,32,15534,142.8482978551788,97,1,0,0,1.786831618048867,-0.0069345206138677895,1.4746349100023508,1.3421815559267998,0.006865168539325842,0.006110235830419697,0.57640540599823,0.004261718597263098,0.5769457221031189,0.4958438575267792,0,117.3024673461914,-17.359037399291992,-3.426116943359375,44.93208572839514,2.9765625,0,0.3917525773195876,38,20,17,5,11,6
139,31,32,15629,145.38047338914836,95,1,0,0,1.7948188922132593,-0.0069345206138677895,1.4746349100023508,1.3421815559267998,0.006865168539325842,0.006110235830419697,0.57640540599823,0.004261718597263098,0.5769457221031189,0.4958438575267792,0,118.62479400634766,-17.46859359741211,-3.095597982406616,44.97251419976434,2.58984375,0,0.42105263157894735,40,19,14,3,10,9
140,31,32,15698,-55.3736980485082,69,0,1,0,5.7880254671853395,-0.0069345206138677895,1.4746349100023508,1.3421815559267998,0.006865168539325842,0.006110235830419697,0.57640540599823,0.004261718597263098,0.5769457221031189,0.4958438575267792,0,112.17942810058594,-17.729976654052734,-2.16178297996521,37.208207449412626,0.4189453125,0,0.4782608695652174,33,11,10,2,7,6
141,31,32,15785,-66.49947857099356,87,0,1,0,3.0610496772787674,-0.0069345206138677895,1.4746349100023508,1.3421815559267998,0.006865168539325842,0.006110235830419697,0.57640540599823,0.004261718597263098,0.5769457221031189,0.4958438575267792,0,114.75312805175781,-18.60586929321289,-3.4137823581695557,40.79369598259175,0.1197509765625,0,0.42528735632183906,37,16,13,5,10,6
142,31,32,15860,-76.34178107240945,75,0,1,0,6.723511325145627,-0.0069345206138677895,1.4746349100023508,1.3421815559267998,0.006865168539325842,0.006110235830419697,0.57640540599823,0.004261718597263098,0.5769457221031189,0.4958438575267792,0,111.74822998046875,-16.4245548248291,-4.51759672164917,36.66799193729314,0.8896484375,0,0.4266666666666667,32,15,14,3,5,6
143,31,32,15933,153.21957252967314,73,1,0,0,1.7980106417521764,-0.0069345206138677895,1.4746349100023508,1.3421815559267998,0.006865168539325842,0.006110235830419697,0.57640540599823,0.004261718597263098,0.5769457221031189,0.4958438575267792,0,118.34465789794922,-17.33675765991211,-3.075449228286743,39.30757941037164,1.037109375,0,0.547945205479452,40,11,7,4,7,4
144,32,33,16032,137.36671009003396,99,1,0,0,1.9050990456957326,-0.005700887515558861,1.316865360364318,1.3204967118799686,0.0067640449438202245,0.008234988956246525,0.22984492778778076,0.004449218977242708,0.5772174000740051,0.49779364466667175,0,119.43315124511719,-18.145925521850586,-2.834463596343994,45.2024663654403,2.763671875,0,0.40404040404040403,40,16,10,6,11,16
145,32,33,16128,145.86584521847692,96,1,0,0,1.9295386032037964,-0.005700887515558861,1.316865360364318,1.3204967118799686,0.0067640449438202245,0.008234988956246525,0.22984492778778076,0.004449218977242708,0.5772174000740051,0.49779364466667175,0,117.56385040283203,-17.246715545654297,-3.696256160736084,44.77060407323032,1.44140625,0,0.40625,39,14,14,9,14,6
146,32,33,16202,-83.62865484805464,74,0,0,1,9.322218743473718,-0.005700887515558861,1.316865360364318,1.3204967118799686,0.0067640449438202245,0.008234988956246525,0.22984492778778076,0.004449218977242708,0.5772174000740051,0.49779364466667175,0,115.29388427734375,-10.326677322387695,-0.7514694929122925,37.66729459472072,1.611328125,0,0.4864864864864865,36,4,10,4,11,9
147,32,33,16352,-34.61762812121833,150,0,0,0,25.755720507183575,-0.005700887515558861,1.316865360364318,1.3204967118799686,0.0067640449438202245,0.008234988956246525,0.22984492778778076,0.004449218977242708,0.5772174000740051,0.49779364466667175,1,119.34683227539062,-44.741615295410156,-2.7833282947540283,70.23103558268785,1.4267578125,1,0.3333333333333333,39,50,14,8,14,25
148,32,33,16443,-58.68335202016118,91,0,1,0,2.6602692994172314,-0.005700887515558861,1.316865360364318,1.3204967118799686,0.0067640449438202245,0.008234988956246525,0.22984492778778076,0.004449218977242708,0.5772174000740051,0.49779364466667175,0,115.3859634399414,-17.90170669555664,-3.4221298694610596,41.546380962095135,1.076171875,0,0.3956043956043956,36,16,12,7,12,8
149,33,34,16510,-71.82715980827783,67,0,1,0,5.907978133016457,-0.00701944061438553,0.9588567093014717,1.4249818697571754,0.006662921348314607,0.010556589782936499,0.16960829496383667,0.0054765623062849045,0.5738843679428101,0.41534093022346497,0,112.48339080810547,-16.709075927734375,-4.296825885772705,34.742671079612045,1.4326171875,0,0.4925373134328358,33,11,8,4,4,7
150,33,34,16660,-29.065449767189875,150,0,0,0,8.253696058858372,-0.00701944061438553,0.9588567093014717,1.4249818697571754,0.006662921348314607,0.010556589782936499,0.16960829496383667,0.0054765623062849045,0.5738843679428101,0.41534093022346497,1,125.24655151367188,-22.081375122070312,-4.6412200927734375,64.64238626829884,2.2421875,0,0.31333333333333335,47,28,20,17,23,15
151,33,34,16741,145.75989105313857,81,1,0,0,1.8810032259514673,-0.00701944061438553,0.9588567093014717,1.4249818697571754,0.006662921348314607,0.010556589782936499,0.16960829496383667,0.0054765623062849045,0.5738843679428101,0.41534093022346497,0,116.56041717529297,-17.609676361083984,-3.2829434871673584,41.72845493508631,2.125,0,0.4691358024691358,38,16,13,2,6,6
152,33,34,16838,-59.62339582551626,97,0,1,0,2.818809016969407,-0.00701944061438553,0.9588567093014717,1.4249818697571754,0.006662921348314607,0.010556589782936499,0.16960829496383667,0.0054765623062849045,0.5738843679428101,0.41534093022346497,0,115.26534271240234,-17.916086196899414,-3.7018399238586426,45.86529957720017,2.943359375,0,0.36082474226804123,35,22,16,8,12,4
153,33,34,16988,-39.46888257878855,150,0,0,0,14.706719749418356,-0.00701944061438553,0.9588567093014717,1.4249818697571754,0.006662921348314607,0.010556589782936499,0.16960829496383667,0.0054765623062849045,0.5738843679428101,0.41534093022346497,1,132.28529357910156,-20.842845916748047,-4.383947372436523,69.22563234877057,1.89453125,0,0.37333333333333335,56,28,20,11,16,19
154,34,35,17138,-15.080820477458893,150,0,0,0,11.02338095246235,-0.010512859676964581,0.8448277032002807,1.410781342536211,0.006561797752808988,0.0061775146205036435,0.4334411025047302,0.004906250163912773,0.577567458152771,0.44786226749420166,1,115.7343978881836,-29.872610092163086,-3.1328399181365967,64.62624512440073,0.27197265625,0,0.26666666666666666,40,38,22,12,20,18
155,34,35,17228,-66.75717284503693,90,0,1,0,2.998385986023842,-0.010512859676964581,0.8448277032002807,1.410781342536211,0.006561797752808988,0.0061775146205036435,0.4334411025047302,0.004906250163912773,0.577567458152771,0.44786226749420166,0,115.4184341430664,-18.10321617126465,-4.63087272644043,40.057998608055705,2.9609375,0,0.3888888888888889,35,20,13,4,8,10
156,34,35,17318,-52.86851250155006,90,0,1,0,2.8747829288005295,-0.010512859676964581,0.8448277032002807,1.410781342536211,0.006561797752808988,0.0061775146205036435,0.4334411025047302,0.004906250163912773,0.577567458152771,0.44786226749420166,0,115.17606353759766,-17.89410400390625,-2.449201822280884,43.10982537528712,1.6201171875,0,0.4,36,18,15,4,11,6
157,34,35,17399,-74.1807356437348,81,0,1,0,5.974382960693232,-0.010512859676964581,0.8448277032002807,1.410781342536211,0.006561797752808988,0.0061775146205036435,0.4334411025047302,0.004906250163912773,0.577567458152771,0.44786226749420166,0,112.45669555664062,-16.651390075683594,-4.390609264373779,39.14829624540316,1.2841796875,0,0.41975308641975306,34,14,12,7,8,6
158,35,36,17501,132.58209783643258,102,1,0,0,1.848955757527949,-0.0160614755586721,1.1188281122595072,1.4255963414907455,0.0064606741573033704,0.009120181450271048,0.18306946754455566,0.004585937596857548,0.5816822648048401,0.45480766892433167,0,117.21216583251953,-17.272926330566406,-2.863987922668457,47.67259406478422,1.0166015625,0,0.38235294117647056,39,19,18,7,14,5
159,35,36,17606,-107.35885543819752,105,0,0,1,6.788029033419654,-0.0160614755586721,1.1188281122595072,1.4255963414907455,0.0064606741573033704,0.009120181450271048,0.18306946754455566,0.004585937596857548,0.5816822648048401,0.45480766892433167,0,119.9632797241211,-13.030762672424316,-0.7270292639732361,47.446026122387345,0.16357421875,0,0.4,42,14,16,5,16,12
160,35,36,17756,-62.088256670145256,150,0,0,0,6.003985878263986,-0.0160614755586721,1.1188281122595072,1.4255963414907455,0.0064606741573033704,0.009120181450271048,0.18306946754455566,0.004585937596857548,0.5816822648048401,0.45480766892433167,1,122.94197082519531,-16.100337982177734,-3.7397162914276123,62.7278427573153,1.8447265625,0,0.29333333333333333,44,35,31,8,18,14
161,35,36,17840,137.09769233801234,84,1,0,0,1.7731012588131319,-0.0160614755586721,1.1188281122595072,1.4255963414907455,0.0064606741573033704,0.009120181450271048,0.18306946754455566,0.004585937596857548,0.5816822648048401,0.45480766892433167,0,117.20390319824219,-17.350486755371094,-2.930283784866333,40.43806977653651,2.0390625,0,0.4523809523809524,38,14,11,4,9,8
162,35,36,17937,141.47982517160418,97,1,0,0,1.9951440879135547,-0.0160614755586721,1.1188281122595072,1.4255963414907455,0.0064606741573033704,0.009120181450271048,0.18306946754455566,0.004585937596857548,0.5816822648048401,0.45480766892433167,0,117.55879211425781,-17.083003997802734,-2.6372411251068115,45.30898521666216,2.7265625,0,0.3917525773195876,38,18,15,6,12,8
163,36,37,18039,141.53727244253918,102,1,0,0,1.915749307126104,-0.014074727892875671,1.312929105013609,1.4439399987459183,0.006359550561797753,0.007612789897393668,0.06498020887374878,0.0038085938431322575,0.5738598704338074,0.4242468774318695,0,117.15792846679688,-17.261457443237305,-3.4013354778289795,47.08977531235236,2.9921875,0,0.38235294117647056,39,18,17,7,12,9
164,36,37,18145,127.11206995931246,106,1,0,0,1.8404577657045462,-0.014074727892875671,1.312929105013609,1.4439399987459183,0.006359550561797753,0.007612789897393668,0.06498020887374878,0.0038085938431322575,0.5738598704338074,0.4242468774318695,0,117.5208969116211,-17.439655303955078,-2.111137628555298,46.51765899092291,2.498046875,0,0.36792452830188677,39,18,17,7,16,9
165,36,37,18264,96.57513414141498,119,1,0,0,1.945417092813514,-0.014074727892875671,1.312929105013609,1.4439399987459183,0.006359550561797753,0.007612789897393668,0.06498020887374878,0.0038085938431322575,0.5738598704338074,0.4242468774318695,0,118.8868408203125,-17.73118782043457,-2.100818634033203,54.200208624185386,1.7119140625,0,0.3277310924369748,39,24,20,10,21,5
166,36,37,18339,-61.52471590330568,75,0,1,0,2.4572132831912294,-0.014074727892875671,1.312929105013609,1.4439399987459183,0.006359550561797753,0.007612789897393668,0.06498020887374878,0.0038085938431322575,0.5738598704338074,0.4242468774318695,0,115.7248764038086,-17.892301559448242,-3.780358076095581,39.15222284387463,1.005859375,0,0.49333333333333335,37,13,11,4,6,4
167,36,37,18415,-63.0722146476661,76,0,1,0,3.0635814939200974,-0.014074727892875671,1.312929105013609,1.4439399987459183,0.006359550561797753,0.007612789897393668,0.06498020887374878,0.0038085938431322575,0.5738598704338074,0.4242468774318695,0,114.83663177490234,-18.63732147216797,-3.83992075920105,37.90146255529559,0.10015869140625,0,0.47368421052631576,36,12,8,7,9,4
168,37,38,18503,-61.20140123291867,88,0,1,0,2.129900641740698,-0.014326456905109808,0.6619016667827964,1.4992190711200237,0.006258426966292134,0.006430753528547939,0.29733800888061523,0.003937500063329935,0.5736509561538696,0.4192745089530945,0,115.93333435058594,-17.959138870239258,-3.2367467880249023,41.01232247614244,1.1669921875,0,0.42045454545454547,37,11,8,10,14,8
169,37,38,18586,-56.570279389952624,83,0,1,0,2.942009294291221,-0.014326456905109808,0.6619016667827964,1.4992190711200237,0.006258426966292134,0.006430753528547939,0.29733800888061523,0.003937500063329935,0.5736509561538696,0.4192745089530945,0,115.14379119873047,-17.74764060974121,-3.4207890033721924,41.33287707835,0.8935546875,0,0.4457831325301205,37,14,12,5,8,7
170,37,38,18736,-30.466446227185415,150,0,0,0,10.715680848962446,-0.014326456905109808,0.6619016667827964,1.4992190711200237,0.006258426966292134,0.006430753528547939,0.29733800888061523,0.003937500063329935,0.5736509561538696,0.4192745089530945,1,123.64395141601562,-27.90837860107422,-4.1845879554748535,63.373121315949966,1.111328125,0,0.32666666666666666,49,27,14,18,24,18
171,37,38,18863,130.51627425607194,127,1,0,0,1.8169137138898457,-0.014326456905109808,0.6619016667827964,1.4992190711200237,0.006258426966292134,0.006430753528547939,0.29733800888061523,0.003937500063329935,0.5736509561538696,0.4192745089530945,0,118.76752471923828,-18.530498504638672,-4.422842025756836,52.254342489873885,2.708984375,0,0.31496062992125984,40,24,20,10,14,19
172,38,39,19013,-59.656684979509436,150,0,0,0,13.776555828265979,-0.016080457862699404,0.6048263912089169,1.4573266319930553,0.006157303370786517,0.007904507514467696,0.5595040321350098,0.003992187324911356,0.5754802227020264,0.45283254981040955,1,127.19671630859375,-28.7717227935791,-5.42877721786499,69.38762573241091,1.833984375,0,0.32666666666666666,49,37,19,12,14,19
173,38,39,19069,-83.78102211746791,56,0,0,1,15.507915429469168,-0.016080457862699404,0.6048263912089169,1.4573266319930553,0.006157303370786517,0.007904507514467696,0.5595040321350098,0.003992187324911356,0.5754802227020264,0.45283254981040955,0,109.32962799072266,-6.17822265625,-0.9455695152282715,29.308079709118605,1.8125,0,0.5178571428571429,29,1,12,2,9,3
174,38,39,19219,-34.011093999811386,150,0,0,0,8.700315507156452,-0.016080457862699404,0.6048263912089169,1.4573266319930553,0.006157303370786517,0.007904507514467696,0.5595040321350098,0.003992187324911356,0.5754802227020264,0.45283254981040955,1,121.51045989990234,-26.635723114013672,-4.9527740478515625,62.019051216789165,2.994140625,0,0.3,45,29,18,16,19,23
175,38,39,19300,-68.24249840437876,81,0,1,0,2.9624193692761622,-0.016080457862699404,0.6048263912089169,1.4573266319930553,0.006157303370786517,0.007904507514467696,0.5595040321350098,0.003992187324911356,0.5754802227020264,0.45283254981040955,0,114.97797393798828,-18.01296043395996,-2.87359619140625,37.520171077087554,0.8505859375,0,0.4444444444444444,36,12,8,5,9,11
176,38,39,19450,-0.14926443003465906,150,0,0,0,4.198683248631654,-0.016080457862699404,0.6048263912089169,1.4573266319930553,0.006157303370786517,0.007904507514467696,0.5595040321350098,0.003992187324911356,0.5754802227020264,0.45283254981040955,1,114.69043731689453,-21.735830307006836,-3.9650800228118896,57.89906211558112,0.931640625,0,0.24,36,35,27,11,19,22
177,39,40,19558,122.66909632660905,108,1,0,0,1.9287290771715413,-0.017131329281255603,1.313254289329052,1.4911666922271252,0.006056179775280899,0.008292367230751552,0.24122482538223267,0.003566406201571226,0.5741942524909973,0.42303332686424255,0,116.02320098876953,-19.62125587463379,-3.6103556156158447,48.08311808299401,0.62939453125,0,0.35185185185185186,38,19,13,9,13,16
178,39,40,19708,-23.954219011281133,150,0,0,0,8.58450232254006,-0.017131329281255603,1.313254289329052,1.4911666922271252,0.006056179775280899,0.008292367230751552,0.24122482538223267,0.003566406201571226,0.5741942524909973,0.42303332686424255,1,123.73912048339844,-24.93427276611328,-4.755770683288574,62.0472970753406,1.6396484375,0,0.30666666666666664,46,35,24,12,19,14
179,39,40,19741,-73.37645316165501,33,0,1,0,17.96051131424043,-0.017131329281255603,1.313254289329052,1.4911666922271252,0.006056179775280899,0.008292367230751552,0.24122482538223267,0.003566406201571226,0.5741942524909973,0.42303332686424255,0,100.86355590820312,-12.933793067932129,-3.1092264652252197,17.90478791817087,0.416748046875,0,0.6363636363636364,21,3,6,0,1,2
180,39,40,19765,-83.602889699911,24,0,1,0,23.278535431095484,-0.017131329281255603,1.313254289329052,1.4911666922271252,0.006056179775280899,0.008292367230751552,0.24122482538223267,0.003566406201571226,0.5741942524909973,0.42303332686424255,0,94.6966552734375,-15.87041187286377,-3.3854124546051025,10.583717604712598,0.61865234375,0,0.5416666666666666,13,2,1,2,2,4
181,39,40,19860,-72.58598800121646,95,0,1,0,3.0617534888314815,-0.017131329281255603,1.313254289329052,1.4911666922271252,0.006056179775280899,0.008292367230751552,0.24122482538223267,0.003566406201571226,0.5741942524909973,0.42303332686424255,0,114.85427856445312,-18.540464401245117,-2.154019594192505,44.028988564473536,0.10009765625,0,0.3894736842105263,37,16,15,7,16,4
182,39,40,19985,99.10645999535937,125,1,0,0,1.9083003888857124,-0.017131329281255603,1.313254289329052,1.4911666922271252,0.006056179775280899,0.008292367230751552,0.24122482538223267,0.003566406201571226,0.5741942524909973,0.42303332686424255,0,117.11957550048828,-17.47196388244629,-3.8925342559814453,51.82450962790312,2.552734375,0,0.304,38,23,19,13,19,13
183,40,41,20108,135.2448880302284,123,1,0,0,1.824646976105725,-0.028426067379768938,1.0418334994465113,1.4851245321333408,0.005955056179775281,0.008383273263461888,0.3268846869468689,0.0031757813412696123,0.5727356672286987,0.38779616355895996,0,118.80852508544922,-17.61726188659668,-3.4604408740997314,51.475744630124616,2.16796875,0,0.3333333333333333,41,25,23,5,13,16
184,40,41,20140,-78.56047205685063,32,0,1,0,17.826399071040303,-0.028426067379768938,1.0418334994465113,1.4851245321333408,0.005955056179775281,0.008383273263461888,0.3268846869468689,0.0031757813412696123,0.5727356672286987,0.38779616355895996,0,101.09866333007812,-12.70014762878418,-3.3560824394226074,17.828839261380036,0.7802734375,0,0.65625,21,1,5,2,2,1
185,40,41,20222,-52.939432323516044,82,0,1,0,2.795765133849172,-0.028426067379768938,1.0418334994465113,1.4851245321333408,0.005955056179775281,0.008383273263461888,0.3268846869468689,0.0031757813412696123,0.5727356672286987,0.38779616355895996,0,115.24053955078125,-17.893674850463867,-3.4340736865997314,39.36621557635827,0.9140625,0,0.45121951219512196,37,14,10,5,8,8
186,40,41,20372,-21.90836251505289,150,0,0,0,16.968538093366842,-0.028426067379768938,1.0418334994465113,1.4851245321333408,0.005955056179775281,0.008383273263461888,0.3268846869468689,0.0031757813412696123,0.5727356672286987,0.38779616355895996,1,118.23638153076172,-35.97794723510742,-3.7766406536102295,69.41121226828936,0.1815185546875,1,0.32666666666666666,38,49,21,11,19,12
187,40,41,20474,-74.46198195298541,102,0,1,0,7.582091053953046,-0.028426067379768938,1.0418334994465113,1.4851245321333408,0.005955056179775281,0.008383273263461888,0.3268846869468689,0.0031757813412696123,0.5727356672286987,0.38779616355895996,0,110.53538513183594,-21.346948623657227,-3.033080816268921,43.30013257734908,0.81787109375,0,0.30392156862745096,31,23,15,6,10,17
188,41,42,20624,-25.74366851513024,150,0,0,0,5.797595628579889,-0.022029191866749898,0.4058007230050862,1.5355495251715183,0.005853932584269662,0.009667684789747,0.4551054835319519,0.003316406160593033,0.5692358016967773,0.40555816888809204,1,122.94878387451172,-19.528236389160156,-5.530383586883545,58.715814389083214,2.876953125,0,0.3,45,26,21,13,16,29
189,41,42,20741,131.39247401495567,117,1,0,0,1.6903759702635734,-0.022029191866749898,0.4058007230050862,1.5355495251715183,0.005853932584269662,0.009667684789747,0.4551054835319519,0.003316406160593033,0.5692358016967773,0.40555816888809204,0,117.47736358642578,-17.507417678833008,-2.3297171592712402,51.7457470270037,2.66015625,0,0.3247863247863248,38,21,16,9,16,17
190,41,42,20891,-29.605693097615106,150,0,0,0,5.491947996351106,-0.022029191866749898,0.4058007230050862,1.5355495251715183,0.005853932584269662,0.009667684789747,0.4551054835319519,0.003316406160593033,0.5692358016967773,0.40555816888809204,1,123.16349029541016,-19.99338150024414,-3.0113418102264404,60.337780335090464,2.974609375,0,0.3,45,22,16,15,21,31
191,42,43,21018,134.7956945971427,127,1,0,0,1.9889100565208675,-0.011059854063205421,1.0474185775965452,1.502951592206955,0.0057528089887640445,0.006114725234510843,0.24621087312698364,0.0032187500037252903,0.5739485621452332,0.4025610089302063,0,116.5616683959961,-17.452939987182617,-3.172001361846924,49.470001877109446,2.095703125,0,0.2992125984251969,38,20,17,11,17,24
192,42,43,21131,-63.501232337763184,113,0,1,0,3.3702336182826893,-0.011059854063205421,1.0474185775965452,1.502951592206955,0.0057528089887640445,0.006114725234510843,0.24621087312698364,0.0032187500037252903,0.5739485621452332,0.4025610089302063,0,114.65072631835938,-18.400182723999023,-4.1462507247924805,46.935029043964846,0.10113525390625,0,0.3185840707964602,36,19,16,14,17,11
193,42,43,21281,-9.605923640744571,150,0,0,0,6.642836385137442,-0.011059854063205421,1.0474185775965452,1.502951592206955,0.0057528089887640445,0.006114725234510843,0.24621087312698364,0.0032187500037252903,0.5739485621452332,0.4025610089302063,1,124.32088470458984,-18.360118865966797,-2.2414169311523438,66.93665583837425,2.6328125,0,0.31333333333333335,47,30,26,9,18,20
194,42,43,21372,-51.92301836063059,91,0,1,0,2.9051276636271277,-0.011059854063205421,1.0474185775965452,1.502951592206955,0.0057528089887640445,0.006114725234510843,0.24621087312698364,0.0032187500037252903,0.5739485621452332,0.4025610089302063,0,115.09260559082031,-17.905916213989258,-3.271152973175049,43.46735036335404,0.60791015625,0,0.4065934065934066,37,18,14,6,11,5
195,42,43,21488,136.3895390046821,116,1,0,0,1.9939795497135278,-0.011059854063205421,1.0474185775965452,1.502951592206955,0.0057528089887640445,0.006114725234510843,0.24621087312698364,0.0032187500037252903,0.5739485621452332,0.4025610089302063,0,116.42957305908203,-18.42200469970703,-4.357205867767334,50.132995667251684,1.8271484375,0,0.3275862068965517,38,23,19,9,13,14
196,43,44,21592,-74.92434362360622,104,0,1,0,5.814230514169722,-0.015662490550312214,0.829427583143115,1.4794461242854595,0.005651685393258427,0.007062946817313787,0.353316068649292,0.003789062611758709,0.5704062581062317,0.43080148100852966,0,112.47071838378906,-16.944215774536133,-4.2263264656066895,42.94218001215698,1.001953125,0,0.3173076923076923,33,17,15,9,11,19
197,43,44,21742,2.8141982031541666,150,0,0,0,2.2508016392846675,-0.015662490550312214,0.829427583143115,1.4794461242854595,0.005651685393258427,0.007062946817313787,0.353316068649292,0.003789062611758709,0.5704062581062317,0.43080148100852966,1,116.3783187866211,-17.631118774414062,-4.091569900512695,57.08198032188197,1.1748046875,0,0.24666666666666667,37,31,27,13,20,22
198,43,44,21854,144.80774421480314,112,1,0,0,1.8065761181663007,-0.015662490550312214,0.829427583143115,1.4794461242854595,0.005651685393258427,0.007062946817313787,0.353316068649292,0.003789062611758709,0.5704062581062317,0.43080148100852966,0,116.77483367919922,-17.52693748474121,-3.1235804557800293,48.62649454559839,2.515625,0,0.3392857142857143,38,21,16,9,14,14
199,43,44,21989,121.09188937597195,135,1,0,0,1.7868490218145752,-0.015662490550312214,0.829427583143115,1.4794461242854595,0.005651685393258427,0.007062946817313787,0.353316068649292,0.003789062611758709,0.5704062581062317,0.43080148100852966,0,117.59889221191406,-17.445598602294922,-2.1968016624450684,57.43227386282173,2.376953125,0,0.28888888888888886,39,26,24,6,14,26
200,44,45,22091,-66.90708413758644,102,0,1,0,2.7931321525097927,-0.008892843645298854,0.798386693932116,1.4512144587934017,0.005550561797752809,0.0064210231430479325,0.12294590473175049,0.0038164062425494194,0.5672516226768494,0.4375225007534027,0,115.4958724975586,-17.8648624420166,-4.151750087738037,45.56460412347434,2.73828125,0,0.35294117647058826,36,20,15,9,12,10
201,44,45,22194,129.85602083033777,103,1,0,0,1.7342443318147016,-0.008892843645298854,0.798386693932116,1.4512144587934017,0.005550561797752809,0.0064210231430479325,0.12294590473175049,0.0038164062425494194,0.5672516226768494,0.4375225007534027,0,117.64871978759766,-17.305625915527344,-3.0939009189605713,47.89654312021266,2.78515625,0,0.3786407766990291,39,20,17,7,13,7
202,44,45,22326,119.72853916422284,132,1,0,0,1.9163442031059075,-0.008892843645298854,0.798386693932116,1.4512144587934017,0.005550561797752809,0.0064210231430479325,0.12294590473175049,0.0038164062425494194,0.5672516226768494,0.4375225007534027,0,118.41671752929688,-17.25674819946289,-2.722144842147827,55.52638146037084,2.498046875,0,0.30303030303030304,40,26,22,11,19,14
203,44,45,22443,28.91668552060022,117,1,1,0,1.9591841217505828,-0.008892843645298854,0.798386693932116,1.4512144587934017,0.005550561797752809,0.0064210231430479325,0.12294590473175049,0.0038164062425494194,0.5672516226768494,0.4375225007534027,0,116.10539245605469,-18.020917892456055,-3.2821991443634033,48.92294181672812,2.939453125,0,0.3162393162393162,37,26,21,7,14,12
204,45,46,22593,-43.02979321586756,150,0,0,0,5.530825391181766,-0.015751104394439608,1.197642618790269,1.4359993673861027,0.00544943820224719,0.008814323315164074,0.22679603099822998,0.0031679687090218067,0.5762267112731934,0.43125981092453003,1,123.18356323242188,-20.094449996948242,-3.1059224605560303,63.73098850899846,2.361328125,0,0.30666666666666664,46,29,23,14,24,14
205,45,46,22672,-101.85311476294085,79,0,0,1,5.6149708382066885,-0.015751104394439608,1.197642618790269,1.4359993673861027,0.00544943820224719,0.008814323315164074,0.22679603099822998,0.0031679687090218067,0.5762267112731934,0.43125981092453003,0,117.4189224243164,-13.901700019836426,-0.7489535212516785,42.08156129115639,1.49609375,0,0.4936708860759494,39,12,12,3,12,1
206,45,46,22790,-81.26117841547551,118,0,1,0,2.2668873150024424,-0.015751104394439608,1.197642618790269,1.4359993673861027,0.00544943820224719,0.008814323315164074,0.22679603099822998,0.0031679687090218067,0.5762267112731934,0.43125981092453003,0,115.80105590820312,-17.89344596862793,-3.126918077468872,49.00230812484556,2.82421875,0,0.3135593220338983,37,24,19,9,16,13
207,45,46,22912,132.15455196498007,122,1,0,0,1.8485688410592682,-0.015751104394439608,1.197642618790269,1.4359993673861027,0.00544943820224719,0.008814323315164074,0.22679603099822998,0.0031679687090218067,0.5762267112731934,0.43125981092453003,0,118.40888214111328,-17.427095413208008,-2.3619790077209473,51.83185299300961,1.8193359375,0,0.32786885245901637,40,23,18,8,16,17
208,45,46,22979,-69.11784657916465,67,0,0,1,4.266218785507956,-0.015751104394439608,1.197642618790269,1.4359993673861027,0.00544943820224719,0.008814323315164074,0.22679603099822998,0.0031679687090218067,0.5762267112731934,0.43125981092453003,0,114.90441131591797,-16.648700714111328,-0.9072955250740051,36.38241228585187,2.0234375,0,0.5373134328358209,36,7,6,2,8,8
209,46,47,23129,5.3057114042313565,150,0,0,0,4.719020358010782,-0.014179129138938151,0.11814160365611315,1.4928603284060955,0.005348314606741573,0.00472556019667536,0.8539143800735474,0.002371093723922968,0.5741045475006104,0.4119720458984375,1,121.47339630126953,-16.13643455505371,-3.2328784465789795,59.453238442363414,1.79296875,0,0.29333333333333333,44,27,26,11,19,23
210,46,47,23279,-2.684666838720922,150,0,0,0,6.2336642061351615,-0.014179129138938151,0.11814160365611315,1.4928603284060955,0.005348314606741573,0.00472556019667536,0.8539143800735474,0.002371093723922968,0.5741045475006104,0.4119720458984375,1,123.98473358154297,-19.150362014770508,-3.274628162384033,63.63898753484462,2.00390625,0,0.32,48,28,24,11,18,21
211,46,47,23429,-1.0486063361539486,150,0,0,0,3.189918764679439,-0.014179129138938151,0.11814160365611315,1.4928603284060955,0.005348314606741573,0.00472556019667536,0.8539143800735474,0.002371093723922968,0.5741045475006104,0.4119720458984375,1,117.82042694091797,-15.892271995544434,-2.4513871669769287,60.59320814077399,2.78515625,0,0.26,39,28,28,12,22,21
212,47,48,23579,-10.863613006674894,150,0,0,0,6.909032916956301,-0.02177106126327999,0.41934572672471404,1.463735617697239,0.005247191011235955,0.008268678677268326,0.22333866357803345,0.001996093662455678,0.5753582715988159,0.43424326181411743,1,121.97750091552734,-13.580718994140625,-3.4187984466552734,59.52540711995248,2.943359375,0,0.29333333333333333,44,27,28,11,20,20
213,47,48,23720,114.03115778613815,141,1,0,0,1.9758730465307104,-0.02177106126327999,0.41934572672471404,1.463735617697239,0.005247191011235955,0.008268678677268326,0.22333866357803345,0.001996093662455678,0.5753582715988159,0.43424326181411743,0,116.32364654541016,-17.98495864868164,-3.8674213886260986,56.74096126252609,2.0234375,0,0.2695035460992908,38,29,26,9,15,24
214,47,48,23870,-9.935583738737225,150,0,0,0,8.35074311324431,-0.02177106126327999,0.41934572672471404,1.463735617697239,0.005247191011235955,0.008268678677268326,0.22333866357803345,0.001996093662455678,0.5753582715988159,0.43424326181411743,1,123.43955993652344,-12.97504997253418,-3.849224090576172,61.7595861451012,2.83984375,0,0.30666666666666664,46,25,28,12,19,20
215,48,49,24020,-24.286875412130527,150,0,0,0,13.936092918456922,-0.018143284367397428,0.5129327352624387,1.408004954457283,0.005146067415730337,0.006354916564305313,0.5201879143714905,0.0028085936792194843,0.5801279544830322,0.474409282207489,1,124.12284851074219,-6.744708061218262,-4.628259658813477,59.888333929075955,2.78125,0,0.31333333333333335,47,23,30,8,13,29
216,48,49,24054,-75.52614292504678,34,0,1,0,18.001924522886398,-0.018143284367397428,0.5129327352624387,1.408004954457283,0.005146067415730337,0.006354916564305313,0.5201879143714905,0.0028085936792194843,0.5801279544830322,0.474409282207489,0,100.7999267578125,-13.041028022766113,-3.8032145500183105,16.85626543042901,0.53369140625,0,0.5882352941176471,20,3,5,2,2,2
217,48,49,24154,-67.28217992263497,100,0,1,0,2.759816735531454,-0.018143284367397428,0.5129327352624387,1.408004954457283,0.005146067415730337,0.006354916564305313,0.5201879143714905,0.0028085936792194843,0.5801279544830322,0.474409282207489,0,115.26290130615234,-17.867877960205078,-2.7970056533813477,44.032003608621345,1.0400390625,0,0.35,35,21,17,4,11,12
218,48,49,24304,-15.203044931572903,150,0,0,0,5.975227300722762,-0.018143284367397428,0.5129327352624387,1.408004954457283,0.005146067415730337,0.006354916564305313,0.5201879143714905,0.0028085936792194843,0.5801279544830322,0.474409282207489,1,123.23084259033203,-17.422943115234375,-4.769035339355469,64.368391448675,2.732421875,0,0.3,45,30,27,12,18,18
219,48,49,24454,-8.148774645210068,150,0,0,0,8.770571053645469,-0.018143284367397428,0.5129327352624387,1.408004954457283,0.005146067415730337,0.006354916564305313,0.5201879143714905,0.0028085936792194843,0.5801279544830322,0.474409282207489,1,126.17689514160156,-16.68479347229004,-3.701904773712158,63.32324292111264,1.8798828125,0,0.32666666666666666,49,27,27,12,20,15
220,49,50,24604,-8.39634698899501,150,0,0,0,8.01896512559837,-0.014476902782917023,0.23919937014579773,1.4356194995343685,0.0050449438202247185,0.008053457393543795,0.7623301148414612,0.002664062427356839,0.5797540545463562,0.4498174488544464,1,125.4354476928711,-20.896974563598633,-4.363528728485107,63.02923625837222,2.13671875,0,0.32,48,28,21,12,18,23
221,49,50,24754,-10.329108814942616,150,0,0,0,7.6174900724810115,-0.014476902782917023,0.23919937014579773,1.4356194995343685,0.0050449438202247185,0.008053457393543795,0.7623301148414612,0.002664062427356839,0.5797540545463562,0.4498174488544464,1,124.80862426757812,-21.90190887451172,-3.2680273056030273,62.45755634904607,2.2734375,0,0.32,48,27,20,12,19,24
222,49,50,24856,-79.91759047104311,102,0,1,0,2.9783178092293037,-0.014476902782917023,0.23919937014579773,1.4356194995343685,0.0050449438202247185,0.008053457393543795,0.7623301148414612,0.002664062427356839,0.5797540545463562,0.4498174488544464,0,114.92295837402344,-18.115575790405273,-3.027369499206543,43.32737429161357,0.4248046875,0,0.3627450980392157,37,21,18,2,7,17
223,50,51,25006,6.574384642210241,150,0,0,0,4.70585971931393,-0.016922480332141276,0.3126580654643476,1.368782963603735,0.004943820224719101,0.007178190040576737,0.6678408980369568,0.0027539061848074198,0.5796890258789062,0.446958988904953,1,122.299560546875,-18.24957847595215,-2.05880069732666,56.44889645106135,1.8662109375,0,0.29333333333333333,44,30,28,7,19,22
224,50,51,25156,-5.001673078327073,150,0,0,0,11.699060865020153,-0.016922480332141276,0.3126580654643476,1.368782963603735,0.004943820224719101,0.007178190040576737,0.6678408980369568,0.0027539061848074198,0.5796890258789062,0.446958988904953,1,129.419921875,-18.492469787597656,-3.7264273166656494,64.54249425821037,1.1416015625,0,0.35333333333333333,53,33,30,5,15,14
225,50,51,25306,-31.818863035779145,150,0,0,0,6.8334428161388745,-0.016922480332141276,0.3126580654643476,1.368782963603735,0.004943820224719101,0.007178190040576737,0.6678408980369568,0.0027539061848074198,0.5796890258789062,0.446958988904953,1,124.2791748046875,-17.150426864624023,-2.2278060913085938,62.266028328402236,1.759765625,0,0.31333333333333335,47,26,24,8,17,28
226,50,51,25374,-73.39985332057796,68,0,0,1,6.896626669156448,-0.016922480332141276,0.3126580654643476,1.368782963603735,0.004943820224719101,0.007178190040576737,0.6678408980369568,0.0027539061848074198,0.5796890258789062,0.446958988904953,0,114.61432647705078,-13.245450019836426,-0.9540195465087891,35.657120153484826,2.11328125,0,0.5147058823529411,35,8,11,2,10,2
227,51,52,25524,-15.743733188620155,150,0,0,0,8.210799614304035,-0.021685224419343285,0.047905447136145085,1.380781915038824,0.004842696629213483,0.007085276323778089,0.9739813804626465,0.0024999999441206455,0.5801318883895874,0.4830358922481537,1,125.80680084228516,-20.498628616333008,-2.310751438140869,63.716234171619696,0.86669921875,0,0.32666666666666666,49,29,24,9,19,20
228,51,52,25674,1.393654312242873,150,0,0,0,6.47646113778674,-0.021685224419343285,0.047905447136145085,1.380781915038824,0.004842696629213483,0.007085276323778089,0.9739813804626465,0.0024999999441206455,0.5801318883895874,0.4830358922481537,1,124.09296417236328,-20.018596649169922,-3.904435396194458,63.82247157143732,2.943359375,0,0.31333333333333335,47,29,25,11,19,19
229,51,52,25824,8.28695324313194,150,0,0,0,5.179126722515169,-0.021685224419343285,0.047905447136145085,1.380781915038824,0.004842696629213483,0.007085276323778089,0.9739813804626465,0.0024999999441206455,0.5801318883895874,0.4830358922481537,1,122.79910278320312,-20.172382354736328,-3.307495594024658,59.697579206182965,2.94140625,0,0.3,45,32,28,6,15,24
230,51,52,25974,-10.192837830004517,150,0,0,0,10.935802486506095,-0.021685224419343285,0.047905447136145085,1.380781915038824,0.004842696629213483,0.007085276323778089,0.9739813804626465,0.0024999999441206455,0.5801318883895874,0.4830358922481537,1,128.56475830078125,-20.1060791015625,-4.270104885101318,63.3471037765942,2.94140625,0,0.3466666666666667,52,27,22,10,15,24
231,52,53,26124,0.1960632799371247,150,0,0,0,5.316982307349593,-0.027025923365727067,0.02922915417002514,1.3431073687970638,0.004741573033707865,0.012162975879618898,0.9800728559494019,0.0026132813654839993,0.5794036984443665,0.5057557821273804,1,122.51851654052734,-17.07386589050293,-4.32159423828125,64.37665594013053,2.435546875,0,0.30666666666666664,46,30,30,10,16,18
232,52,53,26274,5.326055695491057,150,0,0,0,6.08686156008379,-0.027025923365727067,0.02922915417002514,1.3431073687970638,0.004741573033707865,0.012162975879618898,0.9800728559494019,0.0026132813654839993,0.5794036984443665,0.5057557821273804,1,122.64244079589844,-15.53696060180664,-3.9750828742980957,59.60308301415524,2.94140625,0,0.3,45,30,31,10,18,16
233,52,53,26424,-4.538909046030717,150,0,0,0,6.607305912421759,-0.027025923365727067,0.02922915417002514,1.3431073687970638,0.004741573033707865,0.012162975879618898,0.9800728559494019,0.0026132813654839993,0.5794036984443665,0.5057557821273804,1,123.10942840576172,-15.179522514343262,-2.6325790882110596,61.224945873765535,1.908203125,0,0.3,45,28,29,10,21,17
234,53,54,26529,138.62685230830184,105,1,0,0,1.9686363904316613,-0.023204788041766733,0.3260692860931158,1.3400562405586243,0.004640449438202247,0.012022442679153755,0.5466891527175903,0.0024960937444120646,0.5851276516914368,0.488746702671051,0,117.27513885498047,-17.52840805053711,-1.8263328075408936,48.88224169270595,2.083984375,0,0.3619047619047619,38,19,16,8,17,7
235,53,54,26679,-4.3476421668328875,150,0,0,0,8.229736497867291,-0.023204788041766733,0.3260692860931158,1.3400562405586243,0.004640449438202247,0.012022442679153755,0.5466891527175903,0.0024960937444120646,0.5851276516914368,0.488746702671051,1,124.77354431152344,-14.88176155090332,-4.094470500946045,63.74401868462702,1.5078125,0,0.31333333333333335,47,30,30,10,17,16
236,53,54,26829,-4.693905929150279,150,0,0,0,7.683567177060678,-0.023204788041766733,0.3260692860931158,1.3400562405586243,0.004640449438202247,0.012022442679153755,0.5466891527175903,0.0024960937444120646,0.5851276516914368,0.488746702671051,1,125.2816162109375,-20.03885269165039,-4.180074691772461,57.926941917175384,2.943359375,0,0.32,48,32,25,11,19,15
237,53,54,26979,-3.872178027261132,150,0,0,0,8.369798076991803,-0.023204788041766733,0.3260692860931158,1.3400562405586243,0.004640449438202247,0.012022442679153755,0.5466891527175903,0.0024960937444120646,0.5851276516914368,0.488746702671051,1,125.75481414794922,-20.48660659790039,-4.990584373474121,64.98567860496533,2.943359375,0,0.32666666666666666,49,34,28,12,18,9
238,54,55,27069,149.92696652418397,90,1,0,0,1.9197864643019071,-0.01830815547145903,0.9652119372040033,1.2505064718425274,0.004539325842696628,0.007832553223124705,0.11197000741958618,0.0026523438282310963,0.5847792625427246,0.535114049911499,0,117.05048370361328,-17.252328872680664,-3.1091384887695312,42.542790927846106,2.685546875,0,0.43333333333333335,39,14,12,5,9,11
239,54,55,27148,147.30899661261708,79,1,0,0,1.750921981023468,-0.01830815547145903,0.9652119372040033,1.2505064718425274,0.004539325842696628,0.007832553223124705,0.11197000741958618,0.0026523438282310963,0.5847792625427246,0.535114049911499,0,119.3438491821289,-18.49103546142578,-3.499652147293091,41.434593473885144,0.95556640625,0,0.5189873417721519,41,13,8,5,7,5
240,54,55,27224,136.25611959981268,76,1,0,0,1.9909910415056775,-0.01830815547145903,0.9652119372040033,1.2505064718425274,0.004539325842696628,0.007832553223124705,0.11197000741958618,0.0026523438282310963,0.5847792625427246,0.535114049911499,0,117.56697082519531,-17.41047477722168,-1.8631274700164795,39.32092045618858,1.9775390625,0,0.5131578947368421,39,12,9,2,7,7
241,54,55,27374,-4.539416245744427,150,0,0,0,5.82002883674819,-0.01830815547145903,0.9652119372040033,1.2505064718425274,0.004539325842696628,0.007832553223124705,0.11197000741958618,0.0026523438282310963,0.5847792625427246,0.535114049911499,1,123.55021667480469,-18.540002822875977,-2.763873815536499,61.082072396226025,2.06640625,0,0.30666666666666664,46,27,22,15,24,16
242,55,56,27524,4.050947881976995,150,0,0,0,7.881874651969428,-0.01875913777621463,0.9155587004497647,1.2141105607151985,0.004438202247191011,0.007719622226431966,0.2854474186897278,0.0020507811568677425,0.5869737267494202,0.534954845905304,1,123.21244812011719,-24.70118522644043,-3.4994897842407227,62.94751500325891,1.6201171875,0,0.32,48,36,27,8,17,14
243,55,56,27674,-20.993593172808854,150,0,0,0,13.044837772232869,-0.01875913777621463,0.9155587004497647,1.2141105607151985,0.004438202247191011,0.007719622226431966,0.2854474186897278,0.0020507811568677425,0.5869737267494202,0.534954845905304,1,124.36441802978516,-30.261463165283203,-2.3547534942626953,64.99482894617529,1.5078125,0,0.32,48,39,22,7,19,15
244,55,56,27745,153.7313535059044,71,1,0,0,1.962707532376868,-0.01875913777621463,0.9155587004497647,1.2141105607151985,0.004438202247191011,0.007719622226431966,0.2854474186897278,0.0020507811568677425,0.5869737267494202,0.534954845905304,0,116.46144104003906,-17.569299697875977,-3.1760425567626953,35.70578028893423,1.943359375,0,0.5492957746478874,39,9,7,1,3,12
245,55,56,27895,-22.276067942177878,150,0,0,0,7.466740493753424,-0.01875913777621463,0.9155587004497647,1.2141105607151985,0.004438202247191011,0.007719622226431966,0.2854474186897278,0.0020507811568677425,0.5869737267494202,0.534954845905304,1,122.76993560791016,-24.530941009521484,-3.629525899887085,61.064690437009276,1.7216796875,0,0.30666666666666664,46,32,22,12,19,19
246,55,56,27921,-73.05249450739979,26,0,1,0,17.9783675033272,-0.01875913777621463,0.9155587004497647,1.2141105607151985,0.004438202247191011,0.007719622226431966,0.2854474186897278,0.0020507811568677425,0.5869737267494202,0.534954845905304,0,100.7957534790039,-13.070545196533203,-2.905433416366577,17.921883143441033,0.4287109375,0,0.7692307692307693,20,2,4,0,0,0
247,55,56,27999,136.86529285900662,78,1,0,0,1.8921546153167235,-0.01875913777621463,0.9155587004497647,1.2141105607151985,0.004438202247191011,0.007719622226431966,0.2854474186897278,0.0020507811568677425,0.5869737267494202,0.534954845905304,0,116.94718170166016,-17.337787628173828,-2.77880859375,39.230067759093075,2.373046875,0,0.48717948717948717,38,11,9,4,7,9
248,56,57,28064,149.85567841767875,65,1,0,0,1.8236393935313129,-0.021628148533636704,1.4299541488289833,1.2028124667704105,0.004337078651685393,0.01159647645545192,0.37038755416870117,0.0024570312816649675,0.585749089717865,0.5467624664306641,0,117.21502685546875,-17.3752498626709,-3.5306191444396973,37.67563958855814,1.9814453125,0,0.6153846153846154,40,11,10,0,2,2
249,56,57,28134,155.3202693187335,70,1,0,0,1.6397922970097616,-0.021628148533636704,1.4299541488289833,1.2028124667704105,0.004337078651685393,0.01159647645545192,0.37038755416870117,0.0024570312816649675,0.585749089717865,0.5467624664306641,0,116.85667419433594,-17.703441619873047,-3.3223657608032227,38.66456421999891,2.88671875,0,0.5428571428571428,38,12,8,3,4,5
250,56,57,28284,-43.71853732572793,150,0,0,0,19.48848701684898,-0.021628148533636704,1.4299541488289833,1.2028124667704105,0.004337078651685393,0.01159647645545192,0.37038755416870117,0.0024570312816649675,0.585749089717865,0.5467624664306641,1,127.63536834716797,-35.7992057800293,-4.102573394775391,68.19647607269286,1.70703125,0,0.3333333333333333,50,40,15,11,15,19
251,56,57,28370,146.56253379864833,86,1,0,0,1.9201803450429027,-0.021628148533636704,1.4299541488289833,1.2028124667704105,0.004337078651685393,0.01159647645545192,0.37038755416870117,0.0024570312816649675,0.585749089717865,0.5467624664306641,0,116.44276428222656,-17.636205673217773,-2.906857490539551,41.17062942090955,2.94140625,0,0.4418604651162791,38,13,11,5,9,10
252,56,57,28399,-75.09828332351563,29,0,1,0,17.979026178114474,-0.021628148533636704,1.4299541488289833,1.2028124667704105,0.004337078651685393,0.01159647645545192,0.37038755416870117,0.0024570312816649675,0.585749089717865,0.5467624664306641,0,100.84915161132812,-12.965877532958984,-2.2372748851776123,16.53946025805008,0.52587890625,0,0.6896551724137931,20,1,4,0,2,2
253,56,57,28477,153.53519159044515,78,1,0,0,1.912654946697364,-0.021628148533636704,1.4299541488289833,1.2028124667704105,0.004337078651685393,0.01159647645545192,0.37038755416870117,0.0024570312816649675,0.585749089717865,0.5467624664306641,0,117.4161376953125,-17.152057647705078,-3.032179832458496,38.3860006309584,1.9228515625,0,0.5,39,10,8,5,8,8
254,57,58,28554,-61.94789673862537,77,0,1,0,2.5212375283704986,-0.003940890543162823,1.4380993787199259,1.1099991016089916,0.004235955056179775,0.022612440341617912,-0.0173492431640625,0.0012617188040167093,0.5912604928016663,0.5655516386032104,0,115.8153076171875,-17.907819747924805,-1.850187063217163,40.78252010024473,2.96484375,0,0.4805194805194805,37,13,10,1,6,10
255,57,58,28631,143.09334538106117,77,1,0,0,1.9988745788075593,-0.003940890543162823,1.4380993787199259,1.1099991016089916,0.004235955056179775,0.022612440341617912,-0.0173492431640625,0.0012617188040167093,0.5912604928016663,0.5655516386032104,0,119.20484161376953,-17.862953186035156,-3.7245736122131348,42.20234651702541,2.779296875,0,0.5324675324675324,41,12,9,5,6,4
256,57,58,28713,-52.56217321323803,82,0,1,0,2.837642505485145,-0.003940890543162823,1.4380993787199259,1.1099991016089916,0.004235955056179775,0.022612440341617912,-0.0173492431640625,0.0012617188040167093,0.5912604928016663,0.5655516386032104,0,115.44945526123047,-17.491884231567383,-3.594933032989502,39.74224785006403,2.94140625,0,0.43902439024390244,36,15,10,5,8,8
257,57,58,28798,148.62048699603798,85,1,0,0,1.87912736070616,-0.003940890543162823,1.4380993787199259,1.1099991016089916,0.004235955056179775,0.022612440341617912,-0.0173492431640625,0.0012617188040167093,0.5912604928016663,0.5655516386032104,0,118.25965118408203,-17.30958366394043,-3.551219940185547,43.07198287505365,2.943359375,0,0.47058823529411764,40,13,11,5,8,8
258,57,58,28887,138.93078477844463,89,1,0,0,1.9064117519397998,-0.003940890543162823,1.4380993787199259,1.1099991016089916,0.004235955056179775,0.022612440341617912,-0.0173492431640625,0.0012617188040167093,0.5912604928016663,0.5655516386032104,0,118.03138732910156,-17.52079200744629,-1.8736034631729126,41.776681707035415,2.216796875,0,0.449438202247191,40,14,12,3,10,10
259,57,58,28970,150.86991849829596,83,1,0,0,1.6714051074873242,-0.003940890543162823,1.4380993787199259,1.1099991016089916,0.004235955056179775,0.022612440341617912,-0.0173492431640625,0.0012617188040167093,0.5912604928016663,0.5655516386032104,0,117.77922821044922,-17.364395141601562,-3.0739939212799072,41.091532557152576,2.943359375,0,0.46987951807228917,39,12,9,4,7,12
260,58,59,29120,-8.252260687085968,150,0,0,0,12.820109417982467,-0.009316049232438672,0.7473028851673007,1.2524309307336807,0.004134831460674156,0.014538254879880697,0.4342285990715027,0.002402343787252903,0.5880218148231506,0.5481574535369873,1,129.74432373046875,-23.553691864013672,-3.4853971004486084,65.73740807606009,2.361328125,0,0.35333333333333333,53,31,21,11,20,14
261,58,59,29202,136.10831524774795,82,1,0,0,1.871083559524456,-0.009316049232438672,0.7473028851673007,1.2524309307336807,0.004134831460674156,0.014538254879880697,0.4342285990715027,0.002402343787252903,0.5880218148231506,0.5481574535369873,0,116.51082611083984,-17.70785140991211,-2.562021017074585,40.2686416831262,2.875,0,0.47560975609756095,39,14,12,2,7,8
262,58,59,29272,-52.779713380022905,70,0,1,0,2.931185238560348,-0.009316049232438672,0.7473028851673007,1.2524309307336807,0.004134831460674156,0.014538254879880697,0.4342285990715027,0.002402343787252903,0.5880218148231506,0.5481574535369873,0,115.18034362792969,-17.878934860229492,-3.7897250652313232,36.647436923582646,1.2001953125,0,0.5285714285714286,37,10,8,3,4,8
263,58,59,29422,-13.702344023048987,150,0,0,0,15.552772353677273,-0.009316049232438672,0.7473028851673007,1.2524309307336807,0.004134831460674156,0.014538254879880697,0.4342285990715027,0.002402343787252903,0.5880218148231506,0.5481574535369873,1,124.51014709472656,-33.03616714477539,-3.4577555656433105,68.54082299354884,2.69140625,0,0.30666666666666664,46,43,20,8,16,17
264,59,60,29572,-35.01302456032304,150,0,0,0,23.7208008716639,-0.005673473817296326,0.9064618637785316,1.1158998012542725,0.004033707865168539,0.01189375529793324,0.6387209892272949,0.002105468651279807,0.5945847630500793,0.6231743097305298,1,124.21061706542969,-41.85654830932617,-3.381577253341675,73.37975876784604,1.5625,0,0.31333333333333335,47,47,15,11,18,12
265,59,60,29637,141.52763260930277,65,1,0,0,1.8733349656172396,-0.005673473817296326,0.9064618637785316,1.1158998012542725,0.004033707865168539,0.01189375529793324,0.6387209892272949,0.002105468651279807,0.5945847630500793,0.6231743097305298,0,116.52667999267578,-17.824954986572266,-3.732370376586914,36.59791454624803,1.6318359375,0,0.5846153846153846,38,9,9,2,2,5
266,59,60,29729,145.2603853144186,92,1,0,0,1.891425660512238,-0.005673473817296326,0.9064618637785316,1.1158998012542725,0.004033707865168539,0.01189375529793324,0.6387209892272949,0.002105468651279807,0.5945847630500793,0.6231743097305298,0,117.72843933105469,-17.170793533325195,-3.3243348598480225,42.945261351755654,2.66015625,0,0.42391304347826086,39,16,14,4,9,10
267,59,60,29812,147.933106231594,83,1,0,0,1.9908681799263914,-0.005673473817296326,0.9064618637785316,1.1158998012542725,0.004033707865168539,0.01189375529793324,0.6387209892272949,0.002105468651279807,0.5945847630500793,0.6231743097305298,0,116.5589828491211,-17.63960838317871,-3.7657532691955566,40.733671973508535,2.943359375,0,0.4578313253012048,38,12,9,7,8,9
268,59,60,29878,151.67123828052084,66,1,0,0,1.9185043737940681,-0.005673473817296326,0.9064618637785316,1.1158998012542725,0.004033707865168539,0.01189375529793324,0.6387209892272949,0.002105468651279807,0.5945847630500793,0.6231743097305298,0,116.50584411621094,-17.72075080871582,-2.3729865550994873,36.78811119185058,2.943359375,0,0.5757575757575758,38,10,6,1,4,7
269,59,60,29958,148.24601984957633,80,1,0,0,1.9449706022534585,-0.005673473817296326,0.9064618637785316,1.1158998012542725,0.004033707865168539,0.01189375529793324,0.6387209892272949,0.002105468651279807,0.5945847630500793,0.6231743097305298,0,118.96907806396484,-17.53923988342285,-2.722431182861328,41.03846730493435,2.62890625,0,0.5125,41,14,11,2,8,4
270,60,61,30022,-48.253120798699435,64,0,1,0,2.7937943662946076,-0.013142386975232512,1.2642634008079767,1.2034239657223225,0.003932584269662921,0.007136994929169305,0.4867086410522461,0.0030507813207805157,0.585839033126831,0.5567044019699097,0,115.20992279052734,-17.884349822998047,-3.03289794921875,35.85685760141385,2.806640625,0,0.578125,37,10,6,3,4,4
271,60,61,30088,-47.59305596448169,66,0,1,0,3.0248118900924816,-0.013142386975232512,1.2642634008079767,1.2034239657223225,0.003932584269662921,0.007136994929169305,0.4867086410522461,0.0030507813207805157,0.585839033126831,0.5567044019699097,0,115.04782104492188,-17.686691284179688,-2.9964025020599365,35.567306319078156,2.228515625,0,0.5606060606060606,37,11,8,1,3,6
272,60,61,30238,-52.834581990451156,150,0,0,0,20.378090689604033,-0.013142386975232512,1.2642634008079767,1.2034239657223225,0.003932584269662921,0.007136994929169305,0.4867086410522461,0.0030507813207805157,0.585839033126831,0.5567044019699097,1,128.13760375976562,-36.556331634521484,-3.6758532524108887,70.81427469883877,2.244140625,0,0.34,51,44,16,8,13,18
273,60,61,30309,149.91088469558062,71,1,0,0,1.5505648220507031,-0.013142386975232512,1.2642634008079767,1.2034239657223225,0.003932584269662921,0.007136994929169305,0.4867086410522461,0.0030507813207805157,0.585839033126831,0.5567044019699097,0,117.54837036132812,-17.50534439086914,-2.843944787979126,37.963613308027405,2.390625,0,0.5492957746478874,39,10,6,4,7,5
274,60,61,30396,151.21530993860247,87,1,0,0,1.936991930754839,-0.013142386975232512,1.2642634008079767,1.2034239657223225,0.003932584269662921,0.007136994929169305,0.4867086410522461,0.0030507813207805157,0.585839033126831,0.5567044019699097,0,119.3039779663086,-17.892385482788086,-3.2229931354522705,41.50678111328672,2.71484375,0,0.47126436781609193,41,12,9,6,9,10
275,61,62,30546,-26.19461696521483,150,0,0,0,8.192561174470663,-0.014414567660423927,0.6677369754761457,1.2699198313057423,0.003831460674157303,0.003084618743741885,0.8092181086540222,0.003492187475785613,0.582086980342865,0.5206093192100525,1,124.5039291381836,-23.546133041381836,-4.106420516967773,62.25941550538135,1.423828125,0,0.31333333333333335,47,33,22,12,19,17
276,61,62,30696,-0.5600795990826057,150,0,0,0,7.622003954140698,-0.014414567660423927,0.6677369754761457,1.2699198313057423,0.003831460674157303,0.003084618743741885,0.8092181086540222,0.003492187475785613,0.582086980342865,0.5206093192100525,1,123.18022155761719,-24.341644287109375,-3.708291530609131,61.78103331163434,0.96728515625,0,0.3,45,32,22,13,22,16
277,61,62,30767,152.92102219729813,71,1,0,0,1.9378187306844363,-0.014414567660423927,0.6677369754761457,1.2699198313057423,0.003831460674157303,0.003084618743741885,0.8092181086540222,0.003492187475785613,0.582086980342865,0.5206093192100525,0,117.40678405761719,-17.16468048095703,-3.3726046085357666,38.62820245163495,2.345703125,0,0.5492957746478874,39,10,8,5,7,2
278,61,62,30917,3.6704168820956156,150,0,0,0,5.906313095419938,-0.014414567660423927,0.6677369754761457,1.2699198313057423,0.003831460674157303,0.003084618743741885,0.8092181086540222,0.003492187475785613,0.582086980342865,0.5206093192100525,1,123.2476577758789,-19.473447799682617,-5.129111289978027,64.0854518668352,2.9765625,0,0.30666666666666664,46,33,30,8,14,19
279,61,62,30984,145.79894692096528,67,1,0,0,1.8123582600692774,-0.014414567660423927,0.6677369754761457,1.2699198313057423,0.003831460674157303,0.003084618743741885,0.8092181086540222,0.003492187475785613,0.582086980342865,0.5206093192100525,0,118.15093231201172,-17.610992431640625,-4.050580978393555,38.60026501133085,2.12890625,0,0.5970149253731343,40,9,7,4,3,4
280,62,63,31078,136.80304543327568,94,1,0,0,1.9059435507900373,-0.021013592835515738,0.702596209011972,1.227808691561222,0.0037303370786516844,0.008853277715388685,0.6700493693351746,0.003761718748137355,0.577479362487793,0.5508413910865784,0,119.23558044433594,-17.94402313232422,-2.4946160316467285,44.69184941879251,1.498046875,0,0.43617021276595747,41,14,12,6,11,10
281,62,63,31228,-15.158096315633607,150,0,0,0,7.470261425022238,-0.021013592835515738,0.702596209011972,1.227808691561222,0.0037303370786516844,0.008853277715388685,0.6700493693351746,0.003761718748137355,0.577479362487793,0.5508413910865784,1,121.71991729736328,-25.359432220458984,-2.7152674198150635,60.58638432011581,2.3359375,0,0.29333333333333333,44,33,21,9,17,26
282,62,63,31378,-12.455670994945754,150,0,0,0,6.716045509870105,-0.021013592835515738,0.702596209011972,1.227808691561222,0.0037303370786516844,0.008853277715388685,0.6700493693351746,0.003761718748137355,0.577479362487793,0.5508413910865784,1,124.31177520751953,-17.971315383911133,-2.001110553741455,64.25899112173742,2.7734375,0,0.31333333333333335,47,28,24,11,22,18
283,62,63,31453,-48.194817983200615,75,0,1,0,2.143792341851706,-0.021013592835515738,0.702596209011972,1.227808691561222,0.0037303370786516844,0.008853277715388685,0.6700493693351746,0.003761718748137355,0.577479362487793,0.5508413910865784,0,115.90522766113281,-17.961057662963867,-2.861140012741089,38.04785625272631,2.8359375,0,0.49333333333333335,37,14,10,3,8,3
284,63,64,31538,143.98688454779037,85,1,0,0,1.7733749430585173,0.0027177837619092315,0.8385448856279254,1.2062249779701233,0.0036292134831460675,0.023577468644361943,0.40254414081573486,0.003281249897554517,0.574501097202301,0.542022705078125,0,118.4232406616211,-17.876075744628906,-1.8342984914779663,43.95408164360538,1.2421875,0,0.47058823529411764,40,15,12,3,9,6
285,63,64,31623,151.11131380565658,85,1,0,0,1.9575058076696368,0.0027177837619092315,0.8385448856279254,1.2062249779701233,0.0036292134831460675,0.023577468644361943,0.40254414081573486,0.003281249897554517,0.574501097202301,0.542022705078125,0,117.83467864990234,-17.081613540649414,-2.8824169635772705,40.402742844015314,2.21484375,0,0.4588235294117647,39,12,10,6,9,9
286,63,64,31729,130.45254035683615,106,1,0,0,1.9188218577904976,0.0027177837619092315,0.8385448856279254,1.2062249779701233,0.0036292134831460675,0.023577468644361943,0.40254414081573486,0.003281249897554517,0.574501097202301,0.542022705078125,0,118.43922424316406,-17.74217414855957,-4.243490219116211,46.199667732625706,2.494140625,0,0.37735849056603776,40,16,15,8,11,16
287,63,64,31828,144.3108727994948,99,1,0,0,1.9637048052863117,0.0027177837619092315,0.8385448856279254,1.2062249779701233,0.0036292134831460675,0.023577468644361943,0.40254414081573486,0.003281249897554517,0.574501097202301,0.542022705078125,0,118.0143814086914,-17.14569854736328,-2.535656213760376,44.94890125822376,2.634765625,0,0.3939393939393939,39,16,15,8,14,7
288,63,64,31904,147.61549032652118,76,1,0,0,1.873146355688175,0.0027177837619092315,0.8385448856279254,1.2062249779701233,0.0036292134831460675,0.023577468644361943,0.40254414081573486,0.003281249897554517,0.574501097202301,0.542022705078125,0,118.9190673828125,-17.60316276550293,-2.6703693866729736,40.473941493195476,1.5810546875,0,0.5394736842105263,41,12,9,1,4,9
289,63,64,31987,141.41117267347624,83,1,0,0,1.987004364005746,0.0027177837619092315,0.8385448856279254,1.2062249779701233,0.0036292134831460675,0.023577468644361943,0.40254414081573486,0.003281249897554517,0.574501097202301,0.542022705078125,0,119.09480285644531,-17.580829620361328,-2.7900259494781494,42.734296080748656,1.705078125,0,0.4939759036144578,41,10,8,7,10,7
290,64,65,32055,-47.78751029557387,68,0,1,0,2.346633124165809,-0.016370223951525986,1.6609670463949442,1.0409767236560583,0.003528089887640449,0.0162238932098262,0.10331815481185913,0.002105468651279807,0.5859278440475464,0.6567873358726501,0,115.68705749511719,-17.927173614501953,-2.9668445587158203,36.46866733423856,1.60546875,0,0.5588235294117647,38,8,6,6,9,1
291,64,65,32087,-73.6783179859591,32,0,1,0,17.91863795337269,-0.016370223951525986,1.6609670463949442,1.0409767236560583,0.003528089887640449,0.0162238932098262,0.10331815481185913,0.002105468651279807,0.5859278440475464,0.6567873358726501,0,100.74641418457031,-13.408788681030273,-2.6917033195495605,17.83109389151558,0.1392822265625,0,0.59375,19,3,5,1,3,1
292,64,65,32169,142.08035907308368,82,1,0,0,1.9442793829815759,-0.016370223951525986,1.6609670463949442,1.0409767236560583,0.003528089887640449,0.0162238932098262,0.10331815481185913,0.002105468651279807,0.5859278440475464,0.6567873358726501,0,119.54109191894531,-18.264047622680664,-2.9709742069244385,41.14898278828137,2.58984375,0,0.5,41,10,8,6,9,8
293,64,65,32243,142.80809078872153,74,1,0,0,1.991354282627893,-0.016370223951525986,1.6609670463949442,1.0409767236560583,0.003528089887640449,0.0162238932098262,0.10331815481185913,0.002105468651279807,0.5859278440475464,0.6567873358726501,0,118.33707427978516,-17.203746795654297,-2.4755711555480957,39.48707144671917,1.8740234375,0,0.5405405405405406,40,11,8,2,6,7
294,64,65,32324,-58.11582804438694,81,0,1,0,2.6451547530734536,-0.016370223951525986,1.6609670463949442,1.0409767236560583,0.003528089887640449,0.0162238932098262,0.10331815481185913,0.002105468651279807,0.5859278440475464,0.6567873358726501,0,115.4646987915039,-17.9044189453125,-2.3138301372528076,40.07252977444551,2.384765625,0,0.4444444444444444,36,15,11,4,10,5
295,64,65,32394,149.33136653222212,70,1,0,0,1.9779040631078506,-0.016370223951525986,1.6609670463949442,1.0409767236560583,0.003528089887640449,0.0162238932098262,0.10331815481185913,0.002105468651279807,0.5859278440475464,0.6567873358726501,0,117.32767486572266,-17.10943603515625,-2.8428516387939453,38.021936942151775,2.94140625,0,0.5571428571428572,39,10,9,2,6,4
296,64,65,32466,150.1031969599901,72,1,0,0,1.9326840136521168,-0.016370223951525986,1.6609670463949442,1.0409767236560583,0.003528089887640449,0.0162238932098262,0.10331815481185913,0.002105468651279807,0.5859278440475464,0.6567873358726501,0,117.84283447265625,-17.117921829223633,-3.223540782928467,38.851123465087255,1.341796875,0,0.5555555555555556,40,10,7,4,7,4
297,65,66,32503,-62.11562361961175,37,0,1,0,12.210727268840998,-0.007394852407742292,1.1084818169474602,1.1701094880700111,0.003426966292134831,0.025077539263293147,0.41520917415618896,0.002402343787252903,0.5901342034339905,0.6047082543373108,0,106.41984558105469,-14.500347137451172,-3.1986331939697266,22.95050894618705,1.3271484375,0,0.7297297297297297,27,4,4,0,0,2
298,65,66,32576,151.31571528451076,73,1,0,0,1.9995601397741964,-0.007394852407742292,1.1084818169474602,1.1701094880700111,0.003426966292134831,0.025077539263293147,0.41520917415618896,0.002402343787252903,0.5901342034339905,0.6047082543373108,0,117.70970153808594,-17.058269500732422,-2.6957201957702637,37.87674853645664,2.841796875,0,0.5342465753424658,39,11,9,1,5,8
299,65,66,32646,154.7566943313798,70,1,0,0,1.9997176149013105,-0.007394852407742292,1.1084818169474602,1.1701094880700111,0.003426966292134831,0.025077539263293147,0.41520917415618896,0.002402343787252903,0.5901342034339905,0.6047082543373108,0,119.50885772705078,-18.09564971923828,-2.7858526706695557,39.10730249560923,2.94140625,0,0.5857142857142857,41,10,6,2,4,7
300,65,66,32725,144.32623585364598,79,1,0,0,1.9590509110432672,-0.007394852407742292,1.1084818169474602,1.1701094880700111,0.003426966292134831,0.025077539263293147,0.41520917415618896,0.002402343787252903,0.5901342034339905,0.6047082543373108,0,118.18397521972656,-17.139724731445312,-2.7422425746917725,39.62980198926464,2.267578125,0,0.5063291139240507,40,12,10,2,6,9
301,65,66,32875,-31.73121664458574,150,0,0,0,13.81419438873866,-0.007394852407742292,1.1084818169474602,1.1701094880700111,0.003426966292134831,0.025077539263293147,0.41520917415618896,0.002402343787252903,0.5901342034339905,0.6047082543373108,1,127.49850463867188,-28.772878646850586,-4.034317493438721,65.59331580105776,1.4228515625,0,0.3333333333333333,50,30,14,16,19,21
302,65,66,32902,-74.70515668983127,27,0,1,0,17.968730901534748,-0.007394852407742292,1.1084818169474602,1.1701094880700111,0.003426966292134831,0.025077539263293147,0.41520917415618896,0.002402343787252903,0.5901342034339905,0.6047082543373108,0,100.88249969482422,-12.865703582763672,-3.335256576538086,16.24083063885484,0.8779296875,0,0.7777777777777778,21,0,3,1,0,2
303,65,66,32976,146.0959739634176,74,1,0,0,1.8712119715603994,-0.007394852407742292,1.1084818169474602,1.1701094880700111,0.003426966292134831,0.025077539263293147,0.41520917415618896,0.002402343787252903,0.5901342034339905,0.6047082543373108,0,116.7378158569336,-17.464258193969727,-2.9745843410491943,37.75315376850813,1.1533203125,0,0.5135135135135135,38,11,9,4,7,5
304,66,67,33040,154.63423885465244,64,1,0,0,1.908775136227807,-0.011041932855732739,0.6593804759904742,1.2017078064382076,0.0033258426966292125,0.007429104414768517,0.8068019151687622,0.00379296881146729,0.5820971727371216,0.5596285462379456,0,118.3705825805664,-17.258865356445312,-2.6614623069763184,37.80958161729455,1.708984375,0,0.640625,41,10,7,1,4,1
305,66,67,33112,140.06461214115978,72,1,0,0,1.8403330452287983,-0.011041932855732739,0.6593804759904742,1.2017078064382076,0.0033258426966292125,0.007429104414768517,0.8068019151687622,0.00379296881146729,0.5820971727371216,0.5596285462379456,0,117.3017807006836,-17.756954193115234,-1.755325198173523,39.26994108734637,2.4453125,0,0.5416666666666666,39,10,7,3,8,5
306,66,67,33262,-26.942204827836125,150,0,0,0,10.300453896957762,-0.011041932855732739,0.6593804759904742,1.2017078064382076,0.0033258426966292125,0.007429104414768517,0.8068019151687622,0.00379296881146729,0.5820971727371216,0.5596285462379456,1,127.7745132446289,-21.405860900878906,-2.67903470993042,66.14547884639548,1.8681640625,0,0.34,51,28,19,15,22,15
307,66,67,33412,-12.882324250855794,150,0,0,0,4.640296742635614,-0.011041932855732739,0.6593804759904742,1.2017078064382076,0.0033258426966292125,0.007429104414768517,0.8068019151687622,0.00379296881146729,0.5820971727371216,0.5596285462379456,1,122.21385955810547,-19.079029083251953,-4.287561416625977,61.156493021901056,2.9765625,0,0.3,45,26,23,15,20,21
308,67,68,33562,-3.8499730423707383,150,0,0,0,5.318836867473497,-0.018285963087691925,1.3506049793213606,1.057274455204606,0.0032247191011235956,0.00929098844062537,0.26632994413375854,0.0022460937034338713,0.5941419005393982,0.6148951053619385,1,123.00457000732422,-18.17229461669922,-3.0015275478363037,58.65694574115786,0.7939453125,0,0.30666666666666664,46,21,19,18,25,21
309,67,68,33632,143.57094396723065,70,1,0,0,1.9152562829797557,-0.018285963087691925,1.3506049793213606,1.057274455204606,0.0032247191011235956,0.00929098844062537,0.26632994413375854,0.0022460937034338713,0.5941419005393982,0.6148951053619385,0,118.40462493896484,-18.02356719970703,-1.5078479051589966,40.33656168240936,0.9296875,0,0.5714285714285714,40,11,8,1,6,4
310,67,68,33698,155.08828303053406,66,1,0,0,1.970133673855587,-0.018285963087691925,1.3506049793213606,1.057274455204606,0.0032247191011235956,0.00929098844062537,0.26632994413375854,0.0022460937034338713,0.5941419005393982,0.6148951053619385,0,117.54289245605469,-17.12711524963379,-3.4469926357269287,36.267511973246435,2.943359375,0,0.6060606060606061,40,8,7,2,3,6
311,67,68,33771,145.09863065837598,73,1,0,0,1.9917284142880984,-0.018285963087691925,1.3506049793213606,1.057274455204606,0.0032247191011235956,0.00929098844062537,0.26632994413375854,0.0022460937034338713,0.5941419005393982,0.6148951053619385,0,117.44041442871094,-17.071748733520508,-3.1302220821380615,38.35692884435798,1.7470703125,0,0.5342465753424658,39,9,7,5,9,4
312,67,68,33847,149.40333392279302,76,1,0,0,1.773553992185491,-0.018285963087691925,1.3506049793213606,1.057274455204606,0.0032247191011235956,0.00929098844062537,0.26632994413375854,0.0022460937034338713,0.5941419005393982,0.6148951053619385,0,117.5376205444336,-17.374378204345703,-2.4139456748962402,39.4254972397696,2.67578125,0,0.5131578947368421,39,13,10,2,7,5
313,67,68,33918,-74.64316653589866,71,0,0,1,2.6436278244461406,-0.018285963087691925,1.3506049793213606,1.057274455204606,0.0032247191011235956,0.00929098844062537,0.26632994413375854,0.0022460937034338713,0.5941419005393982,0.6148951053619385,0,118.90312194824219,-17.873706817626953,-0.9199521541595459,38.93761905069326,0.662109375,0,0.5774647887323944,41,9,6,1,8,6
314,67,68,33978,-54.29331654853879,60,0,1,0,2.8634460495088048,-0.018285963087691925,1.3506049793213606,1.057274455204606,0.0032247191011235956,0.00929098844062537,0.26632994413375854,0.0022460937034338713,0.5941419005393982,0.6148951053619385,0,115.126220703125,-17.921640396118164,-3.2150354385375977,34.285457779683426,2.94140625,0,0.6,36,9,5,2,3,5
315,68,69,34128,-7.268866956544812,150,0,0,0,2.246989405402378,-0.006029765849234536,0.725466450676322,1.2268353551626205,0.003123595505617977,0.009380415853229351,0.7879155874252319,0.003308593761175871,0.582756757736206,0.5479457974433899,1,119.96583557128906,-19.02315902709961,-3.404163122177124,60.97915871668987,0.1563720703125,0,0.28,42,26,22,21,30,9
316,68,69,34216,147.04335034419125,88,1,0,0,1.9238385295804055,-0.006029765849234536,0.725466450676322,1.2268353551626205,0.003123595505617977,0.009380415853229351,0.7879155874252319,0.003308593761175871,0.582756757736206,0.5479457974433899,0,119.6154556274414,-18.545881271362305,-2.9270646572113037,42.646948863414394,2.1484375,0,0.4659090909090909,41,16,9,5,9,8
317,68,69,34283,152.64133615553192,67,1,0,0,1.9378132570378153,-0.006029765849234536,0.725466450676322,1.2268353551626205,0.003123595505617977,0.009380415853229351,0.7879155874252319,0.003308593761175871,0.582756757736206,0.5479457974433899,0,116.81283569335938,-17.439481735229492,-3.565347194671631,36.37545844576703,1.83203125,0,0.582089552238806,39,9,8,3,4,4
318,68,69,34350,151.7240987464832,67,1,0,0,1.994201928008327,-0.006029765849234536,0.725466450676322,1.2268353551626205,0.003123595505617977,0.009380415853229351,0.7879155874252319,0.003308593761175871,0.582756757736206,0.5479457974433899,0,116.7582778930664,-17.68568229675293,-4.078624725341797,38.93502555237882,1.7978515625,0,0.5671641791044776,38,9,6,5,4,5
319,68,69,34500,-10.922458597652625,150,0,0,0,5.080240685219097,-0.006029765849234536,0.725466450676322,1.2268353551626205,0.003123595505617977,0.009380415853229351,0.7879155874252319,0.003308593761175871,0.582756757736206,0.5479457974433899,1,122.58899688720703,-18.592405319213867,-4.501992225646973,63.58312999162026,2.49609375,0,0.3,45,25,23,15,20,22
320,69,70,34568,151.53737575978238,68,1,0,0,1.7589625819540624,0.008723262610146776,0.43897583056241274,1.0514194834977388,0.0030224719101123593,0.013736849301494658,0.20842504501342773,0.0010078124469146132,0.5946296453475952,0.5952956676483154,0,118.15180206298828,-17.362491607666016,-2.621384382247925,38.30381590336858,1.802734375,0,0.5882352941176471,40,9,8,3,6,2
321,69,70,34663,148.92117064652072,95,1,0,0,1.9560102333068772,0.008723262610146776,0.43897583056241274,1.0514194834977388,0.0030224719101123593,0.013736849301494658,0.20842504501342773,0.0010078124469146132,0.5946296453475952,0.5952956676483154,0,119.49624633789062,-18.172061920166016,-3.223609685897827,45.78304842621865,1.7021484375,0,0.43157894736842106,41,15,12,8,14,5
322,69,70,34736,146.48589411094846,73,1,0,0,1.9564135706255537,0.008723262610146776,0.43897583056241274,1.0514194834977388,0.0030224719101123593,0.013736849301494658,0.20842504501342773,0.0010078124469146132,0.5946296453475952,0.5952956676483154,0,117.49473571777344,-17.22809410095215,-2.294309616088867,39.57954833567625,2.86328125,0,0.5342465753424658,39,9,7,5,9,4
323,69,70,34809,136.18670815102445,73,1,0,0,1.8213764903916396,0.008723262610146776,0.43897583056241274,1.0514194834977388,0.0030224719101123593,0.013736849301494658,0.20842504501342773,0.0010078124469146132,0.5946296453475952,0.5952956676483154,0,116.4556655883789,-17.769224166870117,-2.836034059524536,38.274684249096936,2.228515625,0,0.5205479452054794,38,11,8,5,8,3
324,69,70,34889,149.52872128689762,80,1,0,0,1.9092215129322616,0.008723262610146776,0.43897583056241274,1.0514194834977388,0.0030224719101123593,0.013736849301494658,0.20842504501342773,0.0010078124469146132,0.5946296453475952,0.5952956676483154,0,118.49342346191406,-17.27295684814453,-3.0077743530273438,39.5135467175948,2.162109375,0,0.5,40,8,5,7,10,10
325,69,70,34959,151.0466961739896,70,1,0,0,1.9442968626411279,0.008723262610146776,0.43897583056241274,1.0514194834977388,0.0030224719101123593,0.013736849301494658,0.20842504501342773,0.0010078124469146132,0.5946296453475952,0.5952956676483154,0,118.25659942626953,-17.22511100769043,-2.492445945739746,38.04123423580252,1.4921875,0,0.5714285714285714,40,9,8,2,5,6
326,70,71,35109,-13.25945441831519,150,0,0,0,4.015622877781703,-0.011989121965598315,0.6889870213344693,1.2394038625061512,0.0029213483146067407,0.01371902009123005,0.7755241394042969,0.002398437587544322,0.5863403081893921,0.5400660634040833,1,121.20089721679688,-20.91938591003418,-3.838588237762451,62.59437790568028,0.5458984375,0,0.2866666666666667,43,25,18,18,22,24
327,70,71,35259,-18.147137470854503,150,0,0,0,8.820936450151239,-0.011989121965598315,0.6889870213344693,1.2394038625061512,0.0029213483146067407,0.01371902009123005,0.7755241394042969,0.002398437587544322,0.5863403081893921,0.5400660634040833,1,121.6668701171875,-26.85161781311035,-4.182736873626709,62.011510596738624,0.91552734375,0,0.29333333333333333,44,27,13,19,22,25
328,70,71,35329,151.2058570551913,70,1,0,0,1.8145213035307552,-0.011989121965598315,0.6889870213344693,1.2394038625061512,0.0029213483146067407,0.01371902009123005,0.7755241394042969,0.002398437587544322,0.5863403081893921,0.5400660634040833,0,116.5259017944336,-17.721302032470703,-2.76299786567688,36.93388098269112,2.79296875,0,0.5571428571428572,39,10,7,3,6,5
329,70,71,35407,153.63934805068408,78,1,0,0,1.7317814000379093,-0.011989121965598315,0.6889870213344693,1.2394038625061512,0.0029213483146067407,0.01371902009123005,0.7755241394042969,0.002398437587544322,0.5863403081893921,0.5400660634040833,0,118.65188598632812,-17.671001434326172,-2.425690174102783,42.069176402210935,2.943359375,0,0.5128205128205128,40,11,8,4,7,8
330,70,71,35493,144.1698035649259,86,1,0,0,1.9953130360129778,-0.011989121965598315,0.6889870213344693,1.2394038625061512,0.0029213483146067407,0.01371902009123005,0.7755241394042969,0.002398437587544322,0.5863403081893921,0.5400660634040833,0,119.66345977783203,-19.190061569213867,-2.4356276988983154,43.81314220378048,1.1796875,0,0.47674418604651164,41,12,8,7,12,6
331,71,72,35579,150.5146984506764,86,1,0,0,1.9607100719463508,-0.0183937939855241,0.4959816732443869,1.1341676712036133,0.0028202247191011238,0.006303985544946045,0.8556758761405945,0.002261718735098839,0.5923295021057129,0.5823736190795898,0,117.83940124511719,-17.09860610961914,-3.3027849197387695,41.30053091506831,2.291015625,0,0.47674418604651164,41,9,8,8,10,10
332,71,72,35656,142.88325124328497,77,1,0,0,1.9364682877386183,-0.0183937939855241,0.4959816732443869,1.1341676712036133,0.0028202247191011238,0.006303985544946045,0.8556758761405945,0.002261718735098839,0.5923295021057129,0.5823736190795898,0,117.18123626708984,-17.184799194335938,-3.0035300254821777,39.44933347523265,1.626953125,0,0.5064935064935064,39,12,11,2,5,8
333,71,72,35806,-10.373528266702488,150,0,0,0,5.756971802846076,-0.0183937939855241,0.4959816732443869,1.1341676712036133,0.0028202247191011238,0.006303985544946045,0.8556758761405945,0.002261718735098839,0.5923295021057129,0.5823736190795898,1,122.31455993652344,-22.520519256591797,-3.4543557167053223,57.07154734578737,0.74267578125,0,0.29333333333333333,44,25,17,13,17,34
334,71,72,35881,139.56642374333373,75,1,0,0,1.9831203366072343,-0.0183937939855241,0.4959816732443869,1.1341676712036133,0.0028202247191011238,0.006303985544946045,0.8556758761405945,0.002261718735098839,0.5923295021057129,0.5823736190795898,0,117.53619384765625,-17.223447799682617,-2.2278342247009277,38.31021929412275,2.19921875,0,0.5333333333333333,40,10,9,3,7,6
335,71,72,35945,151.7401477908619,64,1,0,0,1.8519834403017126,-0.0183937939855241,0.4959816732443869,1.1341676712036133,0.0028202247191011238,0.006303985544946045,0.8556758761405945,0.002261718735098839,0.5923295021057129,0.5823736190795898,0,116.52843475341797,-18.051986694335938,-2.0209310054779053,36.12269666907009,2.927734375,0,0.59375,38,9,5,1,4,7
336,72,73,36019,152.65413016273752,74,1,0,0,1.9285833252065163,-0.01769517720094882,0.6998977744951844,1.1884551234543324,0.002719101123595505,0.005540500023926143,0.8475596904754639,0.003082031151279807,0.5863842368125916,0.5530987977981567,0,117.28782653808594,-17.26040267944336,-2.40451717376709,39.88114700506391,2.94140625,0,0.527027027027027,39,11,9,3,7,5
337,72,73,36169,-22.45130441950382,150,0,0,0,4.509993931642531,-0.01769517720094882,0.6998977744951844,1.1884551234543324,0.002719101123595505,0.005540500023926143,0.8475596904754639,0.003082031151279807,0.5863842368125916,0.5530987977981567,1,122.17286682128906,-19.917346954345703,-2.7679145336151123,63.76858458360854,1.423828125,0,0.29333333333333333,44,26,20,15,23,22
338,72,73,36252,145.2574754135093,83,1,0,0,1.9431122673990646,-0.01769517720094882,0.6998977744951844,1.1884551234543324,0.002719101123595505,0.005540500023926143,0.8475596904754639,0.003082031151279807,0.5863842368125916,0.5530987977981567,0,118.50078582763672,-17.306867599487305,-2.5215442180633545,41.39492311168075,1.8818359375,0,0.4819277108433735,40,12,9,5,10,7
339,72,73,36402,-25.872354402146982,150,0,0,0,4.471185591699871,-0.01769517720094882,0.6998977744951844,1.1884551234543324,0.002719101123595505,0.005540500023926143,0.8475596904754639,0.003082031151279807,0.5863842368125916,0.5530987977981567,1,122.18960571289062,-18.846717834472656,-2.4526734352111816,62.98503012990686,1.73828125,0,0.3,45,26,24,13,22,20
340,72,73,36479,147.55890606715587,77,1,0,0,1.782647060142702,-0.01769517720094882,0.6998977744951844,1.1884551234543324,0.002719101123595505,0.005540500023926143,0.8475596904754639,0.003082031151279807,0.5863842368125916,0.5530987977981567,0,117.65641784667969,-17.414371490478516,-3.7380497455596924,40.944009016213045,2.814453125,0,0.5064935064935064,39,12,9,5,6,6
341,73,74,36542,155.44119331830737,63,1,0,0,1.9790380887074324,-0.0050588882877491415,1.142169407568872,0.9883758071810007,0.0026179775280898866,0.008918374122004025,0.08279383182525635,0.0008984375162981451,0.6003556251525879,0.6275575160980225,0,117.20603942871094,-17.18790054321289,-3.4539294242858887,35.91792929863089,1.7626953125,0,0.6190476190476191,39,9,7,3,4,1
342,73,74,36613,153.73062585887806,71,1,0,0,1.8258876598584772,-0.0050588882877491415,1.142169407568872,0.9883758071810007,0.0026179775280898866,0.008918374122004025,0.08279383182525635,0.0008984375162981451,0.6003556251525879,0.6275575160980225,0,118.43914031982422,-17.46652603149414,-3.640476703643799,38.796754616898426,2.21875,0,0.5633802816901409,40,12,8,2,3,6
343,73,74,36687,150.3453479284984,74,1,0,0,1.994563876997613,-0.0050588882877491415,1.142169407568872,0.9883758071810007,0.0026179775280898866,0.008918374122004025,0.08279383182525635,0.0008984375162981451,0.6003556251525879,0.6275575160980225,0,117.47630310058594,-17.39065933227539,-4.095210552215576,40.38702517545199,2.74609375,0,0.527027027027027,39,10,8,6,6,5
344,73,74,36749,-48.8834063299195,62,0,1,0,2.369647717021982,-0.0050588882877491415,1.142169407568872,0.9883758071810007,0.0026179775280898866,0.008918374122004025,0.08279383182525635,0.0008984375162981451,0.6003556251525879,0.6275575160980225,0,115.71947479248047,-17.882936477661133,-3.3779525756835938,37.21893145991213,2.94140625,0,0.6129032258064516,38,10,7,1,1,5
345,73,74,36804,152.9350006932926,55,1,0,0,1.9363814407713147,-0.0050588882877491415,1.142169407568872,0.9883758071810007,0.0026179775280898866,0.008918374122004025,0.08279383182525635,0.0008984375162981451,0.6003556251525879,0.6275575160980225,0,116.42523956298828,-17.758968353271484,-2.4059090614318848,35.19865264045046,2.94140625,0,0.7090909090909091,39,8,5,0,2,1
346,73,74,36869,148.52960174123373,65,1,0,0,1.9017165558352345,-0.0050588882877491415,1.142169407568872,0.9883758071810007,0.0026179775280898866,0.008918374122004025,0.08279383182525635,0.0008984375162981451,0.6003556251525879,0.6275575160980225,0,116.63742065429688,-17.49960708618164,-2.8953840732574463,36.94697759763014,1.4521484375,0,0.6,39,6,4,6,7,3
347,73,74,36896,-73.15730306039151,27,0,1,0,18.001124524879216,-0.0050588882877491415,1.142169407568872,0.9883758071810007,0.0026179775280898866,0.008918374122004025,0.08279383182525635,0.0008984375162981451,0.6003556251525879,0.6275575160980225,0,100.89298248291016,-12.746626853942871,-3.3847899436950684,16.331982011728705,0.6455078125,0,0.7407407407407407,20,0,4,1,0,2
348,73,74,36958,152.52358772081183,62,1,0,0,1.9930338586847438,-0.0050588882877491415,1.142169407568872,0.9883758071810007,0.0026179775280898866,0.008918374122004025,0.08279383182525635,0.0008984375162981451,0.6003556251525879,0.6275575160980225,0,117.5045166015625,-17.057649612426758,-2.945417881011963,35.74103062888052,2.91796875,0,0.6290322580645161,39,8,5,2,3,5
349,74,75,37029,142.21742840706958,71,1,0,0,1.8217033496859927,-0.01567699577572057,0.9906254447996616,1.0888463072478771,0.002516853932584269,0.008436396848992445,0.5479570627212524,0.0020468749571591616,0.592524528503418,0.6063128709793091,0,117.46432495117188,-17.376916885375977,-2.3136653900146484,38.88139716497771,1.97265625,0,0.5492957746478874,39,10,7,4,8,3
350,74,75,37091,152.74425616730082,62,1,0,0,1.776913282090571,-0.01567699577572057,0.9906254447996616,1.0888463072478771,0.002516853932584269,0.008436396848992445,0.5479570627212524,0.0020468749571591616,0.592524528503418,0.6063128709793091,0,117.52262878417969,-17.29946517944336,-3.3071606159210205,37.79404433219975,2.94140625,0,0.6290322580645161,39,9,6,4,4,0
351,74,75,37153,-50.880558414173635,62,0,1,0,2.940346750234089,-0.01567699577572057,0.9906254447996616,1.0888463072478771,0.002516853932584269,0.008436396848992445,0.5479570627212524,0.0020468749571591616,0.592524528503418,0.6063128709793091,0,115.10980224609375,-17.892114639282227,-3.5825583934783936,34.92349867939952,0.95458984375,0,0.5967741935483871,37,11,7,3,4,0
352,74,75,37214,155.2843868536154,61,1,0,0,1.9089670122764089,-0.01567699577572057,0.9906254447996616,1.0888463072478771,0.002516853932584269,0.008436396848992445,0.5479570627212524,0.0020468749571591616,0.592524528503418,0.6063128709793091,0,117.01199340820312,-17.27638053894043,-3.0371897220611572,36.94577182624923,2.943359375,0,0.639344262295082,39,8,6,3,4,1
353,74,75,37275,150.59419432549888,61,1,0,0,1.8492626235948382,-0.01567699577572057,0.9906254447996616,1.0888463072478771,0.002516853932584269,0.008436396848992445,0.5479570627212524,0.0020468749571591616,0.592524528503418,0.6063128709793091,0,117.93726348876953,-17.19453239440918,-3.057225227355957,36.69468396720341,1.9130859375,0,0.6557377049180327,40,8,6,1,3,3
354,74,75,37352,152.4836645426431,77,1,0,0,1.788257743968903,-0.01567699577572057,0.9906254447996616,1.0888463072478771,0.002516853932584269,0.008436396848992445,0.5479570627212524,0.0020468749571591616,0.592524528503418,0.6063128709793091,0,118.43975067138672,-17.3944034576416,-3.2051193714141846,43.164279721114546,2.9921875,0,0.5194805194805194,40,12,9,5,7,4
355,75,76,37502,-44.93777020634407,150,0,0,0,5.19419560677235,-0.015513490798184648,0.6638280595652759,1.0117495507001877,0.002415730337078651,0.0066783052097889595,0.07358658313751221,0.0010351561941206455,0.6022976636886597,0.6275367140769958,1,121.76020812988281,-21.907556533813477,-4.639712810516357,62.93311603018903,1.166015625,0,0.29333333333333333,44,26,19,21,22,18
356,75,76,37566,152.2449559507931,64,1,0,0,1.8191617482124813,-0.015513490798184648,0.6638280595652759,1.0117495507001877,0.002415730337078651,0.0066783052097889595,0.07358658313751221,0.0010351561941206455,0.6022976636886597,0.6275367140769958,0,117.27281951904297,-17.31308937072754,-2.661839246749878,36.94696205041354,1.9091796875,0,0.609375,39,8,5,4,7,1
357,75,76,37627,155.00427727103053,61,1,0,0,1.9951828262797868,-0.015513490798184648,0.6638280595652759,1.0117495507001877,0.002415730337078651,0.0066783052097889595,0.07358658313751221,0.0010351561941206455,0.6022976636886597,0.6275367140769958,0,116.24260711669922,-17.825002670288086,-2.5217511653900146,36.32404920200112,1.3291015625,0,0.639344262295082,39,10,7,0,3,2
358,75,76,37692,154.30115150140574,65,1,0,0,1.963851388540688,-0.015513490798184648,0.6638280595652759,1.0117495507001877,0.002415730337078651,0.0066783052097889595,0.07358658313751221,0.0010351561941206455,0.6022976636886597,0.6275367140769958,0,117.41648864746094,-17.111173629760742,-2.789802312850952,37.9708470141418,2.9765625,0,0.6,39,10,8,2,4,2
359,75,76,37760,149.003384163204,68,1,0,0,1.8076120535996432,-0.015513490798184648,0.6638280595652759,1.0117495507001877,0.002415730337078651,0.0066783052097889595,0.07358658313751221,0.0010351561941206455,0.6022976636886597,0.6275367140769958,0,117.84101104736328,-17.23900032043457,-2.8045246601104736,38.87926777132811,1.712890625,0,0.5882352941176471,40,10,8,3,5,2
360,75,76,37813,-47.3929823218651,53,0,1,0,3.0464779428932363,-0.015513490798184648,0.6638280595652759,1.0117495507001877,0.002415730337078651,0.0066783052097889595,0.07358658313751221,0.0010351561941206455,0.6022976636886597,0.6275367140769958,0,114.9458236694336,-18.034408569335938,-2.3797147274017334,34.92525222670941,2.0234375,0,0.6981132075471698,37,8,4,1,2,1
361,75,76,37888,151.3137246780446,75,1,0,0,1.9320152394359635,-0.015513490798184648,0.6638280595652759,1.0117495507001877,0.002415730337078651,0.0066783052097889595,0.07358658313751221,0.0010351561941206455,0.6022976636886597,0.6275367140769958,0,116.98700714111328,-17.37956428527832,-3.6325130462646484,39.497059269691036,2.943359375,0,0.5066666666666667,38,10,8,6,7,6
362,75,76,37961,140.1867686822374,73,1,0,0,1.9989328637839945,-0.015513490798184648,0.6638280595652759,1.0117495507001877,0.002415730337078651,0.0066783052097889595,0.07358658313751221,0.0010351561941206455,0.6022976636886597,0.6275367140769958,0,116.69142150878906,-17.344270706176758,-3.0849714279174805,38.263002783947094,2.9765625,0,0.5205479452054794,38,11,8,5,8,3
363,76,77,38024,148.79235901341266,63,1,0,0,1.8757625217887284,-0.00684652870404534,0.7925527188926935,1.0777926463633776,0.0023146067415730333,0.013377028197282925,0.5849226713180542,0.0019335937686264515,0.5995000004768372,0.6110258102416992,0,116.80279541015625,-17.51593017578125,-3.5525848865509033,35.871378187338976,2.66796875,0,0.6190476190476191,39,9,7,2,3,3
364,76,77,38088,154.18822398334476,64,1,0,0,1.8029626321121122,-0.00684652870404534,0.7925527188926935,1.0777926463633776,0.0023146067415730333,0.013377028197282925,0.5849226713180542,0.0019335937686264515,0.5995000004768372,0.6110258102416992,0,117.55912780761719,-17.24306869506836,-2.9330623149871826,37.5509373536524,2.943359375,0,0.609375,39,9,6,2,3,5
365,76,77,38163,148.38424143901779,75,1,0,0,1.9694530082985768,-0.00684652870404534,0.7925527188926935,1.0777926463633776,0.0023146067415730333,0.013377028197282925,0.5849226713180542,0.0019335937686264515,0.5995000004768372,0.6110258102416992,0,117.35585021972656,-17.125652313232422,-3.2771902084350586,39.24328861329083,3.06640625,0,0.52,39,11,9,5,8,3
366,76,77,38313,-2.2715591619865876,150,0,0,0,6.712926428917956,-0.00684652870404534,0.7925527188926935,1.0777926463633776,0.0023146067415730333,0.013377028197282925,0.5849226713180542,0.0019335937686264515,0.5995000004768372,0.6110258102416992,1,124.29629516601562,-17.77752113342285,-3.8421289920806885,64.77172151671014,2.943359375,0,0.31333333333333335,47,25,23,15,20,20
367,76,77,38380,151.40499276939317,67,1,0,0,1.9593324721275247,-0.00684652870404534,0.7925527188926935,1.0777926463633776,0.0023146067415730333,0.013377028197282925,0.5849226713180542,0.0019335937686264515,0.5995000004768372,0.6110258102416992,0,116.74614715576172,-17.415241241455078,-2.554128885269165,36.33286465555467,2.974609375,0,0.5671641791044776,38,11,7,1,5,5
368,76,77,38441,150.1395470456113,61,1,0,0,1.9814589302635082,-0.00684652870404534,0.7925527188926935,1.0777926463633776,0.0023146067415730333,0.013377028197282925,0.5849226713180542,0.0019335937686264515,0.5995000004768372,0.6110258102416992,0,117.21894073486328,-17.136240005493164,-2.8095955848693848,36.19115937391946,2.58203125,0,0.6557377049180327,40,7,6,1,3,4
369,76,77,38471,-75.89627114996813,30,0,1,0,17.566306720384535,-0.00684652870404534,0.7925527188926935,1.0777926463633776,0.0023146067415730333,0.013377028197282925,0.5849226713180542,0.0019335937686264515,0.5995000004768372,0.6110258102416992,0,101.36219787597656,-12.765296936035156,-3.7223196029663086,18.084623074804146,1.2783203125,0,0.7,21,2,6,1,0,0
370,77,78,38621,3.2306105994135272,150,0,0,0,2.180673335006608,-0.01767553109675646,0.35930982418358326,1.063449990004301,0.0022134831460674147,0.010536149522522464,0.9162749648094177,0.002222656272351742,0.5978825092315674,0.6397154331207275,1,119.6658935546875,-18.587221145629883,-3.952906847000122,59.485139662620696,2.2890625,0,0.28,42,27,25,17,24,15
371,77,78,38688,148.47155853483662,67,1,0,0,1.9564293913943989,-0.01767553109675646,0.35930982418358326,1.063449990004301,0.0022134831460674147,0.010536149522522464,0.9162749648094177,0.002222656272351742,0.5978825092315674,0.6397154331207275,0,116.20288848876953,-17.84675407409668,-2.923138380050659,37.49792370358949,2.9765625,0,0.5671641791044776,38,12,9,2,6,0
372,77,78,38764,137.64932497458966,76,1,0,0,1.5528158250396649,-0.01767553109675646,0.35930982418358326,1.063449990004301,0.0022134831460674147,0.010536149522522464,0.9162749648094177,0.002222656272351742,0.5978825092315674,0.6397154331207275,0,117.6457290649414,-18.281469345092773,-1.6461998224258423,42.09581700406163,1.6484375,0,0.5263157894736842,40,13,9,3,9,2
373,77,78,38823,152.20013342022156,59,1,0,0,1.935178811634368,-0.01767553109675646,0.35930982418358326,1.063449990004301,0.0022134831460674147,0.010536149522522464,0.9162749648094177,0.002222656272351742,0.5978825092315674,0.6397154331207275,0,116.83609008789062,-17.39168930053711,-3.448885679244995,36.08012962547823,1.5126953125,0,0.6610169491525424,39,8,6,2,3,1
374,77,78,38891,148.10364705899164,68,1,0,0,1.6450301550470388,-0.01767553109675646,0.35930982418358326,1.063449990004301,0.0022134831460674147,0.010536149522522464,0.9162749648094177,0.002222656272351742,0.5978825092315674,0.6397154331207275,0,118.2021255493164,-17.510936737060547,-2.5671322345733643,38.45682879262321,2.03515625,0,0.5882352941176471,40,10,6,3,6,3
375,77,78,38949,155.88004654558807,58,1,0,0,1.9766788565313074,-0.01767553109675646,0.35930982418358326,1.063449990004301,0.0022134831460674147,0.010536149522522464,0.9162749648094177,0.002222656272351742,0.5978825092315674,0.6397154331207275,0,116.7164306640625,-17.360074996948242,-3.156620502471924,35.18032418652997,2.94140625,0,0.6724137931034483,39,8,5,1,2,3
376,78,79,39014,146.19838704573797,65,1,0,0,1.8065127180216958,-0.01941672491375357,1.103004714474082,1.055200146511197,0.002112359550561797,0.01959756767610088,0.7700008153915405,0.002445312449708581,0.5899961590766907,0.6365530490875244,0,118.08688354492188,-17.936065673828125,-1.6040972471237183,37.8659030753444,1.296875,0,0.6307692307692307,41,9,6,1,6,2
377,78,79,39077,153.020874387398,63,1,0,0,1.8273683534997351,-0.01941672491375357,1.103004714474082,1.055200146511197,0.002112359550561797,0.01959756767610088,0.7700008153915405,0.002445312449708581,0.5899961590766907,0.6365530490875244,0,116.63219451904297,-17.796283721923828,-2.2621688842773438,39.46546176572977,2.900390625,0,0.6031746031746031,38,10,6,3,5,1
378,78,79,39147,152.44858686290289,70,1,0,0,1.9671255135017274,-0.01941672491375357,1.103004714474082,1.055200146511197,0.002112359550561797,0.01959756767610088,0.7700008153915405,0.002445312449708581,0.5899961590766907,0.6365530490875244,0,119.15336608886719,-17.6553897857666,-2.871997356414795,39.44594691237694,2.330078125,0,0.5857142857142857,41,9,7,3,5,5
379,78,79,39205,155.46853816702355,58,1,0,0,1.9504475754363808,-0.01941672491375357,1.103004714474082,1.055200146511197,0.002112359550561797,0.01959756767610088,0.7700008153915405,0.002445312449708581,0.5899961590766907,0.6365530490875244,0,116.24010467529297,-17.867815017700195,-2.6174824237823486,34.608077800887415,1.8427734375,0,0.6551724137931034,38,9,5,1,3,2
380,78,79,39281,138.19291865688535,76,1,0,0,1.671055695263946,-0.01941672491375357,1.103004714474082,1.055200146511197,0.002112359550561797,0.01959756767610088,0.7700008153915405,0.002445312449708581,0.5899961590766907,0.6365530490875244,0,119.08924865722656,-18.1328125,-2.5586133003234863,40.95110934694355,1.6875,0,0.5394736842105263,41,12,8,5,9,1
381,78,79,39374,-84.03187786259772,93,0,0,1,5.174540232371173,-0.01941672491375357,1.103004714474082,1.055200146511197,0.002112359550561797,0.01959756767610088,0.7700008153915405,0.002445312449708581,0.5899961590766907,0.6365530490875244,0,122.37060546875,-19.568740844726562,-0.7176270484924316,49.17405185074146,0.1053466796875,0,0.4838709677419355,45,14,8,5,14,7
382,79,80,39524,-84.93054386855214,150,0,0,0,15.404760165575661,-0.022796930221375078,0.784733360633254,0.9725336488336325,0.00201123595505618,0.009207069713738747,0.7952005863189697,0.001652343780733645,0.5954970121383667,0.668562650680542,1,132.89662170410156,-21.55792999267578,-1.6969314813613892,66.3036524266095,1.93359375,0,0.38666666666666666,58,26,19,12,23,12
383,79,80,39587,150.3044776123585,63,1,0,0,1.9910749465894655,-0.022796930221375078,0.784733360633254,0.9725336488336325,0.00201123595505618,0.009207069713738747,0.7952005863189697,0.001652343780733645,0.5954970121383667,0.668562650680542,0,116.68843078613281,-17.46199607849121,-2.405458927154541,36.09785638235732,2.115234375,0,0.6031746031746031,38,10,7,1,5,2
384,79,80,39650,154.38637969793626,63,1,0,0,1.866438207675552,-0.022796930221375078,0.784733360633254,0.9725336488336325,0.00201123595505618,0.009207069713738747,0.7952005863189697,0.001652343780733645,0.5954970121383667,0.668562650680542,0,118.06639862060547,-17.273237228393555,-3.5356853008270264,38.27809223815266,1.3759765625,0,0.6349206349206349,40,8,6,3,4,2
385,79,80,39709,140.16555934997893,59,1,0,0,1.8162440252174548,-0.022796930221375078,0.784733360633254,0.9725336488336325,0.00201123595505618,0.009207069713738747,0.7952005863189697,0.001652343780733645,0.5954970121383667,0.668562650680542,0,116.79510498046875,-17.730052947998047,-2.178327798843384,36.083629876877445,1.9560546875,0,0.6440677966101694,38,9,6,1,4,1
386,79,80,39763,155.79399811398912,54,1,0,0,1.8387121737216283,-0.022796930221375078,0.784733360633254,0.9725336488336325,0.00201123595505618,0.009207069713738747,0.7952005863189697,0.001652343780733645,0.5954970121383667,0.668562650680542,0,116.42122650146484,-17.81513023376465,-2.6629559993743896,34.746348636198256,1.9111328125,0,0.7037037037037037,38,7,4,1,2,2
387,79,80,39819,155.2794575541218,56,1,0,0,1.987522584903533,-0.022796930221375078,0.784733360633254,0.9725336488336325,0.00201123595505618,0.009207069713738747,0.7952005863189697,0.001652343780733645,0.5954970121383667,0.668562650680542,0,116.35367584228516,-17.66864776611328,-2.654245376586914,35.49789863322927,1.5771484375,0,0.6785714285714286,38,8,5,1,3,1
388,79,80,39897,139.642627183564,78,1,0,0,1.8930243014269124,-0.022796930221375078,0.784733360633254,0.9725336488336325,0.00201123595505618,0.009207069713738747,0.7952005863189697,0.001652343780733645,0.5954970121383667,0.668562650680542,0,118.96967315673828,-17.937971115112305,-2.0464491844177246,40.914528464870855,1.103515625,0,0.5256410256410257,41,13,10,4,9,1
389,80,81,40047,-24.348333364127985,150,0,0,0,15.590248050150985,-0.02077975554857403,0.9787302482873201,1.1149516589939594,0.0019101123595505615,0.011418713489547372,0.7809923887252808,0.001984375063329935,0.5890349745750427,0.5836339592933655,1,122.20513153076172,-33.975311279296875,-3.1352040767669678,66.97137041593251,0.298095703125,0,0.29333333333333333,44,42,20,10,19,15
390,80,81,40197,-8.728284950462886,150,0,0,0,6.350443926316723,-0.02077975554857403,0.9787302482873201,1.1149516589939594,0.0019101123595505615,0.011418713489547372,0.7809923887252808,0.001984375063329935,0.5890349745750427,0.5836339592933655,1,124.05366516113281,-18.341463088989258,-3.433525323867798,66.31009636914305,1.859375,0,0.31333333333333335,47,26,23,16,22,16
391,80,81,40260,148.35511949060177,63,1,0,0,1.8978269598575448,-0.02077975554857403,0.9787302482873201,1.1149516589939594,0.0019101123595505615,0.011418713489547372,0.7809923887252808,0.001984375063329935,0.5890349745750427,0.5836339592933655,0,117.49671936035156,-17.394229888916016,-2.0803942680358887,36.71038951484709,2.0390625,0,0.6349206349206349,40,8,6,1,5,3
392,80,81,40333,143.82827906051273,73,1,0,0,1.8620538281262888,-0.02077975554857403,0.9787302482873201,1.1149516589939594,0.0019101123595505615,0.011418713489547372,0.7809923887252808,0.001984375063329935,0.5890349745750427,0.5836339592933655,0,119.29247283935547,-17.995189666748047,-2.8345649242401123,40.938976232696966,1.896484375,0,0.5616438356164384,41,12,8,2,5,5
393,80,81,40386,-61.23730949852506,53,0,1,0,2.4658499296769234,-0.02077975554857403,0.9787302482873201,1.1149516589939594,0.0019101123595505615,0.011418713489547372,0.7809923887252808,0.001984375063329935,0.5890349745750427,0.5836339592933655,0,115.81173706054688,-17.83267593383789,-2.0742149353027344,33.82651802743667,1.9716796875,0,0.7169811320754716,38,8,4,0,3,0
394,80,81,40453,154.38737452521772,67,1,0,0,1.8680078175505244,-0.02077975554857403,0.9787302482873201,1.1149516589939594,0.0019101123595505615,0.011418713489547372,0.7809923887252808,0.001984375063329935,0.5890349745750427,0.5836339592933655,0,116.64224243164062,-17.569721221923828,-3.323859453201294,35.61496073120321,2.560546875,0,0.5671641791044776,38,8,7,4,6,4
395,81,82,40511,54.72134809171002,58,1,1,0,1.7283832584886423,0.005744503374444321,1.35442322678864,0.9702284540981054,0.0018089887640449429,0.028260229824809358,0.019707977771759033,0.0008164062746800482,0.5914162397384644,0.6008283495903015,0,116.25713348388672,-18.179027557373047,-2.943866014480591,36.632974378497764,1.6044921875,0,0.6551724137931034,38,8,4,3,4,1
396,81,82,40582,149.27314114481888,71,1,0,0,1.8324442859539083,0.005744503374444321,1.35442322678864,0.9702284540981054,0.0018089887640449429,0.028260229824809358,0.019707977771759033,0.0008164062746800482,0.5914162397384644,0.6008283495903015,0,117.44249725341797,-17.23925018310547,-3.1960642337799072,38.069629772908776,1.2255859375,0,0.5492957746478874,39,11,9,2,5,5
397,81,82,40609,-72.95915199877261,27,0,1,0,17.89170662651418,0.005744503374444321,1.35442322678864,0.9702284540981054,0.0018089887640449429,0.028260229824809358,0.019707977771759033,0.0008164062746800482,0.5914162397384644,0.6008283495903015,0,101.00257873535156,-12.760931015014648,-2.817754030227661,16.69366503747852,0.9501953125,0,0.7777777777777778,21,1,4,0,1,0
398,81,82,40676,-45.50170168840225,67,0,1,0,2.044217168266531,0.005744503374444321,1.35442322678864,0.9702284540981054,0.0018089887640449429,0.028260229824809358,0.019707977771759033,0.0008164062746800482,0.5914162397384644,0.6008283495903015,0,116.04651641845703,-17.992015838623047,-3.4102602005004883,36.987914556291514,2.427734375,0,0.5522388059701493,37,11,7,4,6,2
399,81,82,40744,150.12353008027094,68,1,0,0,1.8577593691199745,0.005744503374444321,1.35442322678864,0.9702284540981054,0.0018089887640449429,0.028260229824809358,0.019707977771759033,0.0008164062746800482,0.5914162397384644,0.6008283495903015,0,118.45237731933594,-17.31648063659668,-2.8717200756073,40.01014369797886,2.046875,0,0.5882352941176471,40,9,5,4,5,5
400,81,82,40803,143.13557928947017,59,1,0,0,1.9400615765862106,0.005744503374444321,1.35442322678864,0.9702284540981054,0.0018089887640449429,0.028260229824809358,0.019707977771759033,0.0008164062746800482,0.5914162397384644,0.6008283495903015,0,116.48717498779297,-18.233171463012695,-1.7701237201690674,34.54036122743762,1.3642578125,0,0.6440677966101694,38,9,6,0,5,1
401,81,82,40886,147.70123234081106,83,1,0,0,1.752172197553711,0.005744503374444321,1.35442322678864,0.9702284540981054,0.0018089887640449429,0.028260229824809358,0.019707977771759033,0.0008164062746800482,0.5914162397384644,0.6008283495903015,0,116.71257019042969,-17.936359405517578,-3.881218910217285,41.008612959181,1.619140625,0,0.46987951807228917,39,14,10,6,7,7
402,81,82,40946,142.98128470209343,60,1,0,0,1.6887735801394272,0.005744503374444321,1.35442322678864,0.9702284540981054,0.0018089887640449429,0.028260229824809358,0.019707977771759033,0.0008164062746800482,0.5914162397384644,0.6008283495903015,0,116.92254638671875,-17.898950576782227,-3.932187795639038,35.50519933778359,1.3681640625,0,0.65,39,7,4,4,3,3
403,82,83,41013,153.0356084526253,67,1,0,0,1.6799646517879334,-0.015612574061378837,1.1365128764882684,1.048497837036848,0.0017078651685393242,0.013242166925920174,0.06600219011306763,0.0006679687649011612,0.5942986011505127,0.6017642617225647,0,117.30424499511719,-17.425310134887695,-2.8518478870391846,38.82103332457437,1.8310546875,0,0.582089552238806,39,10,7,2,5,4
404,82,83,41089,152.99394609676693,76,1,0,0,1.9672290925421465,-0.015612574061378837,1.1365128764882684,1.048497837036848,0.0017078651685393242,0.013242166925920174,0.06600219011306763,0.0006679687649011612,0.5942986011505127,0.6017642617225647,0,118.59475708007812,-17.33962631225586,-3.543667793273926,39.56544893596452,2.94140625,0,0.5263157894736842,40,13,7,3,4,9
405,82,83,41156,-47.9187650604344,67,0,1,0,2.112436241326215,-0.015612574061378837,1.1365128764882684,1.048497837036848,0.0017078651685393242,0.013242166925920174,0.06600219011306763,0.0006679687649011612,0.5942986011505127,0.6017642617225647,0,115.94242858886719,-17.954071044921875,-3.0842559337615967,37.69406347091003,1.0126953125,0,0.5522388059701493,37,10,5,5,6,4
406,82,83,41182,-74.75017481476755,26,0,1,0,17.90870636931233,-0.015612574061378837,1.1365128764882684,1.048497837036848,0.0017078651685393242,0.013242166925920174,0.06600219011306763,0.0006679687649011612,0.5942986011505127,0.6017642617225647,0,100.71965026855469,-13.537327766418457,-3.5509397983551025,16.489982356867745,0.1094970703125,0,0.7692307692307693,20,1,4,1,0,0
407,82,83,41244,156.01120830199946,62,1,0,0,1.61966548169567,-0.015612574061378837,1.1365128764882684,1.048497837036848,0.0017078651685393242,0.013242166925920174,0.06600219011306763,0.0006679687649011612,0.5942986011505127,0.6017642617225647,0,117.4574966430664,-17.454933166503906,-2.7981090545654297,37.18564990190224,1.6728515625,0,0.6290322580645161,39,9,5,2,4,3
408,82,83,41313,134.37148291903645,69,1,0,0,1.9775108873533302,-0.015612574061378837,1.1365128764882684,1.048497837036848,0.0017078651685393242,0.013242166925920174,0.06600219011306763,0.0006679687649011612,0.5942986011505127,0.6017642617225647,0,116.52681732177734,-17.505168914794922,-3.249669313430786,37.51427209556092,2.923828125,0,0.5507246376811594,38,10,7,2,3,9
409,82,83,41380,146.7601643576099,67,1,0,0,1.969711868154392,-0.015612574061378837,1.1365128764882684,1.048497837036848,0.0017078651685393242,0.013242166925920174,0.06600219011306763,0.0006679687649011612,0.5942986011505127,0.6017642617225647,0,117.61750030517578,-17.10147476196289,-2.6451354026794434,36.95985202064957,1.771484375,0,0.582089552238806,39,9,6,2,5,6
410,82,83,41447,150.94160190605882,67,1,0,0,1.8511019887918791,-0.015612574061378837,1.1365128764882684,1.048497837036848,0.0017078651685393242,0.013242166925920174,0.06600219011306763,0.0006679687649011612,0.5942986011505127,0.6017642617225647,0,116.53331756591797,-17.735227584838867,-2.5127289295196533,36.17450326515466,2.080078125,0,0.5671641791044776,38,9,6,3,7,4
411,83,84,41521,151.30105189940568,74,1,0,0,1.7846680795896963,-0.011174409475643188,1.3493583388626575,1.1210364624857903,0.0016067415730337074,0.013090533233480528,0.2707436680793762,0.001460937550291419,0.5910387635231018,0.5836948752403259,0,117.59683227539062,-17.471830368041992,-3.8434066772460938,38.195879072508184,1.49609375,0,0.5405405405405406,40,13,9,2,4,6
412,83,84,41588,154.0156862279376,67,1,0,0,1.979030523824939,-0.011174409475643188,1.3493583388626575,1.1210364624857903,0.0016067415730337074,0.013090533233480528,0.2707436680793762,0.001460937550291419,0.5910387635231018,0.5836948752403259,0,116.656005859375,-17.393766403198242,-3.127312421798706,37.874647529456404,2.904296875,0,0.5671641791044776,38,11,8,1,3,6
413,83,84,41656,-45.53770707019365,68,0,1,0,2.2063387195975714,-0.011174409475643188,1.3493583388626575,1.1210364624857903,0.0016067415730337074,0.013090533233480528,0.2707436680793762,0.001460937550291419,0.5910387635231018,0.5836948752403259,0,115.85725402832031,-17.925323486328125,-2.8168861865997314,36.9583618513074,2.9765625,0,0.5441176470588235,37,12,8,2,5,4
414,83,84,41806,-2.2080399221116593,150,0,0,0,6.990510579126872,-0.011174409475643188,1.3493583388626575,1.1210364624857903,0.0016067415730337074,0.013090533233480528,0.2707436680793762,0.001460937550291419,0.5910387635231018,0.5836948752403259,1,124.34960174560547,-21.2977294921875,-3.516897439956665,62.04223782378499,2.01171875,0,0.31333333333333335,47,27,21,16,22,17
415,83,84,41867,150.9376562761283,61,1,0,0,1.583091556559265,-0.011174409475643188,1.3493583388626575,1.1210364624857903,0.0016067415730337074,0.013090533233480528,0.2707436680793762,0.001460937550291419,0.5910387635231018,0.5836948752403259,0,116.50945281982422,-18.4813175201416,-3.7988271713256836,36.35990943294126,2.140625,0,0.6229508196721312,38,10,5,2,2,4
416,83,84,41931,152.8538647022137,64,1,0,0,1.7715406393673292,-0.011174409475643188,1.3493583388626575,1.1210364624857903,0.0016067415730337074,0.013090533233480528,0.2707436680793762,0.001460937550291419,0.5910387635231018,0.5836948752403259,0,116.84254455566406,-17.51797103881836,-2.9731788635253906,35.33967361972147,2.232421875,0,0.609375,39,8,5,2,4,6
417,83,84,41997,-53.664646077303026,66,0,1,0,2.869519462143407,-0.011174409475643188,1.3493583388626575,1.1210364624857903,0.0016067415730337074,0.013090533233480528,0.2707436680793762,0.001460937550291419,0.5910387635231018,0.5836948752403259,0,115.42688751220703,-17.912368774414062,-4.245520114898682,37.16585018670561,0.60986328125,0,0.5606060606060606,37,11,6,4,3,5
418,84,85,42066,150.4734981820204,69,1,0,0,1.6498324032824836,-0.01603794118273072,0.7832873463630676,1.0386544521898031,0.0015056179775280887,0.009810399737034459,-0.023644566535949707,0.0008437500218860805,0.5947259664535522,0.6309828162193298,0,116.47815704345703,-18.018205642700195,-2.7835707664489746,36.17174551324656,2.640625,0,0.5652173913043478,39,9,6,3,6,6
419,84,85,42138,142.23718501596053,72,1,0,0,1.972286306715706,-0.01603794118273072,0.7832873463630676,1.0386544521898031,0.0015056179775280887,0.009810399737034459,-0.023644566535949707,0.0008437500218860805,0.5947259664535522,0.6309828162193298,0,117.45657348632812,-17.08827018737793,-3.119968891143799,38.499851409650766,2.943359375,0,0.5416666666666666,39,10,7,3,6,7
420,84,85,42201,152.3589655187466,63,1,0,0,1.8413166262918368,-0.01603794118273072,0.7832873463630676,1.0386544521898031,0.0015056179775280887,0.009810399737034459,-0.023644566535949707,0.0008437500218860805,0.5947259664535522,0.6309828162193298,0,117.32565307617188,-17.2480411529541,-3.1248977184295654,35.64999428664965,2.482421875,0,0.6349206349206349,40,7,6,3,5,2
421,84,85,42291,147.86797523886742,90,1,0,0,1.8116371809712604,-0.01603794118273072,0.7832873463630676,1.0386544521898031,0.0015056179775280887,0.009810399737034459,-0.023644566535949707,0.0008437500218860805,0.5947259664535522,0.6309828162193298,0,118.96249389648438,-17.70391273498535,-3.224222183227539,43.247125273527956,2.482421875,0,0.45555555555555555,41,15,12,4,8,10
422,84,85,42365,133.8721217302033,74,1,0,0,1.690691853069898,-0.01603794118273072,0.7832873463630676,1.0386544521898031,0.0015056179775280887,0.009810399737034459,-0.023644566535949707,0.0008437500218860805,0.5947259664535522,0.6309828162193298,0,118.37672424316406,-17.621337890625,-2.308967351913452,41.13123836897118,1.9599609375,0,0.5405405405405406,40,12,8,3,7,4
423,84,85,42426,-51.79147645377544,61,0,1,0,2.4095233260347655,-0.01603794118273072,0.7832873463630676,1.0386544521898031,0.0015056179775280887,0.009810399737034459,-0.023644566535949707,0.0008437500218860805,0.5947259664535522,0.6309828162193298,0,115.77857208251953,-17.900514602661133,-3.781532049179077,35.19265440363735,1.509765625,0,0.6229508196721312,38,9,6,3,3,2
424,84,85,42499,151.08746909996847,73,1,0,0,1.8970944538384489,-0.01603794118273072,0.7832873463630676,1.0386544521898031,0.0015056179775280887,0.009810399737034459,-0.023644566535949707,0.0008437500218860805,0.5947259664535522,0.6309828162193298,0,117.61094665527344,-17.33541488647461,-3.8323073387145996,39.24756200569332,2.9765625,0,0.5342465753424658,39,11,8,4,5,6
425,85,86,42579,151.71429934298652,80,1,0,0,1.9266147999989691,-0.01562164825736545,0.7193666305392981,0.9764100406318903,0.0014044943820224719,0.008075305260717869,-0.01838850975036621,0.0004257812397554517,0.5962448120117188,0.6739978194236755,0,119.59384155273438,-18.59966278076172,-3.381563186645508,41.854887666086654,2.943359375,0,0.525,42,12,10,5,7,4
426,85,86,42638,142.17425494404725,59,1,0,0,1.8294320683656284,-0.01562164825736545,0.7193666305392981,0.9764100406318903,0.0014044943820224719,0.008075305260717869,-0.01838850975036621,0.0004257812397554517,0.5962448120117188,0.6739978194236755,0,118.1834716796875,-17.308801651000977,-2.5666637420654297,36.86027013487899,1.9130859375,0,0.6779661016949152,40,8,4,2,3,2
427,85,86,42702,151.96224258355005,64,1,0,0,1.9488722116746164,-0.01562164825736545,0.7193666305392981,0.9764100406318903,0.0014044943820224719,0.008075305260717869,-0.01838850975036621,0.0004257812397554517,0.5962448120117188,0.6739978194236755,0,117.19291687011719,-17.17327117919922,-2.9212729930877686,38.2737940892891,1.2734375,0,0.609375,39,9,7,1,2,6
428,85,86,42767,-46.56986323670179,65,0,1,0,2.231922783711777,-0.01562164825736545,0.7193666305392981,0.9764100406318903,0.0014044943820224719,0.008075305260717869,-0.01838850975036621,0.0004257812397554517,0.5962448120117188,0.6739978194236755,0,115.82842254638672,-17.918752670288086,-3.1488215923309326,36.18115342371842,2.400390625,0,0.5692307692307692,37,10,5,2,3,8
429,85,86,42826,152.24185690625302,59,1,0,0,1.5099126668394798,-0.01562164825736545,0.7193666305392981,0.9764100406318903,0.0014044943820224719,0.008075305260717869,-0.01838850975036621,0.0004257812397554517,0.5962448120117188,0.6739978194236755,0,116.9560546875,-17.951913833618164,-2.315154552459717,35.521985126614005,1.0478515625,0,0.6779661016949152,40,7,4,1,3,4
430,85,86,42882,156.1544729228126,56,1,0,0,1.6097899550129415,-0.01562164825736545,0.7193666305392981,0.9764100406318903,0.0014044943820224719,0.008075305260717869,-0.01838850975036621,0.0004257812397554517,0.5962448120117188,0.6739978194236755,0,116.54167938232422,-18.026256561279297,-2.6817197799682617,35.50511868983204,1.9951171875,0,0.6785714285714286,38,8,5,1,2,2
431,85,86,42948,151.9158357938707,66,1,0,0,1.9104416739237942,-0.01562164825736545,0.7193666305392981,0.9764100406318903,0.0014044943820224719,0.008075305260717869,-0.01838850975036621,0.0004257812397554517,0.5962448120117188,0.6739978194236755,0,117.86457061767578,-17.140548706054688,-3.2298738956451416,38.11763948237089,2.8359375,0,0.6060606060606061,40,9,8,2,4,3
432,86,87,43027,146.28920456611652,79,1,0,0,1.738187083542911,-0.022095754218753427,2.2035490684211254,0.9128487519919872,0.0013033707865168533,0.013934687245637178,0.024507343769073486,0.0007656249799765646,0.5958451628684998,0.6895859241485596,0,118.50210571289062,-17.512969970703125,-3.3887007236480713,42.61440702544074,1.5654296875,0,0.5316455696202531,42,11,9,6,8,3
433,86,87,43089,-85.1518047750231,62,0,1,0,7.694711705289221,-0.022095754218753427,2.2035490684211254,0.9128487519919872,0.0013033707865168533,0.013934687245637178,0.024507343769073486,0.0007656249799765646,0.5958451628684998,0.6895859241485596,0,110.41622924804688,-16.876605987548828,-2.174164295196533,34.414267559323505,0.472412109375,0,0.4838709677419355,30,11,8,2,6,5
434,86,87,43145,-45.52685701582099,56,0,1,0,2.6665762906744006,-0.022095754218753427,2.2035490684211254,0.9128487519919872,0.0013033707865168533,0.013934687245637178,0.024507343769073486,0.0007656249799765646,0.5958451628684998,0.6895859241485596,0,115.4084701538086,-17.901805877685547,-3.5637989044189453,34.88918337201897,2.8046875,0,0.6607142857142857,37,9,5,2,1,2
435,86,87,43212,152.75313251055928,67,1,0,0,1.992754050994052,-0.022095754218753427,2.2035490684211254,0.9128487519919872,0.0013033707865168533,0.013934687245637178,0.024507343769073486,0.0007656249799765646,0.5958451628684998,0.6895859241485596,0,119.1972427368164,-17.66402816772461,-3.130634069442749,38.688102432476384,2.09765625,0,0.6119402985074627,41,9,6,3,5,3
436,86,87,43268,155.405423020949,56,1,0,0,1.8119218313844292,-0.022095754218753427,2.2035490684211254,0.9128487519919872,0.0013033707865168533,0.013934687245637178,0.024507343769073486,0.0007656249799765646,0.5958451628684998,0.6895859241485596,0,116.7656478881836,-17.516801834106445,-2.9806830883026123,35.36718088006657,1.806640625,0,0.6964285714285714,39,8,5,1,2,1
437,86,87,43296,-73.51734747954082,28,0,1,0,17.829434355318966,-0.022095754218753427,2.2035490684211254,0.9128487519919872,0.0013033707865168533,0.013934687245637178,0.024507343769073486,0.0007656249799765646,0.5958451628684998,0.6895859241485596,0,101.12259674072266,-12.65898323059082,-3.760122776031494,17.107499972108137,1.3037109375,0,0.75,21,1,4,1,0,1
438,86,87,43360,148.84862432222968,64,1,0,0,1.7984486492216856,-0.022095754218753427,2.2035490684211254,0.9128487519919872,0.0013033707865168533,0.013934687245637178,0.024507343769073486,0.0007656249799765646,0.5958451628684998,0.6895859241485596,0,118.18038177490234,-17.362489700317383,-3.510265588760376,37.67256367490378,1.7412109375,0,0.625,40,8,5,3,2,6
439,86,87,43421,152.50725933330932,61,1,0,0,1.703098886281141,-0.022095754218753427,2.2035490684211254,0.9128487519919872,0.0013033707865168533,0.013934687245637178,0.024507343769073486,0.0007656249799765646,0.5958451628684998,0.6895859241485596,0,116.8377685546875,-17.713594436645508,-3.5497283935546875,36.628475859291505,2.943359375,0,0.639344262295082,39,9,5,3,4,1
440,86,87,43480,-58.91377735255383,59,0,1,0,2.18298991893668,-0.022095754218753427,2.2035490684211254,0.9128487519919872,0.0013033707865168533,0.013934687245637178,0.024507343769073486,0.0007656249799765646,0.5958451628684998,0.6895859241485596,0,115.98841857910156,-17.971033096313477,-2.2878329753875732,36.60180968547663,0.9912109375,0,0.6271186440677966,37,10,5,1,3,3
441,87,88,43545,154.47927848314322,65,1,0,0,1.739444273250296,-0.0029738243902102113,1.4195668958127499,1.1314741373062134,0.0012022471910112364,0.03160620806738734,0.46900492906570435,0.0026562500279396772,0.5858339071273804,0.5619102120399475,0,119.03115844726562,-17.94989776611328,-3.473666191101074,41.100499442848175,2.443359375,0,0.6307692307692307,41,10,6,3,3,2
442,87,88,43571,-73.17996125398275,26,0,1,0,17.963996380616493,-0.0029738243902102113,1.4195668958127499,1.1314741373062134,0.0012022471910112364,0.03160620806738734,0.46900492906570435,0.0026562500279396772,0.5858339071273804,0.5619102120399475,0,100.88518524169922,-12.863659858703613,-2.9123764038085938,16.278874421202225,0.89111328125,0,0.8076923076923077,21,0,3,1,1,0
443,87,88,43633,154.8798175001793,62,1,0,0,1.995700333441925,-0.0029738243902102113,1.4195668958127499,1.1314741373062134,0.0012022471910112364,0.03160620806738734,0.46900492906570435,0.0026562500279396772,0.5858339071273804,0.5619102120399475,0,116.90254211425781,-17.349048614501953,-2.3555092811584473,37.026946809723086,2.58984375,0,0.6290322580645161,39,7,5,2,5,4
444,87,88,43783,-27.32906728353685,150,0,0,0,23.004902567457364,-0.0029738243902102113,1.4195668958127499,1.1314741373062134,0.0012022471910112364,0.03160620806738734,0.46900492906570435,0.0026562500279396772,0.5858339071273804,0.5619102120399475,1,132.94569396972656,-36.307090759277344,-2.62707257270813,73.54230909591674,2.14453125,0,0.38666666666666666,58,39,12,10,18,13
445,87,88,43933,-41.45668710501061,150,0,0,0,31.377027388449903,-0.0029738243902102113,1.4195668958127499,1.1314741373062134,0.0012022471910112364,0.03160620806738734,0.46900492906570435,0.0026562500279396772,0.5858339071273804,0.5619102120399475,1,147.7819366455078,-28.148141860961914,-2.7173871994018555,82.73498259175352,1.79296875,0,0.5133333333333333,77,28,12,8,13,12
446,87,88,43991,154.12742403844027,58,1,0,0,1.9042424752175202,-0.0029738243902102113,1.4195668958127499,1.1314741373062134,0.0012022471910112364,0.03160620806738734,0.46900492906570435,0.0026562500279396772,0.5858339071273804,0.5619102120399475,0,117.42185974121094,-17.4782657623291,-1.9579991102218628,38.12829833169682,1.50390625,0,0.6724137931034483,39,8,5,1,3,2
447,88,89,44049,150.42258581559682,58,1,0,0,1.905704947267125,-0.010820333729498088,0.9118201769888401,1.0119928233325481,0.0011011235955056178,0.00890938507654937,0.5188261866569519,0.0017500000540167093,0.5975543856620789,0.6506006121635437,0,116.98284912109375,-17.82676887512207,-4.255604267120361,36.281111465471305,1.158203125,0,0.6724137931034483,39,9,5,2,0,3
448,88,89,44112,152.05591321113033,63,1,0,0,1.7412204665635505,-0.010820333729498088,0.9118201769888401,1.0119928233325481,0.0011011235955056178,0.00890938507654937,0.5188261866569519,0.0017500000540167093,0.5975543856620789,0.6506006121635437,0,117.690185546875,-17.6611328125,-1.9310038089752197,38.42179051574634,2.201171875,0,0.6190476190476191,39,11,7,0,4,2
449,88,89,44179,151.9538568383189,67,1,0,0,1.60793620634013,-0.010820333729498088,0.9118201769888401,1.0119928233325481,0.0011011235955056178,0.00890938507654937,0.5188261866569519,0.0017500000540167093,0.5975543856620789,0.6506006121635437,0,117.61058044433594,-17.435325622558594,-2.9075217247009277,38.3167925224355,2.572265625,0,0.582089552238806,39,9,7,3,4,5
450,88,89,44238,-45.85052779951584,59,0,1,0,2.3788198941476533,-0.010820333729498088,0.9118201769888401,1.0119928233325481,0.0011011235955056178,0.00890938507654937,0.5188261866569519,0.0017500000540167093,0.5975543856620789,0.6506006121635437,0,115.7213363647461,-17.845144271850586,-2.6751153469085693,34.03741619496454,1.3623046875,0,0.6271186440677966,37,8,4,2,4,4
451,88,89,44388,-8.148122318564194,150,0,0,0,10.004606851806473,-0.010820333729498088,0.9118201769888401,1.0119928233325481,0.0011011235955056178,0.00890938507654937,0.5188261866569519,0.0017500000540167093,0.5975543856620789,0.6506006121635437,1,127.1163558959961,-22.55327796936035,-3.269935131072998,64.70609629201826,2.76953125,0,0.3333333333333333,50,24,16,18,23,19
452,88,89,44449,155.78137133335923,61,1,0,0,1.8640209576355113,-0.010820333729498088,0.9118201769888401,1.0119928233325481,0.0011011235955056178,0.00890938507654937,0.5188261866569519,0.0017500000540167093,0.5975543856620789,0.6506006121635437,0,116.669677734375,-17.544424057006836,-3.2750301361083984,36.65719488578891,1.94921875,0,0.639344262295082,39,10,6,1,2,3
453,89,90,44510,151.5271185597104,61,1,0,0,1.8993893840560918,-0.01889668413787149,0.5570958405733109,1.007136607542634,0.0009999999999999992,0.01054861729789991,0.8700293302536011,0.0017695312853902578,0.5974915623664856,0.6518007516860962,0,116.5163803100586,-17.619691848754883,-3.2659990787506104,36.56027351526112,1.8505859375,0,0.6229508196721312,38,8,5,3,3,4
454,89,90,44568,153.75558353559694,58,1,0,0,1.9947825488206476,-0.01889668413787149,0.5570958405733109,1.007136607542634,0.0009999999999999992,0.01054861729789991,0.8700293302536011,0.0017695312853902578,0.5974915623664856,0.6518007516860962,0,117.38249206542969,-17.193950653076172,-3.673696994781494,36.49423910572579,2.197265625,0,0.6724137931034483,39,10,6,1,1,1
455,89,90,44625,155.94855874979993,57,1,0,0,1.7965570062663276,-0.01889668413787149,0.5570958405733109,1.007136607542634,0.0009999999999999992,0.01054861729789991,0.8700293302536011,0.0017695312853902578,0.5974915623664856,0.6518007516860962,0,116.69692993164062,-17.637483596801758,-3.3946259021759033,36.080666832736895,2.318359375,0,0.6842105263157895,39,8,5,1,0,4
456,89,90,44694,152.772087473076,69,1,0,0,1.6245768804923406,-0.01889668413787149,0.5570958405733109,1.007136607542634,0.0009999999999999992,0.01054861729789991,0.8700293302536011,0.0017695312853902578,0.5974915623664856,0.6518007516860962,0,116.86103057861328,-17.678407669067383,-3.025479555130005,38.20618777707124,2.919921875,0,0.5507246376811594,38,11,7,3,5,5
457,89,90,44844,-70.0936175633092,150,0,0,0,30.32987631426365,-0.01889668413787149,0.5570958405733109,1.007136607542634,0.0009999999999999992,0.01054861729789991,0.8700293302536011,0.0017695312853902578,0.5974915623664856,0.6518007516860962,1,121.2894515991211,-49.14352798461914,-3.9123823642730713,76.17804101765316,1.4833984375,1,0.36,47,54,13,8,11,17
458,89,90,44910,152.34652255920219,66,1,0,0,1.9972722425976512,-0.01889668413787149,0.5570958405733109,1.007136607542634,0.0009999999999999992,0.01054861729789991,0.8700293302536011,0.0017695312853902578,0.5974915623664856,0.6518007516860962,0,116.1964111328125,-17.788467407226562,-2.926328182220459,37.012866714683994,2.349609375,0,0.5757575757575758,38,9,6,4,6,3
459,89,90,44974,156.42818989205466,64,1,0,0,1.9113366053904466,-0.01889668413787149,0.5570958405733109,1.007136607542634,0.0009999999999999992,0.01054861729789991,0.8700293302536011,0.0017695312853902578,0.5974915623664856,0.6518007516860962,0,118.18785858154297,-17.316864013671875,-3.7198262214660645,38.301321882827594,2.142578125,0,0.625,40,10,7,1,1,5
