episode,global_step,reward,steps,success,collision,out_of_altitude,final_distance,epsilon,mean_loss,timeout,final_x,final_y,final_z,path_length_m,min_depth_m,dominant_action,dominant_action_fraction
1,9,-103.36206923208853,9,0,0,1,30.234518869721384,0.999829,nan,0,87.72877502441406,-16.163131713867188,-0.9473043084144592,4.043383725915978,0.2091064453125,4,0.5555555555555556
2,21,-106.87360389078067,12,0,0,1,30.780090085767807,0.999601,nan,0,87.05473327636719,-18.268428802490234,-0.9360067844390869,5.146294372415729,0.8349609375,4,0.4166666666666667
3,166,-183.88972650498903,145,0,1,0,13.8986710732528,0.996846,nan,0,104.83684539794922,-18.263505935668945,-8.067034721374512,57.00499444552011,0.5185546875,1,0.20689655172413793
4,221,-99.3943417314327,55,0,1,0,24.6273686402441,0.995801,nan,0,93.20814514160156,-17.893871307373047,-4.6156158447265625,21.440087531027107,0.66650390625,1,0.2909090909090909
5,327,-91.18497591389438,106,0,1,0,17.863372883942894,0.993787,nan,0,100.3525161743164,-15.191868782043457,-4.2079362869262695,37.59677005200657,0.378173828125,5,0.2169811320754717
6,440,-212.67535783068433,113,0,0,1,24.57316555901248,0.99164,nan,0,94.86681365966797,-13.81287670135498,-10.256570816040039,40.262620264163964,5.4296875,3,0.24778761061946902
7,552,-172.84198453874234,112,0,0,1,20.40352082608701,0.989512,nan,0,99.6758804321289,-12.688577651977539,-10.010602951049805,41.470310399502885,2.8984375,2,0.19642857142857142
8,609,-104.07596359137484,57,0,1,0,26.12637466063392,0.988429,nan,0,91.89727020263672,-21.479312896728516,-5.821666717529297,19.733701352063047,0.70458984375,3,0.24561403508771928
9,756,-143.90073259249579,147,0,0,1,14.822404001315649,0.985636,nan,0,109.96265411376953,-6.617307186126709,-0.8125951290130615,56.83292683528724,1.6630859375,0,0.2108843537414966
10,866,-153.16602611441718,110,0,0,1,23.990630706736376,0.983546,nan,0,94.87662506103516,-20.008392333984375,-10.150882720947266,38.090279922854336,1.2646484375,5,0.2636363636363636
11,985,-124.57267122706126,119,0,1,0,16.459262071923902,0.981285,nan,0,102.05927276611328,-14.175024032592773,-2.158494710922241,43.35533143883011,0.386962890625,5,0.20168067226890757
12,1059,-129.03539935313592,74,0,1,0,23.537006460345793,0.979879,0.7976960861434539,0,94.39771270751953,-16.288759231567383,-2.0839757919311523,28.052261150786254,0.223876953125,4,0.21621621621621623
13,1187,-229.07027856009844,128,0,0,1,18.65640875357453,0.977447,0.9420385473058559,0,100.62540435791016,-20.874143600463867,-10.156685829162598,44.91008876713708,2.201171875,1,0.2109375
14,1206,-116.71881093472108,19,0,0,1,31.197764607874152,0.977086,0.9444928804510518,0,86.95661926269531,-14.54821491241455,-0.8592653274536133,5.501559946146979,0.931640625,5,0.3684210526315789
15,1300,-118.48948208593212,94,0,1,0,24.417823338537726,0.9753000000000001,1.2357294674407928,0,93.44691467285156,-17.294940948486328,-4.511123180389404,35.531919770313024,0.426025390625,1,0.22340425531914893
16,1450,-40.77771406329623,150,0,0,0,13.64225485319198,0.97245,0.908296430024008,1,106.53003692626953,-11.337295532226562,-3.921743392944336,55.70945862474522,0.3056640625,4,0.18666666666666668
17,1529,-124.03684278473857,79,0,1,0,24.072976932555825,0.970949,0.9455344542813829,0,93.87288665771484,-17.710235595703125,-5.711597919464111,29.04822229944241,0.62646484375,1,0.21518987341772153
18,1588,-100.2322350602913,59,0,1,0,25.440250323576105,0.969828,1.2385392787282246,0,92.4012680053711,-20.131380081176758,-4.771908283233643,20.967628981518637,0.69775390625,3,0.22033898305084745
19,1666,-113.41867132121581,78,0,1,0,23.624969748898838,0.968346,0.93703301757192,0,94.25566101074219,-16.683618545532227,-2.4092631340026855,28.87786627793682,0.2286376953125,4,0.23076923076923078
20,1688,-103.35810508143973,22,0,1,0,29.78691817537223,0.967928,1.6505627885291523,0,88.24895477294922,-15.273961067199707,-1.432555079460144,7.7616339306872835,1.87109375,4,0.36363636363636365
21,1838,-55.64926809635557,150,0,0,0,7.430513086038771,0.965078,1.0861722044150035,1,113.41119384765625,-14.732789039611816,-7.223123073577881,55.359193336456606,0.51806640625,0,0.23333333333333334
22,1879,-103.59030927012927,41,0,0,1,25.845625506451835,0.964299,1.1328837315029487,0,92.02313995361328,-18.268857955932617,-0.7099599242210388,15.877382641164793,1.05078125,1,0.21951219512195122
23,1969,-129.13520906337942,90,0,1,0,18.002772931260356,0.962589,0.8333597861851255,0,100.76482391357422,-13.141399383544922,-3.8228161334991455,30.34272636187876,0.1685791015625,0,0.2111111111111111
24,2119,-201.53097385660766,150,0,0,1,17.514400841432916,0.959739,1.0711300315707921,0,104.05274200439453,-10.777071952819824,-10.127278327941895,50.66001303098406,0.58203125,3,0.23333333333333334
25,2201,-109.5431621449653,82,0,1,0,18.719519645006915,0.958181,1.1573988763024894,0,99.33387756347656,-16.012422561645508,-4.377347946166992,27.749623799764045,0.4482421875,0,0.2073170731707317
26,2299,-160.1786358178952,98,0,0,1,19.952449120399944,0.956319,1.4147255447103966,0,101.2193374633789,-10.430912017822266,-10.115187644958496,34.725763673376846,1.798828125,3,0.21428571428571427
27,2364,-107.78173639173724,65,0,1,0,23.794649513768388,0.955084,1.4827356175447886,0,94.03179168701172,-17.306385040283203,-3.602189302444458,22.80690424764098,0.19677734375,1,0.2153846153846154
28,2448,-108.36025819747792,84,0,1,0,25.86910757593989,0.953488,1.0014014780477045,0,92.12384796142578,-22.521564483642578,-3.2010040283203125,27.250226702321704,0.135986328125,1,0.23809523809523808
29,2485,-95.91646333476407,37,0,1,0,23.921898922185896,0.952785,0.4241752742311439,0,94.16596984863281,-15.527704238891602,-4.863763809204102,14.981779954023725,0.37255859375,0,0.35135135135135137
30,2635,-94.17603914138795,150,0,0,0,14.373022525723563,0.949935,0.9465250022336841,1,106.37983703613281,-11.930964469909668,-8.16851806640625,50.794535421727254,2.08984375,5,0.20666666666666667
31,2739,-178.7279344589577,104,0,0,1,15.497732890359162,0.947959,1.1935622463755022,0,104.14781188964844,-17.252805709838867,-10.198908805847168,38.36951220005692,1.6337890625,3,0.2403846153846154
32,2791,-91.12228774905263,52,0,1,0,22.906102548597822,0.946971,0.9317067857258595,0,95.1509780883789,-15.51961612701416,-4.160317420959473,18.60428314455235,0.1434326171875,0,0.23076923076923078
33,2851,-105.08254922673385,60,0,1,0,25.04553545056252,0.945831,1.4400604014284908,0,92.77369689941406,-19.107391357421875,-4.777073860168457,19.72226484440174,0.69921875,1,0.2
34,2905,-97.39786349674682,54,0,1,0,24.556567665868247,0.944805,0.7925342002676593,0,93.36290740966797,-17.49246597290039,-5.371860504150391,17.473339341675292,0.108642578125,5,0.24074074074074073
35,2932,-106.9181588260852,27,0,1,0,29.225480348176962,0.944292,0.992333289373804,0,88.6857681274414,-16.443439483642578,-1.4705175161361694,7.9578158541348705,2.23828125,5,0.2962962962962963
36,2965,-104.04436382285115,33,0,0,1,26.230173826530642,0.943665,1.2592034923815818,0,91.6978988647461,-17.064987182617188,-0.7371759414672852,11.16104081497329,1.55078125,4,0.30303030303030304
37,2983,-112.06614899105107,18,0,0,1,28.124264470725905,0.943323,0.7763485917821527,0,89.94344329833984,-15.398615837097168,-0.9457547068595886,7.053465715263542,0.357177734375,4,0.3888888888888889
38,3035,-123.86440944141141,52,0,1,0,19.86592670519566,0.942335,1.3681352369917126,0,98.02277374267578,-16.864765167236328,-2.2588889598846436,20.44714547422307,1.3701171875,0,0.3076923076923077
39,3185,-322.55804202400054,150,0,0,1,16.031462139977112,0.939485,1.0150835673511027,0,107.01298522949219,-9.414290428161621,-10.00404167175293,51.80972518631889,3.154296875,3,0.19333333333333333
40,3240,-94.15906999918276,55,0,1,0,24.27731422776316,0.93844,1.215837113288316,0,93.48604583740234,-18.77680015563965,-2.4604082107543945,20.506987344494572,0.1849365234375,4,0.21818181818181817
41,3390,-61.102372442488914,150,0,0,0,11.238367112041296,0.93559,1.3773549392819404,1,110.80259704589844,-11.242308616638184,-7.152183532714844,54.74314158777554,1.8525390625,0,0.20666666666666667
42,3540,-18.042479734287568,150,0,0,0,12.919239093354577,0.93274,1.1211657113209368,1,107.56336212158203,-11.154683113098145,-2.0339579582214355,50.59579972593076,1.5810546875,5,0.22666666666666666
43,3690,-28.20109238452498,150,0,0,0,8.063368843014038,0.92989,1.005370723915597,1,116.7926254272461,-11.496977806091309,-5.698726177215576,57.64402505157275,2.130859375,0,0.25333333333333335
44,3737,-95.16078034336464,47,0,1,0,25.207161752019093,0.928997,1.1661469819856451,0,92.63488006591797,-19.487281799316406,-5.030978202819824,15.82797672179098,0.7216796875,5,0.2553191489361702
45,3785,-100.37421648573884,48,0,1,0,23.407992037376875,0.928085,1.173001387078936,0,94.6302490234375,-16.075664520263672,-5.093318939208984,16.60560191244851,0.376708984375,0,0.25
46,3926,-177.94928696843706,141,0,0,1,15.45344310067287,0.925406,1.081537410735767,0,106.15689849853516,-12.03979778289795,-10.439817428588867,46.526135870466646,2.05859375,3,0.22695035460992907
47,4076,-102.53524664860353,150,0,0,0,13.285084185339123,0.922556,1.1029645712176959,1,105.35831451416016,-15.94910717010498,-6.636706352233887,51.86810834472927,1.5625,1,0.2
48,4226,-27.756174749775823,150,0,0,0,14.550665202220598,0.919706,1.140402171400686,1,112.240234375,-5.6100382804870605,-4.046632289886475,56.46079560163272,1.806640625,0,0.21333333333333335
49,4276,-96.20693537767616,50,0,1,0,24.290995642580306,0.918756,0.9657674194872379,0,93.60472106933594,-16.813615798950195,-4.355761528015137,17.465910393271493,0.66845703125,0,0.22
50,4328,-96.65243469278327,52,0,1,0,25.72482639964406,0.917768,0.9864664873681389,0,92.12869262695312,-20.849288940429688,-4.308639049530029,17.582664917586747,0.6845703125,1,0.23076923076923078
51,4443,-99.78311690474152,115,0,1,0,17.464208863331013,0.915583,1.0469533353720022,0,101.00306701660156,-14.110273361206055,-3.307804584503174,40.44962786185351,0.720703125,4,0.21739130434782608
52,4520,-125.94083705922658,77,0,1,0,20.79864410062218,0.91412,1.180364689608286,0,99.30059051513672,-9.589814186096191,-1.3501204252243042,28.813233265369984,0.7939453125,0,0.23376623376623376
53,4591,-84.0551543434699,71,0,1,0,17.69963596778139,0.912771,0.9030041574487384,0,100.70010375976562,-14.467398643493652,-4.232748508453369,24.923303723511637,0.2939453125,0,0.2676056338028169
54,4664,-98.9537233763471,73,0,1,0,22.287575801049687,0.911384,1.103647804040819,0,95.82949829101562,-15.422411918640137,-4.709090232849121,26.121941830150217,0.216552734375,1,0.1917808219178082
55,4758,-109.23117835075789,94,0,0,1,18.040607718043294,0.909598,1.2853580976816568,0,100.30657196044922,-14.983744621276855,-0.8607432842254639,34.54706057942359,0.677734375,4,0.23404255319148937
56,4908,-87.25203913701156,150,0,0,0,7.591895699919447,0.906748,0.7784388977165023,1,113.36833190917969,-13.458271980285645,-5.698469161987305,55.538151852895275,0.99169921875,0,0.22666666666666666
57,5058,-56.7599711104551,150,0,0,0,7.394690726297111,0.903898,0.8484140219911933,1,114.55400085449219,-12.463966369628906,-4.129479885101318,57.039575253518656,0.80517578125,0,0.24
58,5168,-173.07503466423321,110,0,0,1,12.2370231372497,0.901808,1.3081262385303325,0,108.24857330322266,-15.83309268951416,-10.00769329071045,42.28726782056089,2.01953125,0,0.2636363636363636
59,5318,-87.53469039681045,150,0,0,0,11.300246564838817,0.898958,0.8484673692534367,1,108.79425048828125,-13.679312705993652,-7.325499057769775,53.303699465291096,2.84375,0,0.2
60,5468,-26.031067616053427,150,0,0,0,13.347245019062502,0.896108,1.0962043026834727,1,111.71477508544922,-7.1681718826293945,-3.924485921859741,53.18326405018634,1.8291015625,0,0.21333333333333335
61,5516,-89.80241382419446,48,0,1,0,23.632424155253126,0.895196,0.7357224140626689,0,94.23310089111328,-16.76153564453125,-3.0243868827819824,17.646894141869986,0.11090087890625,0,0.25
62,5597,-108.48708519659681,81,0,1,0,16.09889587510852,0.893657,1.3105996696531406,0,102.33768463134766,-14.481969833374023,-2.1461727619171143,28.564922396579973,0.51220703125,0,0.25925925925925924
63,5747,-56.27657765657531,150,0,0,0,13.391189537878036,0.890807,0.8419137415289879,1,114.43023681640625,-6.456662654876709,-6.17393159866333,54.08053362560118,1.8525390625,0,0.23333333333333334
64,5803,-100.50045864832087,56,0,1,0,24.089569569047985,0.889743,0.6616668269769954,0,93.69625091552734,-18.162954330444336,-3.8228702545166016,19.29843409206659,0.142333984375,0,0.19642857142857142
65,5953,-34.046874692503465,150,0,0,0,11.045398399346054,0.886893,1.3217008287211258,1,116.3033676147461,-8.108363151550293,-3.7219033241271973,57.55744394073264,1.0361328125,0,0.25333333333333335
66,6103,-71.53385355266997,150,0,0,0,7.540648791488689,0.884043,1.0288262070467076,1,111.5139389038086,-17.32149887084961,-6.868513584136963,56.18785546321295,0.423583984375,0,0.21333333333333335
67,6166,-96.52535564971147,63,0,1,0,24.375886165618073,0.882846,1.082240342088635,0,93.48841094970703,-17.187002182006836,-4.362551689147949,21.227923317194076,0.6435546875,1,0.19047619047619047
68,6209,-92.48005800344202,43,0,1,0,24.62002364957983,0.882029,1.1101073234580283,0,93.20626831054688,-17.89610481262207,-4.474858283996582,14.731200169336894,0.7021484375,0,0.23255813953488372
69,6279,-111.91488977711943,70,0,1,0,21.174730863537395,0.880699,1.0805741597499166,0,96.94754791259766,-15.476770401000977,-4.65035343170166,22.12369229939467,0.77001953125,0,0.21428571428571427
70,6429,-134.57711849914506,150,0,0,0,10.40347706346799,0.877849,1.166919214874506,1,109.957275390625,-21.93563461303711,-9.244417190551758,53.05551294728444,1.2802734375,0,0.2
71,6477,-96.92944220090195,48,0,1,0,23.467503074884117,0.8769370000000001,1.0847690985538065,0,94.4729232788086,-16.09818458557129,-2.94498348236084,16.653223533272318,0.325439453125,0,0.25
72,6524,-91.99516670170709,47,0,1,0,25.33308314601332,0.876044,1.2653447145477255,0,92.53593444824219,-21.42329978942871,-3.0681304931640625,15.894904374584273,0.1097412109375,5,0.2553191489361702
73,6631,-86.71517205216696,107,0,1,0,12.032533388385495,0.874011,0.6443899203544465,0,106.58667755126953,-14.55880069732666,-3.026210308074951,40.18686354144216,0.78076171875,0,0.24299065420560748
74,6736,-107.20843882861854,105,0,1,0,17.521991229726755,0.872016,1.0125055499729656,0,100.7400894165039,-15.037571907043457,-4.2287278175354,40.06947331229234,0.30322265625,1,0.19047619047619047
75,6796,-100.50218409852368,60,0,1,0,24.16742009685634,0.870876,0.8297318470974763,0,93.797607421875,-16.315086364746094,-4.633134365081787,20.15676869488822,0.2183837890625,0,0.2
76,6838,-96.72641089278348,42,0,1,0,24.35910295117083,0.870078,1.2886573379593236,0,93.53416442871094,-17.016368865966797,-4.609066009521484,15.125084167946767,0.68505859375,0,0.2857142857142857
77,6963,-179.16085309527656,125,0,1,0,14.916765424480031,0.867703,0.8783969518244267,0,103.8952865600586,-19.461362838745117,-8.496169090270996,42.988956765810606,0.1307373046875,3,0.208
78,7019,-110.81389087526746,56,0,1,0,23.471114372811726,0.8666389999999999,1.0658145188353956,0,94.4709243774414,-16.08469581604004,-2.9917547702789307,20.4195276876019,0.468994140625,0,0.21428571428571427
79,7062,-89.63159906346648,43,0,1,0,24.46477630101182,0.865822,1.1632766030555548,0,93.30419921875,-19.29257583618164,-2.2517764568328857,15.665620392766392,0.1241455078125,0,0.2558139534883721
80,7073,-108.06236432571326,11,0,0,1,31.726832423660852,0.865613,1.4235227013176137,0,86.68240356445312,-12.964105606079102,-0.9555239677429199,4.31213441489795,1.2705078125,4,0.45454545454545453
81,7144,-109.01994150700403,71,0,1,0,23.7894665045236,0.864264,0.8989668437607692,0,94.38229370117188,-14.891550064086914,-4.564825534820557,20.889945760677136,0.372314453125,5,0.2535211267605634
82,7187,-90.5981617914572,43,0,1,0,23.475448434059828,0.863447,0.6243199860287267,0,94.47053527832031,-16.054529190063477,-3.1045355796813965,16.595327927364515,0.482421875,0,0.27906976744186046
83,7217,-89.2769281823545,30,0,1,0,23.930387315267073,0.862877,1.0459447215000788,0,94.04331970214844,-16.019386291503906,-4.129584789276123,11.671931414404368,0.5458984375,0,0.36666666666666664
84,7305,-124.5897030464239,88,0,0,1,18.409643753101054,0.861205,0.802962757223709,0,101.95580291748047,-9.86168384552002,-0.7278594970703125,34.95982814508881,0.79150390625,0,0.22727272727272727
85,7347,-94.27756608381618,42,0,1,0,24.379326516890412,0.860407,0.8962267502432778,0,93.48188018798828,-17.192962646484375,-4.315009593963623,16.073251165864207,0.63720703125,0,0.2619047619047619
86,7497,-60.01557134369396,150,0,0,0,6.8207751572756505,0.857557,0.9709942229340474,1,115.21741485595703,-12.706802368164062,-3.056359052658081,58.212653909323684,0.60400390625,0,0.24666666666666667
87,7534,-104.81828236253878,37,0,1,0,23.59122625017184,0.856854,0.9980099442842845,0,94.31900787353516,-16.497081756591797,-2.0958971977233887,13.807397726615624,0.1595458984375,0,0.2972972972972973
88,7684,-29.75308524098552,150,0,0,0,8.857230193208714,0.854004,0.9708695950359106,1,116.92497253417969,-10.534366607666016,-5.348649024963379,57.74013496068253,1.2255859375,0,0.26
89,7780,-111.63427416601922,96,0,1,0,17.35965463097295,0.85218,1.1438859484624118,0,101.61830139160156,-12.822037696838379,-4.5309529304504395,34.53499683061908,1.2578125,0,0.20833333333333334
90,7808,-85.46732583213809,28,0,1,0,23.84276307441411,0.851648,0.5830733909138611,0,93.9675521850586,-17.456594467163086,-3.3144731521606445,11.487918787724336,0.21533203125,0,0.42857142857142855
91,7856,-91.8066066333641,48,0,1,0,23.872820424715293,0.8507359999999999,0.7213348974473774,0,93.93522644042969,-17.496286392211914,-3.3506710529327393,16.541009873661473,0.1240234375,0,0.22916666666666666
92,7895,-85.62055880814243,39,0,1,0,23.09890103783536,0.8499950000000001,1.0226404787256167,0,94.87049102783203,-15.903785705566406,-3.1202776432037354,14.812083168974034,1.267578125,0,0.3333333333333333
93,7941,-90.62740920070888,46,0,1,0,22.852633834450668,0.849121,0.8596104179387507,0,95.12669372558594,-15.874228477478027,-3.4161906242370605,18.152945145986628,0.8662109375,0,0.2608695652173913
94,8028,-94.5456053456951,87,0,1,0,17.50174454174708,0.847468,1.4982258349485782,0,100.8566665649414,-14.796881675720215,-4.66445779800415,30.607374095541058,0.3681640625,0,0.21839080459770116
95,8067,-109.36472184474898,39,0,0,1,26.415552627503114,0.846727,1.4152978731271548,0,91.91410064697266,-13.98104190826416,-0.9032025933265686,13.746244635752102,2.40234375,4,0.3076923076923077
96,8217,-102.29045563596696,150,0,0,0,10.266614962998549,0.843877,1.0812363543361425,1,107.8709716796875,-17.779916763305664,-5.473231315612793,53.83136712394351,1.232421875,0,0.18666666666666668
97,8367,-22.655516168289566,150,0,0,0,8.796343544686717,0.841027,1.0213648825138808,1,111.58890533447266,-12.96407699584961,-4.580708026885986,52.82167082771694,1.69140625,0,0.21333333333333335
98,8405,-101.90249677100925,38,0,1,0,26.52658581252299,0.840305,1.0391030255705118,0,91.5063247680664,-22.53664779663086,-4.531588554382324,15.41871207479585,0.70556640625,1,0.34210526315789475
99,8555,-56.663476828278576,150,0,0,0,8.057846189468114,0.8374550000000001,1.0226170584311087,1,120.77346801757812,-11.68658447265625,-4.356192111968994,59.57559867095513,1.603515625,0,0.29333333333333333
100,8705,-37.194293442931404,150,0,0,0,7.8250462422187805,0.834605,1.0445282608022293,1,110.57918548583984,-17.08696937561035,-5.435929775238037,55.71494586747303,1.0224609375,0,0.20666666666666667
101,8855,-38.67942869347509,150,0,0,0,10.567206715050611,0.831755,1.1792718775570392,1,108.04833221435547,-18.59830093383789,-7.15066385269165,49.04528702244453,0.74462890625,1,0.19333333333333333
102,8887,-108.86094161406263,32,0,1,0,23.56767965240657,0.831147,0.9206987756770104,0,94.40730285644531,-16.246623992919922,-1.417470097541809,12.666062594653118,0.14404296875,0,0.34375
103,9037,-43.69674892448276,150,0,0,0,9.679928060368209,0.8282970000000001,0.9661747440944115,1,112.38198852539062,-11.710552215576172,-6.345926284790039,58.30756783070891,1.7841796875,0,0.22666666666666666
104,9125,-84.70411593262456,88,0,1,0,16.93289790483728,0.8266249999999999,1.12648372720419,0,101.51441192626953,-14.267523765563965,-3.432452440261841,31.558223265940796,0.9326171875,0,0.22727272727272727
105,9275,-44.488958150787504,150,0,0,0,3.4795854325610867,0.823775,0.9839109277973572,1,114.59568786621094,-17.769176483154297,-3.7212235927581787,58.903795449407205,0.5634765625,0,0.24
106,9425,-52.313677036192374,150,0,0,0,10.611741374802051,0.820925,1.054625005821387,1,112.77340698242188,-10.15568733215332,-5.993056297302246,55.288510954785245,2.982421875,0,0.22666666666666666
107,9478,-112.34069562423967,53,0,0,1,27.757222282613103,0.819918,1.4143589458797339,0,90.1648941040039,-16.98386001586914,-0.7636179327964783,18.406914888709576,1.8486328125,4,0.2641509433962264
108,9573,-82.78508726453049,95,0,1,0,15.33695714437423,0.818113,1.0085354959102053,0,102.48851776123047,-18.136789321899414,-4.149457931518555,37.20604269845583,0.51220703125,0,0.23157894736842105
109,9723,-11.3382442901992,150,0,0,0,9.774207209948889,0.8152630000000001,0.917296877677242,1,109.32698059082031,-14.100956916809082,-2.6817169189453125,51.833179976551904,0.392822265625,5,0.21333333333333335
110,9763,-91.61136488220201,40,0,1,0,23.770956832923662,0.814503,0.5844793619588018,0,94.09721374511719,-17.065753936767578,-4.176681995391846,13.785202156212154,0.2073974609375,0,0.3
111,9791,-89.03278072396715,28,0,1,0,23.554231162749698,0.813971,1.6018303292138236,0,94.3924789428711,-16.07063102722168,-3.407595157623291,12.044077583582474,0.46435546875,0,0.42857142857142855
112,9802,-99.64839269820804,11,0,1,0,29.66405806727915,0.813762,1.6605782234533266,0,88.36492919921875,-15.333998680114746,-1.4407410621643066,3.7495274592657513,2.9296875,0,0.36363636363636365
113,9952,-29.489094576560728,150,0,0,0,9.788256736352073,0.8109120000000001,0.9259336127340794,1,113.34789276123047,-10.295001029968262,-3.0919647216796875,55.21882754779774,1.1513671875,0,0.22666666666666666
114,9998,-97.74759898223824,46,0,1,0,23.880065076897555,0.810038,1.0704312568287486,0,93.94149780273438,-17.496835708618164,-3.8741390705108643,16.109225982330308,0.140869140625,0,0.2391304347826087
115,10148,-32.16705517057086,150,0,0,0,7.931182225123854,0.807188,1.0145741170148055,1,122.68328094482422,-12.820075988769531,-2.8872952461242676,58.346888419540306,2.498046875,0,0.30666666666666664
116,10192,-104.67031548488967,44,0,1,0,25.845487490011738,0.806352,1.3485645196315916,0,92.19567108154297,-20.65586280822754,-6.475647926330566,15.848153496104556,0.11590576171875,3,0.25
117,10249,-81.96387017270989,57,0,1,0,17.68784463841358,0.805269,1.3296510271335904,0,101.30880737304688,-12.638015747070312,-4.200453281402588,23.399650112110074,0.257568359375,0,0.3684210526315789
118,10310,-91.05496105072646,61,0,1,0,21.83682046181938,0.80411,0.8198905729490226,0,96.1209945678711,-16.123851776123047,-3.551638603210449,22.98549689945725,1.2939453125,0,0.21311475409836064
119,10353,-87.66257961558306,43,0,1,0,22.67705243527223,0.803293,0.9363035336136818,0,95.2987060546875,-15.903399467468262,-3.343505620956421,16.39144422699207,1.1435546875,0,0.27906976744186046
120,10390,-92.45670815324023,37,0,1,0,24.959550193185063,0.80259,0.6647348403930664,0,92.85091400146484,-20.524667739868164,-3.7026712894439697,14.183216555415962,0.129638671875,0,0.24324324324324326
121,10540,-28.301548457169908,150,0,0,0,13.119888123117194,0.79974,1.0906164344648521,1,118.75114440917969,-6.060952186584473,-4.685580730438232,56.869709310318,2.490234375,0,0.2733333333333333
122,10582,-93.19128304425281,42,0,1,0,24.34568319685786,0.798942,0.7591174124252229,0,93.4545669555664,-18.212182998657227,-4.215425491333008,15.795648149088679,0.34912109375,0,0.23809523809523808
123,10614,-98.17247042068293,32,0,1,0,23.33072428494364,0.798334,0.7346277523320168,0,94.69003295898438,-15.818682670593262,-1.605154275894165,13.226649233205064,0.9443359375,0,0.375
124,10651,-110.10072298244562,37,0,1,0,24.696874296787886,0.797631,1.4131712261083964,0,93.13738250732422,-19.71939468383789,-1.1589386463165283,13.168842880529146,0.1572265625,0,0.2702702702702703
125,10708,-86.6705894282819,57,0,1,0,18.135948734210263,0.796548,1.2160137674787588,0,100.08220672607422,-15.164081573486328,-4.25435209274292,21.856492996103814,0.1153564453125,0,0.3157894736842105
126,10858,-158.04321834577155,150,0,0,0,12.78827371254189,0.793698,1.2660257615024846,1,117.38228607177734,-7.6961259841918945,-8.903634071350098,53.899272298829416,1.2890625,0,0.26
127,10908,-94.69888391433248,50,0,1,0,23.881504818182922,0.792748,0.7782788760960102,0,94.19662475585938,-15.249855995178223,-3.981001853942871,17.826903865423002,0.274169921875,0,0.24
128,11058,-12.672772279008298,150,0,0,0,6.351647818555716,0.789898,1.0703622039904197,1,122.9654312133789,-15.400215148925781,-2.970604419708252,61.09594327892952,1.298828125,0,0.30666666666666664
129,11107,-92.6361045047627,49,0,1,0,23.483059875646678,0.788967,0.935742198052455,0,94.487060546875,-15.867037773132324,-3.112279176712036,19.223991359483353,0.7373046875,0,0.24489795918367346
130,11167,-82.95641914167314,60,0,1,0,17.629704988880878,0.787827,1.3248934193203847,0,100.86658477783203,-14.040237426757812,-3.7851667404174805,23.714969424126757,0.890625,0,0.31666666666666665
131,11195,-93.03797839520224,28,0,1,0,25.008649745928764,0.7872950000000001,1.4535984748176165,0,92.79739379882812,-19.023462295532227,-4.581274032592773,11.7252775334928,0.7275390625,0,0.35714285714285715
132,11345,-48.28824964367309,150,0,0,0,3.4242189379265624,0.7844450000000001,0.9822265279789766,1,117.52033996582031,-18.857948303222656,-6.411628246307373,58.8638060410112,0.8779296875,0,0.26666666666666666
133,11495,-11.366559789392268,150,0,0,0,4.803171775802662,0.781595,1.0849064872165521,1,116.74928283691406,-14.76389217376709,-4.951087474822998,54.429025870262564,0.93896484375,0,0.25333333333333335
134,11538,-87.64382287079488,43,0,1,0,22.76582729640628,0.780778,1.185035202392312,0,95.2187271118164,-15.832287788391113,-3.020488739013672,16.65112416427871,0.708984375,0,0.3023255813953488
135,11604,-100.7850062698962,66,0,1,0,23.61012759576277,0.779524,1.089008695643508,0,94.30370330810547,-16.527137756347656,-4.069367408752441,19.707342263163685,0.1419677734375,3,0.22727272727272727
136,11700,-99.69063735912906,96,0,1,0,13.06501692008139,0.7777000000000001,1.2552613328831892,0,105.42503356933594,-14.73820686340332,-2.5391767024993896,36.49737499676525,0.18212890625,0,0.2604166666666667
137,11850,-43.84823397535162,150,0,0,0,16.84633045181497,0.77485,0.8863797781119744,1,113.12047576904297,-2.896862745285034,-1.6203022003173828,56.891425461981164,2.41796875,0,0.22666666666666666
138,11891,-98.74893543630095,41,0,1,0,25.732842518317035,0.774071,1.142512819570739,0,92.12886047363281,-20.894983291625977,-4.397995471954346,13.983374933229294,0.677734375,0,0.24390243902439024
139,12041,-23.353590454958056,150,0,0,0,4.305316773364305,0.771221,1.3313823605080446,1,118.29632568359375,-14.836068153381348,-3.788142681121826,58.37769325439658,1.3349609375,0,0.26666666666666666
140,12065,-112.4762442361826,24,0,1,0,30.17224956128398,0.770765,1.55930755349497,0,88.59442901611328,-11.446107864379883,-1.4980952739715576,7.911887171799114,0.8974609375,4,0.2916666666666667
141,12096,-86.79046375110796,31,0,1,0,23.500421749557454,0.770176,1.431509001601127,0,94.43238067626953,-16.17082977294922,-2.7156405448913574,12.820038541957064,0.1781005859375,0,0.3870967741935484
142,12129,-104.00718345720591,33,0,1,0,23.864103942665842,0.769549,1.4270886236971074,0,93.95863342285156,-17.499244689941406,-2.091524839401245,12.424753583346142,0.11529541015625,0,0.3333333333333333
143,12233,-95.25121650486577,104,0,1,0,12.983537549878383,0.7675730000000001,1.2632557480381086,0,105.51533508300781,-14.707263946533203,-3.133134603500366,36.32039284767179,0.382568359375,0,0.2403846153846154
144,12297,-113.0347421569504,64,0,1,0,23.18149210343973,0.766357,1.0788937084143981,0,94.963134765625,-15.178850173950195,-4.741403102874756,24.07196962372183,0.97216796875,0,0.1875
145,12324,-85.80031451846943,27,0,1,0,23.571019250363104,0.765844,0.6774031243942402,0,94.34443664550781,-16.425729751586914,-3.8367693424224854,12.68139130014175,0.1314697265625,0,0.4444444444444444
146,12365,-92.60671697549861,41,0,1,0,23.594116148971015,0.765065,0.9599309787154198,0,94.2965316772461,-16.558712005615234,-2.5432591438293457,14.891806537669604,0.135498046875,0,0.2926829268292683
147,12403,-93.40984872028179,38,0,1,0,24.023511374311767,0.764343,1.1756700007735115,0,94.0089111328125,-15.657121658325195,-4.342222690582275,14.561160021168307,0.1884765625,0,0.2894736842105263
148,12479,-85.75810544706954,76,0,1,0,18.010589501230832,0.762899,1.3354803441386474,0,100.83346557617188,-12.976229667663574,-4.145679473876953,26.729319238262747,0.311767578125,0,0.25
149,12629,-61.39685383532674,150,0,0,0,5.382038846243855,0.760049,0.9598080842196941,1,116.6645278930664,-14.537008285522461,-5.744670867919922,55.85128713510579,2.24609375,0,0.26666666666666666
150,12695,-89.52451179785876,66,0,1,0,20.62637871203325,0.758795,1.0614780221473088,0,97.44549560546875,-15.647080421447754,-4.200882911682129,23.92372117027012,0.63720703125,0,0.22727272727272727
151,12726,-82.57251313558386,31,0,1,0,22.00025785007672,0.7582059999999999,0.8549835715563067,0,95.95669555664062,-16.1021671295166,-3.2916336059570312,13.601621253124103,0.491455078125,0,0.45161290322580644
152,12783,-102.27472400893816,57,0,1,0,24.779956636139286,0.757123,1.0214198035629172,0,92.99961853027344,-20.06620979309082,-2.680046319961548,18.796888166442375,0.1390380859375,5,0.21052631578947367
153,12860,-90.10790691959934,77,0,1,0,17.815047728119943,0.75566,0.9112302562729879,0,100.72384643554688,-13.849333763122559,-3.633171796798706,27.10219706041919,0.401123046875,0,0.24675324675324675
154,12909,-88.2225476147481,49,0,1,0,23.027563964571232,0.754729,1.6585818477431122,0,95.16140747070312,-14.739030838012695,-4.142948150634766,17.77221595146472,0.92578125,0,0.24489795918367346
155,12958,-87.92615552001502,49,0,1,0,23.550560884400326,0.753798,1.5063659723620026,0,94.357666015625,-16.376602172851562,-3.2917559146881104,19.279583721770514,0.12744140625,0,0.22448979591836735
156,12992,-98.19128784811735,34,0,0,1,23.34442230672771,0.753152,1.1429414536584825,0,94.91864013671875,-14.629034042358398,-0.9966722130775452,12.8083313749897,1.6982421875,0,0.35294117647058826
157,13028,-90.49809451525823,36,0,1,0,23.50053072373882,0.752468,1.14952373628815,0,94.43903350830078,-16.134883880615234,-3.434906482696533,13.43112287169718,0.3134765625,0,0.3333333333333333
158,13065,-93.65112299145288,37,0,1,0,24.012374177646674,0.751765,0.8978279339703353,0,94.04763793945312,-15.587933540344238,-4.622438907623291,14.152679969399225,0.10369873046875,0,0.2972972972972973
159,13085,-106.28216488307325,20,0,0,1,28.229911466326637,0.751385,0.9564961776137352,0,90.26425170898438,-12.957201957702637,-0.9480649828910828,7.864505741425872,1.92578125,0,0.3
160,13114,-88.84944631200182,29,0,1,0,23.516635180377975,0.750834,1.0060706079520028,0,94.39901733398438,-16.298715591430664,-3.053642749786377,12.007224534207976,0.1103515625,0,0.41379310344827586
161,13164,-87.39558589993966,50,0,1,0,22.94277458645535,0.749884,0.9082310903072357,0,95.03913116455078,-15.863025665283203,-3.503258466720581,19.285884240990843,0.245849609375,0,0.24
162,13245,-88.59614734415166,81,0,1,0,16.49014856409246,0.748345,1.12637942781051,0,101.58822631835938,-16.002744674682617,-4.15740442276001,30.158613012274238,0.564453125,0,0.25925925925925924
163,13288,-109.9893850973889,43,0,1,0,20.899180801576584,0.747528,0.9540883644029151,0,97.02702331542969,-16.45970916748047,-2.3388712406158447,17.838368626560843,1.6630859375,0,0.32558139534883723
164,13352,-87.61460239427956,64,0,1,0,17.553554686476218,0.7463120000000001,1.0553646412445232,0,101.35835266113281,-12.773581504821777,-3.227165460586548,24.778081042829726,0.75146484375,0,0.3125
165,13415,-105.27810314450795,63,0,1,0,23.88292402888511,0.745115,1.133596547539272,0,94.26439666748047,-14.998600959777832,-4.501395225524902,23.066798860952836,0.30810546875,4,0.20634920634920634
166,13444,-95.69094788779762,29,0,1,0,23.909062258311124,0.744564,1.6742299728352448,0,93.9197998046875,-17.573150634765625,-1.84037184715271,12.206185531409828,0.121337890625,0,0.3793103448275862
167,13594,-72.75716846463227,150,0,0,0,3.2212587555674643,0.741714,1.2834728230535983,1,116.11624908447266,-21.102474212646484,-4.846385478973389,57.13599574149982,1.103515625,0,0.25333333333333335
168,13631,-94.06273832284616,37,0,1,0,25.719317907872735,0.7410110000000001,0.9215175499384468,0,92.23564147949219,-22.22081184387207,-2.8029088973999023,14.869608000644922,0.130859375,0,0.2702702702702703
169,13692,-83.61533767876841,61,0,1,0,18.10533694391186,0.7398520000000001,1.6193436825128853,0,100.03510284423828,-15.536613464355469,-4.241497993469238,24.348834749850475,0.142578125,0,0.3114754098360656
170,13710,-99.45386889335329,18,0,1,0,29.23525505762717,0.73951,0.7306743545664681,0,88.5662612915039,-18.541128158569336,-1.4455323219299316,6.837751298495747,2.974609375,4,0.3333333333333333
171,13791,-80.2642342978034,81,0,1,0,16.03904366674417,0.7379709999999999,1.1565901531297484,0,101.75956726074219,-18.195777893066406,-2.2029221057891846,31.676542203941654,0.3681640625,0,0.24691358024691357
172,13869,-83.57950959353508,78,0,1,0,18.11182209514117,0.736489,1.1929760372791536,0,100.21822357177734,-14.711565971374512,-4.334564208984375,28.464732704570025,0.10400390625,0,0.23076923076923078
173,13911,-90.70758112435736,42,0,1,0,22.231349212633624,0.735691,1.013605361360879,0,95.96468353271484,-14.907594680786133,-4.531075954437256,16.5273500038913,0.640625,0,0.30952380952380953
174,13990,-93.86634005156077,79,0,1,0,18.00140552631582,0.73419,1.4298535473173177,0,100.74290466308594,-13.255990982055664,-4.104445457458496,27.814844148616825,0.10540771484375,0,0.25316455696202533
175,14024,-91.08059520641511,34,0,1,0,23.75344016223164,0.733544,1.1716909387751537,0,94.0985107421875,-17.05228042602539,-3.788612127304077,13.315281725498352,0.13232421875,0,0.3235294117647059
176,14041,-104.62710300349953,17,0,0,1,25.886062201769352,0.733221,1.0649426895029404,0,92.3282699584961,-14.660432815551758,-0.9046071171760559,7.98287417164856,1.7734375,0,0.5294117647058824
177,14076,-93.81015219089534,35,0,1,0,23.526120894296977,0.732556,1.2982362604566984,0,94.39227294921875,-16.310604095458984,-3.4412314891815186,13.71487953370542,0.125244140625,0,0.34285714285714286
178,14131,-86.75967982259775,55,0,1,0,18.170349372819263,0.731511,1.6743166353214871,0,100.0992202758789,-14.986114501953125,-4.419277667999268,20.6932531727197,0.1839599609375,0,0.34545454545454546
179,14180,-96.21810493176176,49,0,1,0,23.703167468712767,0.73058,0.8231021285969384,0,94.16598510742188,-16.923940658569336,-3.9443628787994385,18.050859484263878,0.12371826171875,0,0.2653061224489796
180,14266,-92.16942142396829,86,0,1,0,17.915982536316598,0.728946,1.2420014649802862,0,100.24663543701172,-15.427345275878906,-4.179363250732422,32.457923917688255,0.4091796875,0,0.20930232558139536
181,14326,-92.05777800927491,60,0,1,0,24.203905645418107,0.727806,1.0994497818251452,0,93.623779296875,-17.626964569091797,-4.218317031860352,21.432421676543306,0.3876953125,3,0.25
182,14360,-91.3324553163445,34,0,1,0,24.302774798343773,0.72716,1.4285210936385042,0,93.59403228759766,-16.84263038635254,-4.421998023986816,14.247554219917653,0.68701171875,0,0.3235294117647059
183,14400,-96.29551037400734,40,0,1,0,24.439405562819292,0.7264,1.2005571072921157,0,93.43177795410156,-17.31305503845215,-4.629452228546143,14.103046370564323,0.67919921875,0,0.3
184,14473,-84.24988577168878,73,0,1,0,18.879243903966874,0.725013,1.2915295782971055,0,99.14891052246094,-16.048351287841797,-4.134889125823975,25.98262869050014,0.63818359375,0,0.2328767123287671
185,14516,-95.04057993772658,43,0,1,0,23.882714260912174,0.7241960000000001,1.6162491896471312,0,94.22997283935547,-15.150468826293945,-4.352136135101318,15.335340228444394,0.1868896484375,0,0.27906976744186046
186,14583,-89.44600359880474,67,0,1,0,17.237648331422406,0.722923,1.2092197202702066,0,100.56635284423828,-17.771345138549805,-2.7586426734924316,26.252895774808657,0.400634765625,0,0.2835820895522388
187,14733,-10.430988232631242,150,0,0,0,6.84590916815047,0.720073,1.4112562775115172,1,119.35916900634766,-12.545280456542969,-4.450994491577148,62.311656168594105,1.81640625,0,0.28
188,14767,-94.07400741929149,34,0,0,1,24.261877729022814,0.719427,1.5351196409148329,0,94.21349334716797,-13.614212989807129,-0.7585667967796326,13.904444032786031,1.8017578125,0,0.3235294117647059
189,14911,-101.71829934819806,144,0,0,1,5.572773876467953,0.716691,1.1136505009813442,0,116.12345886230469,-14.225478172302246,-0.704627275466919,56.41761873841394,0.2027587890625,0,0.2638888888888889
190,14923,-98.43398631784501,12,0,1,0,29.328158171995668,0.7164630000000001,0.629544397816062,0,88.49760437011719,-17.745229721069336,-1.4423677921295166,5.278862413784002,2.939453125,0,0.3333333333333333
191,14973,-79.08721489133549,50,0,1,0,17.612523698014954,0.7155130000000001,1.0798760102689267,0,100.63162994384766,-15.099489212036133,-4.215140342712402,20.834227343015595,0.408203125,0,0.38
192,15017,-92.658909939295,44,0,1,0,24.334798041518145,0.714677,1.0077323823828588,0,93.45906066894531,-18.412994384765625,-4.2057719230651855,15.456151660860042,0.283935546875,0,0.25
193,15041,-87.08103555880965,24,0,1,0,23.796026553087607,0.714221,1.3113678209483624,0,94.4109115600586,-14.629536628723145,-4.357765197753906,11.396394169136927,0.55517578125,0,0.5
194,15077,-89.60948134474916,36,0,1,0,22.983697630111475,0.7135370000000001,1.6542349979281425,0,95.08380889892578,-15.46155071258545,-4.208584308624268,13.501025772731294,0.10504150390625,0,0.3333333333333333
195,15127,-89.6358715976396,50,0,1,0,23.5433182074113,0.7125870000000001,1.2256855890154839,0,94.36140441894531,-16.39998435974121,-3.2066190242767334,18.373045626590972,0.11407470703125,0,0.22
196,15158,-91.20424937713156,31,0,1,0,23.441466490062517,0.711998,1.1059136462788428,0,94.5448989868164,-15.909547805786133,-2.008513927459717,12.60255031977887,0.625,0,0.3870967741935484
197,15193,-83.65740966886757,35,0,1,0,22.11628445944256,0.711333,1.4419885967458999,0,95.84283447265625,-16.055450439453125,-3.1591532230377197,14.131730936103406,1.1484375,0,0.37142857142857144
198,15343,-14.910219378721226,150,0,0,0,5.669832013196645,0.708483,1.3455419325828553,1,119.84001159667969,-13.784984588623047,-3.5017249584198,56.86652690221232,0.9345703125,0,0.2866666666666667
199,15399,-82.46818195017227,56,0,1,0,17.78741996313395,0.707419,1.0983485499663013,0,100.76256561279297,-13.871842384338379,-3.9836795330047607,23.818977895385892,0.10552978515625,0,0.35714285714285715
200,15429,-82.17995401260701,30,0,1,0,20.55612065309281,0.7068490000000001,1.373390106856823,0,97.35206604003906,-16.600444793701172,-2.441981792449951,14.714617722877561,1.34765625,0,0.5
201,15453,-99.01621922952445,24,0,0,1,26.949430116684077,0.706393,1.2585022697846096,0,91.61458587646484,-12.818180084228516,-0.9563056230545044,10.080969682610789,2.150390625,0,0.3333333333333333
202,15474,-104.97233062149193,21,0,0,1,28.832535804275487,0.705994,1.0788916679365295,0,89.51305389404297,-13.732638359069824,-0.6448607444763184,7.63017605834179,1.52734375,4,0.3333333333333333
203,15504,-86.56213669234032,30,0,1,0,23.679348846699643,0.705424,1.9056655243039131,0,94.34095764160156,-15.71984577178955,-4.208860397338867,12.860136546904187,0.4130859375,0,0.36666666666666664
204,15592,-63.63635286825644,88,0,1,0,3.34011167408713,0.7037519999999999,1.1710467929528519,0,114.541748046875,-18.67083168029785,-2.1675102710723877,39.05875257568076,0.384765625,0,0.4090909090909091
205,15646,-84.53335852696824,54,0,1,0,20.43852135492356,0.702726,1.0206592343747616,0,97.61862182617188,-15.756092071533203,-4.214279651641846,21.149792476150022,0.7626953125,0,0.2777777777777778
206,15707,-75.42447450761789,61,0,1,0,12.920838189240644,0.701567,0.9358893525405009,0,105.40013885498047,-15.291722297668457,-3.5254640579223633,26.547306635283416,0.1357421875,0,0.4426229508196721
207,15723,-104.96060151806269,16,0,1,0,29.465828822897237,0.701263,0.9024451840668917,0,88.65361022949219,-14.685056686401367,-1.4596526622772217,6.070174705583752,0.94482421875,4,0.3125
208,15790,-71.9662355603056,67,0,1,0,14.494267853321748,0.69999,1.1113013795285083,0,103.36093139648438,-17.859037399291992,-4.217801094055176,30.391590467935156,0.313720703125,0,0.3283582089552239
209,15819,-83.4781748229204,29,0,1,0,22.06818977182626,0.699439,1.861044627325288,0,95.99128723144531,-15.569759368896484,-4.140751838684082,13.648242041600467,0.2010498046875,0,0.4482758620689655
210,15852,-89.33203229171329,33,0,1,0,23.83341661079687,0.698812,1.5305157974362373,0,94.2538070678711,-15.549700736999512,-4.881045818328857,12.141213698324018,0.197998046875,0,0.3333333333333333
211,15896,-94.73613598421605,44,0,1,0,25.03100118590914,0.697976,1.073195464570414,0,92.79685974121094,-19.033090591430664,-4.895346164703369,15.997091316112384,0.7255859375,0,0.20454545454545456
212,15998,-58.3849220496144,102,0,1,0,3.604447287375653,0.6960379999999999,1.5801909812086938,0,114.38449096679688,-18.584041595458984,-4.18879508972168,41.64998878868782,0.29541015625,0,0.3627450980392157
213,16025,-87.01706812405797,27,0,1,0,23.713411918494547,0.695525,1.3318111523985863,0,94.13069915771484,-16.992319107055664,-2.9191970825195312,11.87129662844323,0.12432861328125,0,0.4074074074074074
214,16066,-87.75466275021265,41,0,1,0,23.28131463737939,0.6947460000000001,1.7625607906318292,0,94.69580841064453,-15.850445747375488,-3.2549679279327393,14.939925957493749,0.67041015625,0,0.2926829268292683
215,16094,-86.72155002091802,28,0,1,0,23.771564746452817,0.694214,0.9574999934328454,0,94.31609344482422,-15.251184463500977,-4.161196708679199,11.090900781919247,0.1917724609375,0,0.39285714285714285
216,16125,-91.07542322482057,31,0,1,0,24.681337920015274,0.6936249999999999,1.0911299956421698,0,93.08963775634766,-19.83907699584961,-3.3014402389526367,13.083440170374812,0.1298828125,0,0.3225806451612903
217,16185,-79.67922145498373,60,0,1,0,17.87898955923934,0.692485,1.4649778234461943,0,100.74890899658203,-13.556801795959473,-3.6482198238372803,23.205532642177086,0.10662841796875,0,0.3333333333333333
218,16232,-98.57662707694726,47,0,1,0,23.789067607919435,0.691592,1.6002769868107551,0,94.3494873046875,-15.131257057189941,-4.68032693862915,16.805596522021506,0.382080078125,0,0.23404255319148937
219,16259,-87.94338618986245,27,0,1,0,24.21814698727971,0.691079,1.7537484701584887,0,93.5625991821289,-18.562015533447266,-3.9875378608703613,11.954875673788829,0.138916015625,0,0.37037037037037035
220,16322,-79.69224863295358,63,0,1,0,17.70969572971668,0.689882,1.2416296331655412,0,100.80001831054688,-13.993699073791504,-3.8505141735076904,23.82961615954953,0.489013671875,0,0.30158730158730157
221,16387,-79.00624290638007,65,0,1,0,15.21919607752454,0.688647,1.7687552101336992,0,103.01910400390625,-15.353205680847168,-3.9484612941741943,27.04290044152906,0.468505859375,0,0.3384615384615385
222,16435,-84.51863273422843,48,0,1,0,19.844171873030074,0.687735,1.3041959072773655,0,98.0535888671875,-16.85264015197754,-3.9207725524902344,20.57213862572062,0.7353515625,0,0.3333333333333333
223,16460,-87.4602992661583,25,0,1,0,23.97966780688676,0.68726,1.3876026093959808,0,93.84381103515625,-17.694395065307617,-4.19881010055542,11.643514737637565,0.31201171875,0,0.48
224,16504,-96.53565948351886,44,0,1,0,24.325622718349816,0.686424,1.0793744337491014,0,93.55496215820312,-16.95417594909668,-4.311495304107666,16.176698446497753,0.6865234375,0,0.22727272727272727
225,16550,-76.3576271798344,46,0,1,0,17.757679003938875,0.68555,1.289376351820386,0,101.13750457763672,-12.778182983398438,-2.891662120819092,20.888428832891652,1.1875,0,0.43478260869565216
226,16624,-92.45919738075762,74,0,1,0,10.566428047881931,0.6841440000000001,1.5564326925857648,0,107.34732818603516,-20.177671432495117,-1.5854440927505493,31.08452856962058,0.8740234375,0,0.36486486486486486
227,16655,-87.39214428908444,31,0,1,0,23.16141865562911,0.683555,1.3378321684656604,0,95.05658721923828,-14.609596252441406,-4.269891738891602,13.336698299515323,0.43408203125,0,0.41935483870967744
228,16729,-78.5994829548218,74,0,1,0,13.280662753978541,0.682149,1.6598342002646342,0,104.49432373046875,-19.185815811157227,-3.693467855453491,30.527647581423924,0.57568359375,0,0.3108108108108108
229,16774,-76.31885494531777,45,0,1,0,16.87672818488499,0.6812940000000001,1.8716315865516662,0,101.17414855957031,-16.112747192382812,-4.136143207550049,19.674563657827356,0.385498046875,0,0.4444444444444444
230,16836,-87.92263646265643,62,0,1,0,18.099877822262204,0.6801159999999999,0.7307811780802665,0,100.07024383544922,-15.38594913482666,-4.2293620109558105,24.01413916725226,0.2086181640625,0,0.3064516129032258
231,16866,-81.84169168193603,30,0,1,0,21.450919771669685,0.679546,1.4420031681656837,0,96.48103332519531,-16.29233741760254,-3.0322229862213135,13.194492852810354,1.3232421875,0,0.4666666666666667
232,16912,-86.25963373476888,46,0,1,0,19.476105326787145,0.678672,1.4644673923435418,0,98.63079071044922,-15.617218017578125,-4.3677167892456055,18.459369434361495,0.93603515625,0,0.3695652173913043
233,16957,-93.96375690254025,45,0,1,0,25.519519668463207,0.677817,1.9338752355840472,0,92.38761901855469,-21.803138732910156,-2.960430860519409,18.313071289371646,0.1561279296875,4,0.24444444444444444
234,17018,-78.25835490380817,61,0,1,0,16.552875819482246,0.676658,1.3765239220906476,0,101.89315795898438,-14.3948335647583,-3.917884349822998,26.21492379541035,0.53662109375,0,0.32786885245901637
235,17077,-82.34634839014234,59,0,1,0,17.53942236377634,0.675537,1.1548619805756262,0,100.27153015136719,-17.660987854003906,-2.990739583969116,23.538692936502166,1.3447265625,0,0.3050847457627119
236,17114,-90.90088365851697,37,0,1,0,23.77705225651718,0.674834,1.6452636549601685,0,94.24982452392578,-15.667444229125977,-4.214179039001465,14.10325127279147,0.44287109375,0,0.2972972972972973
237,17161,-74.59984487947516,47,0,1,0,17.39447093643331,0.673941,1.413224069679037,0,100.76802062988281,-15.490839958190918,-4.192557334899902,20.0966257510379,0.7666015625,0,0.425531914893617
238,17182,-87.44880970082608,21,0,1,0,23.7647112368564,0.6735420000000001,1.8758990275008338,0,94.31354522705078,-15.343896865844727,-4.263310432434082,10.14621707465153,0.1923828125,0,0.6190476190476191
239,17216,-86.33711668555758,34,0,1,0,23.59805111927438,0.6728959999999999,1.6035587130224003,0,94.28822326660156,-16.58092498779297,-3.340384006500244,13.701109422748466,0.1412353515625,0,0.3235294117647059
240,17323,142.3485543506727,107,1,0,0,1.5027431092889099,0.670863,1.6273703115565754,0,117.14273071289062,-17.86208152770996,-2.292759418487549,46.79160847875365,1.0498046875,0,0.37383177570093457
241,17376,-94.11832225128822,53,0,1,0,18.376461581570247,0.669856,1.8311827025323544,0,99.46672821044922,-17.377593994140625,-3.673198938369751,23.531674066690318,0.86865234375,0,0.33962264150943394
242,17403,-89.60430867589363,27,0,1,0,23.862921105566148,0.669343,1.4592360500936155,0,94.22505950927734,-15.521660804748535,-4.843181133270264,11.244088118239706,0.489501953125,0,0.4074074074074074
243,17438,-88.42435969645723,35,0,1,0,23.63007762884675,0.668678,1.8286879160574505,0,94.26509094238281,-16.64449691772461,-3.915499687194824,13.22741499551577,0.1302490234375,0,0.37142857142857144
244,17489,-92.30741879409807,51,0,1,0,21.05822821416848,0.6677090000000001,1.6471150824252296,0,96.86541748046875,-16.42745590209961,-3.4883291721343994,21.078513637513215,0.69970703125,0,0.27450980392156865
245,17588,-77.17632826416786,99,0,1,0,12.778021719393974,0.665828,1.5048728007258791,0,104.98421478271484,-19.305530548095703,-2.826582193374634,37.751471641886546,0.66845703125,0,0.24242424242424243
246,17626,-87.37794287402639,38,0,1,0,22.003827766665253,0.665106,2.0356906134831276,0,95.94985961914062,-16.094480514526367,-2.8589210510253906,16.99539185176376,1.7578125,0,0.34210526315789475
247,17695,-76.92043654525874,69,0,1,0,13.519340848827403,0.663795,1.4831916538701542,0,104.29791259765625,-18.620960235595703,-4.217316150665283,29.686659428362642,0.1142578125,0,0.3333333333333333
248,17721,-86.08374613347473,26,0,1,0,23.728389259384578,0.663301,0.9408277788987527,0,94.14490509033203,-16.83623504638672,-2.150009870529175,11.924737306353487,0.14697265625,0,0.4230769230769231
249,17785,-93.71249721669987,64,0,1,0,17.938511177179663,0.662085,1.537913137464784,0,100.60582733154297,-14.014592170715332,-4.570765972137451,24.791666939180104,0.26220703125,0,0.296875
250,17899,-87.79268947153261,114,0,1,0,12.754652395484069,0.6599189999999999,1.6835636399817049,0,105.33848571777344,-16.362577438354492,-4.145378112792969,40.697538230930526,0.48486328125,0,0.21929824561403508
251,17942,-91.01802481438322,43,0,1,0,23.981556967119776,0.6591020000000001,1.2617451818876488,0,93.99861145019531,-15.994970321655273,-4.204909801483154,15.903357260991365,0.475341796875,0,0.2558139534883721
252,17978,-90.1611661137219,36,0,1,0,23.19361427545806,0.658418,1.8051442334221468,0,94.9637451171875,-15.0975980758667,-4.720930099487305,14.134717443119841,1.0712890625,0,0.3333333333333333
253,18001,-87.21715765416035,23,0,1,0,23.812008096034646,0.6579809999999999,1.335882904736892,0,94.16243743896484,-16.050851821899414,-4.19158935546875,9.762569320962536,0.49951171875,0,0.4782608695652174
254,18052,-83.13793940947886,51,0,1,0,21.05875898730372,0.6570119999999999,1.4015183755580116,0,96.86380767822266,-16.398656845092773,-2.8357019424438477,19.196177537707648,1.662109375,0,0.27450980392156865
255,18086,-92.17861883816958,34,0,1,0,23.414015579270806,0.656366,1.2321112291777836,0,94.59461975097656,-16.434032440185547,-5.237578868865967,12.654518833847668,0.826171875,0,0.35294117647058826
256,18114,-89.48678973202047,28,0,1,0,24.136662499685052,0.655834,1.1521364141787802,0,93.63237762451172,-18.26129150390625,-3.1795597076416016,12.264706747272678,0.1343994140625,0,0.39285714285714285
257,18165,-76.77915944155255,51,0,1,0,16.83982414341177,0.654865,1.1378185307862712,0,100.96910858154297,-17.913042068481445,-3.708984613418579,22.490199256692257,1.1328125,0,0.37254901960784315
258,18231,-71.94742006326936,66,0,1,0,13.681329009142688,0.6536109999999999,1.468567942353812,0,104.10578155517578,-19.041683197021484,-3.9220850467681885,27.349510145143405,0.66796875,0,0.3484848484848485
259,18379,-77.00436813036869,148,0,1,0,6.844354396973539,0.650799,1.7858242724795599,0,111.48871612548828,-21.777339935302734,-2.8172850608825684,53.12633041800417,0.8349609375,0,0.21621621621621623
260,18438,-73.3327631276182,59,0,1,0,14.595980893730086,0.649678,1.5634243351928259,0,103.17233276367188,-18.717872619628906,-2.4907145500183105,26.476049139599994,0.329345703125,0,0.3728813559322034
261,18472,-85.55642276923577,34,0,1,0,23.042203797384758,0.649032,1.0693265217192032,0,94.9522476196289,-15.892680168151855,-4.0174407958984375,15.180936753189346,0.6826171875,0,0.35294117647058826
262,18537,-79.34532829048153,65,0,1,0,17.97086820076104,0.647797,1.386021984540499,0,100.86052703857422,-12.93126392364502,-2.4985244274139404,27.08041072359928,0.31884765625,0,0.3076923076923077
263,18551,-109.76756559130591,14,0,0,1,31.63614247355757,0.6475310000000001,1.5556501320430212,0,86.28148651123047,-16.566102981567383,-0.9726876020431519,4.863775689240239,1.6083984375,4,0.42857142857142855
264,18608,-80.96251121424777,57,0,1,0,17.909893569821097,0.646448,1.581028259637063,0,100.16046142578125,-15.818092346191406,-3.9015963077545166,23.012786028238235,0.62060546875,0,0.3157894736842105
265,18663,-84.44760808891577,55,0,1,0,17.61637366574374,0.6454030000000001,1.5398149433461104,0,101.35195922851562,-12.638529777526855,-2.3959462642669678,23.941369705074514,1.201171875,0,0.36363636363636365
266,18721,-103.63044250143065,58,0,1,0,21.043094831527025,0.644301,1.726932329607421,0,96.93297576904297,-16.449382781982422,-1.4149305820465088,23.29906806425501,1.630859375,0,0.2413793103448276
267,18770,-77.99188152702969,49,0,1,0,17.85111287498739,0.64337,1.847319444223326,0,100.17670440673828,-16.17433738708496,-4.205374240875244,20.266147005994284,0.1751708984375,0,0.3877551020408163
268,18893,-60.41260838423035,123,0,1,0,2.3249127938850145,0.641033,1.8217165640335742,0,115.79589080810547,-17.873825073242188,-3.4556403160095215,50.38290693278078,1.7216796875,0,0.3089430894308943
269,18957,-79.86774901089319,64,0,1,0,17.465758235819443,0.6398170000000001,1.1072483364259824,0,100.980224609375,-14.318254470825195,-4.14531946182251,25.772043395257803,0.164794921875,0,0.328125
270,19054,-83.20742445964751,97,0,1,0,15.951939281631336,0.637974,1.4956900331470155,0,102.47655487060547,-14.60210132598877,-4.166703701019287,33.20421524378047,0.403076171875,0,0.21649484536082475
271,19146,-87.05437238361374,92,0,1,0,14.71013224980308,0.636226,1.6121764228395794,0,103.1899642944336,-17.342079162597656,-4.162191867828369,33.599998330152275,0.39794921875,0,0.2391304347826087
272,19194,-84.19380634991748,48,0,1,0,19.540558086832746,0.635314,0.9599207853898406,0,98.34342193603516,-16.919931411743164,-3.657799243927002,19.9523766866516,0.46484375,0,0.3541666666666667
273,19270,-81.26697925376526,76,0,1,0,13.555386477109217,0.6338699999999999,2.2135366073956617,0,104.24832153320312,-19.113374710083008,-1.8664989471435547,28.858038399232015,0.8720703125,0,0.3026315789473684
274,19297,-81.79380025599227,27,0,1,0,21.882718584763406,0.633357,1.7816036967215714,0,96.0849838256836,-16.117902755737305,-3.8190765380859375,13.193047823010929,0.98046875,0,0.48148148148148145
275,19357,-77.69877822793356,60,0,1,0,17.529796121383914,0.632217,1.4161275044083594,0,101.39915466308594,-12.742774963378906,-3.323007106781006,24.80068983945068,0.37939453125,0,0.35
276,19381,-82.73560720526577,24,0,1,0,22.265435121829583,0.631761,2.0137482484181723,0,95.82437133789062,-15.3746919631958,-4.167360305786133,11.480178158456948,0.39697265625,0,0.5833333333333334
277,19471,-90.6097081377701,90,0,1,0,14.062690111883537,0.630051,1.4481922080119451,0,104.52849578857422,-14.330668449401855,-2.180818796157837,32.84178409277422,0.798828125,0,0.26666666666666666
278,19505,-87.09321308431623,34,0,1,0,23.55471869771308,0.629405,1.6066022050731323,0,94.38155364990234,-16.30608558654785,-4.009214401245117,13.686139581176374,0.1448974609375,0,0.35294117647058826
279,19538,-85.73958800306751,33,0,1,0,22.258066900086842,0.6287780000000001,1.3198127814314582,0,95.70736694335938,-16.00704002380371,-2.761512041091919,14.993430915874994,1.2177734375,0,0.3939393939393939
280,19638,-79.19646351267662,100,0,1,0,12.983968509763349,0.626878,1.4341402453184129,0,105.52715301513672,-14.69989013671875,-3.446659564971924,36.49627116231681,0.16748046875,0,0.26
281,19702,-94.77452599930933,64,0,0,1,16.49676249205979,0.6256619999999999,1.7565899973269552,0,101.53347778320312,-16.83223533630371,-0.9689465761184692,25.74944461790892,1.4375,0,0.3125
282,19803,-75.02633469480193,101,0,1,0,10.661207056811083,0.6237429999999999,1.4053136626682659,0,107.1540298461914,-20.08626937866211,-3.3902485370635986,39.91301754620113,1.28515625,0,0.25742574257425743
283,19885,-82.37784179549755,82,0,1,0,15.153202986130186,0.622185,1.5340458611707861,0,102.63619232177734,-18.52154541015625,-2.146718978881836,30.960286129812754,0.241455078125,0,0.25609756097560976
284,19938,-80.95274318240345,53,0,1,0,17.88912154514825,0.621178,1.527813049419871,0,99.93834686279297,-17.54849624633789,-3.5875244140625,21.438431899094706,0.7548828125,0,0.33962264150943394
285,20008,-86.06255162309249,70,0,1,0,17.205248184635494,0.619848,1.7442059361508915,0,101.24684143066406,-14.214346885681152,-2.7766523361206055,27.060346371002794,0.88818359375,0,0.3
286,20067,-85.8811609595187,59,0,1,0,17.401397532561848,0.618727,1.3283669728848895,0,101.55989837646484,-12.7680082321167,-1.898408055305481,24.515877179192657,0.411376953125,0,0.3389830508474576
287,20149,-96.85364554909404,82,0,1,0,12.916001931321068,0.6171690000000001,1.467579079473891,0,105.44544219970703,-15.155214309692383,-3.4778013229370117,32.77416081544218,0.146728515625,0,0.3048780487804878
288,20231,-73.7436532198075,82,0,1,0,12.871264877013797,0.615611,1.425800191919978,0,104.88752746582031,-19.221492767333984,-3.0261168479919434,33.77062063621117,0.76318359375,0,0.2926829268292683
289,20269,-103.00148294641588,38,0,0,1,19.966815359146533,0.614889,0.8541826115627038,0,98.83226013183594,-13.012001991271973,-0.9413202404975891,17.772862115328635,2.1171875,0,0.4473684210526316
290,20411,127.48168632582136,142,1,0,0,1.7964865964469425,0.6121909999999999,1.8741241399670991,0,117.2877197265625,-17.3349552154541,-3.3353335857391357,57.200190611625175,2.0234375,0,0.28169014084507044
291,20445,-84.42907352984224,34,0,1,0,22.174541903663275,0.611545,1.294584485976135,0,95.9930191040039,-14.956746101379395,-4.208144187927246,14.444014071190187,1.037109375,0,0.38235294117647056
292,20595,-14.926598603646664,150,0,0,0,2.768189128953817,0.608695,1.8652865245938302,1,120.0157699584961,-20.620943069458008,-3.194736957550049,57.694032830300095,0.428955078125,0,0.2866666666666667
293,20642,-88.41794874040876,47,0,1,0,23.312813918515086,0.607802,1.71457776110223,0,94.65372467041016,-15.939332962036133,-3.3605780601501465,15.94952430352557,0.9990234375,0,0.2553191489361702
294,20677,-86.24932596850985,35,0,1,0,23.162838923932355,0.607137,1.5263404914311,0,95.03176879882812,-14.710359573364258,-4.196894645690918,14.268171457179745,0.36865234375,0,0.37142857142857144
295,20758,-63.69313575429609,81,0,1,0,8.354128543432083,0.6055980000000001,1.4168190945077825,0,109.71463012695312,-21.0372257232666,-4.055898189544678,36.03343009958389,0.55859375,0,0.37037037037037035
296,20794,-87.18217770796795,36,0,1,0,23.405897665609878,0.604914,1.5034040982524555,0,94.5841064453125,-15.948888778686523,-4.1637091636657715,15.701738232490177,0.1676025390625,0,0.3333333333333333
297,20853,-84.91197866504173,59,0,1,0,18.2024678949776,0.603793,1.4001363409777818,0,100.03263092041016,-15.139616966247559,-4.433896541595459,23.970254394474683,0.10552978515625,0,0.3050847457627119
298,20903,-75.61070192124264,50,0,1,0,17.87112935504331,0.602843,1.677551747560501,0,100.74683380126953,-13.569132804870605,-2.5525546073913574,20.788695328520358,0.1002197265625,0,0.4
299,20948,-73.49499721268313,45,0,1,0,15.71892541108384,0.601988,1.6382978985706964,0,102.39929962158203,-15.889517784118652,-4.169872283935547,20.80186734285341,0.39306640625,0,0.4666666666666667
300,20993,-101.3253081584654,45,0,0,1,23.96269745093103,0.601133,1.4951528218057422,0,95.16693115234375,-11.320799827575684,-0.8735440969467163,18.074391927499455,1.998046875,0,0.26666666666666666
301,21015,-84.26269041638817,22,0,1,0,23.25224060502102,0.600715,2.0448134263808075,0,94.7328872680664,-15.791481018066406,-3.2984023094177246,10.615253205998103,0.78076171875,0,0.5909090909090909
302,21058,-81.71364137530925,43,0,1,0,19.868144554113442,0.599898,1.4950521830902543,0,98.15313720703125,-16.03141212463379,-4.207242012023926,19.0330157555265,0.455078125,0,0.37209302325581395
303,21122,-79.195267709499,64,0,1,0,16.799392849290133,0.598682,2.063190147280693,0,101.00102996826172,-17.911867141723633,-2.5189623832702637,26.226453289877025,0.63232421875,0,0.296875
304,21214,-71.96662448279122,92,0,1,0,11.904714846652094,0.5969340000000001,1.4556875287190727,0,105.93578338623047,-18.215303421020508,-4.155184268951416,33.604365361903675,0.427734375,0,0.2717391304347826
305,21292,-78.40084038230921,78,0,0,1,14.170324124320334,0.5954520000000001,1.7905630148374116,0,104.80757904052734,-13.65224552154541,-0.9571590423583984,31.34006746116121,0.7587890625,0,0.3076923076923077
306,21429,-83.55023545842616,137,0,1,0,2.5887393414847994,0.592849,1.8372332676701302,0,115.44571685791016,-17.896448135375977,-2.7346231937408447,55.932720685561236,0.5517578125,0,0.26277372262773724
307,21472,-93.9116279611913,43,0,1,0,23.667872778059255,0.592032,1.87537913405618,0,94.18922424316406,-16.851558685302734,-3.2096426486968994,16.30205584506064,0.12408447265625,0,0.2558139534883721
308,21506,-88.49881987738075,34,0,1,0,23.385358172650726,0.591386,1.19170079248793,0,94.67778778076172,-15.466438293457031,-4.1958441734313965,13.446620789468254,0.321044921875,0,0.38235294117647056
309,21566,-99.5591484331316,60,0,0,1,19.917576779488414,0.590246,1.166755515585343,0,98.40178680419922,-14.951855659484863,-0.6641749143600464,26.397977712172732,1.5849609375,0,0.26666666666666666
310,21652,-70.47035841301002,86,0,1,0,11.679063584340454,0.588612,1.913182449895282,0,106.5272445678711,-15.853950500488281,-3.44756817817688,35.788754983532236,0.58056640625,0,0.3023255813953488
311,21766,-76.20120431063435,114,0,1,0,9.82155176051624,0.586446,1.5012331113480686,0,108.03271484375,-20.408618927001953,-2.890976667404175,44.50981457383376,0.78564453125,0,0.24561403508771928
312,21840,-87.25479464237641,74,0,1,0,17.99533371695083,0.58504,1.7542189635537766,0,100.58349609375,-13.81627082824707,-4.307104110717773,27.425212816953017,0.11187744140625,0,0.25675675675675674
313,21924,-87.64244129785227,84,0,1,0,17.08869193747044,0.5834440000000001,2.0335596782110987,0,101.37763214111328,-14.313653945922852,-4.2128520011901855,31.629922856293266,0.256591796875,0,0.23809523809523808
314,21953,-83.41408152531056,29,0,1,0,22.659714697709305,0.582893,2.312295377254486,0,95.32318115234375,-15.88525104522705,-3.562751054763794,13.107292570108134,1.4482421875,0,0.4482758620689655
315,22040,-83.58110336365189,87,0,1,0,16.246361595455006,0.58124,1.327550406599867,0,102.09064483642578,-14.90261459350586,-4.211204528808594,31.95743545778158,0.275390625,0,0.2413793103448276
316,22096,-83.62425212212582,56,0,1,0,15.966186519363683,0.580176,1.4541725936744894,0,102.32451629638672,-15.406693458557129,-4.905536651611328,24.648817232843765,0.258544921875,0,0.39285714285714285
317,22155,-97.81628965937331,59,0,1,0,18.865026942068795,0.5790550000000001,1.620318395101418,0,99.17163848876953,-16.216711044311523,-4.604254245758057,23.762720538247116,0.580078125,0,0.288135593220339
318,22231,-82.17998642611113,76,0,1,0,13.975418488279098,0.577611,1.89231061072726,0,104.26097869873047,-15.614653587341309,-4.224215507507324,32.27672912539375,0.39453125,0,0.3026315789473684
319,22267,-92.93862613559605,36,0,1,0,23.484810265662762,0.576927,1.1809210769004292,0,94.46138000488281,-16.106414794921875,-2.4320545196533203,14.657899465376547,0.39111328125,0,0.3333333333333333
320,22417,-10.041279840202574,150,0,0,0,8.128232671565561,0.574077,1.5009889961282412,1,109.75228118896484,-20.4133243560791,-2.6682190895080566,54.93693929748951,0.2178955078125,4,0.21333333333333335
321,22493,-87.19806513567849,76,0,1,0,14.003185353734779,0.5726330000000001,1.2930383803813081,0,103.89704132080078,-18.455812454223633,-1.0805824995040894,28.739981444494962,0.2171630859375,0,0.3026315789473684
322,22555,-76.71387619714464,62,0,1,0,16.393741534015422,0.571455,1.090026045758878,0,101.78870391845703,-15.523475646972656,-4.214346408843994,25.915206188873768,0.277587890625,0,0.3387096774193548
323,22705,-9.039863704867432,150,0,0,0,10.040058492394166,0.568605,1.6163564397891363,1,108.14530181884766,-16.248943328857422,-3.8251757621765137,55.37381826804602,0.2529296875,4,0.20666666666666667
324,22769,-68.237120407084,64,0,1,0,12.762980176540273,0.567389,1.9252377024386078,0,104.99845123291016,-19.21127700805664,-3.2734951972961426,29.099731293402137,1.1279296875,0,0.390625
325,22827,-71.52227110500024,58,0,1,0,12.992138854124535,0.566287,1.7742464285472344,0,104.76942443847656,-19.278079986572266,-2.7085344791412354,26.92564229423328,0.489013671875,0,0.41379310344827586
326,22964,-84.28245091452185,137,0,1,0,11.283063070924035,0.5636840000000001,1.954221824224848,0,106.53585052490234,-18.70800018310547,-4.145641803741455,47.45288416543637,0.330078125,1,0.2116788321167883
327,23034,-94.678927958345,70,0,1,0,14.059622419032062,0.562354,1.4438522711396218,0,103.73258972167969,-18.874347686767578,-2.0450432300567627,30.00156346440763,1.0087890625,0,0.32857142857142857
328,23111,-65.02266528377477,77,0,1,0,9.635748786458151,0.560891,1.80253648196722,0,108.20955657958984,-18.601726531982422,-4.237162113189697,34.349583172973254,0.4287109375,0,0.36363636363636365
329,23162,-95.84216766553588,51,0,1,0,22.264464944745722,0.559922,1.8729278196891148,0,95.8775863647461,-15.255484580993652,-4.662599563598633,19.7473974192776,0.68310546875,0,0.2549019607843137
330,23211,-81.65355486674635,49,0,1,0,17.62292568772903,0.558991,1.563220069420581,0,100.81551361083984,-14.252707481384277,-3.8440287113189697,22.681716180342892,0.669921875,0,0.40816326530612246
331,23280,-81.50854893568321,69,0,1,0,13.055161640165434,0.55768,1.6295232588182325,0,104.91326141357422,-17.554792404174805,-1.1797648668289185,30.017849389806166,0.60986328125,0,0.34782608695652173
332,23305,-90.5093387682309,25,0,1,0,23.22985526607026,0.557205,0.9784344875812531,0,94.75164031982422,-15.89892292022705,-2.25856351852417,11.567243120865294,1.1650390625,0,0.48
333,23335,-85.74449881509767,30,0,1,0,22.743911665814526,0.556635,2.321967559059461,0,95.40026092529297,-15.007475852966309,-4.112958908081055,13.420785146492898,0.5322265625,0,0.43333333333333335
334,23391,-83.78731638552739,56,0,1,0,17.780639476545897,0.555571,1.9004016199282237,0,100.74394989013672,-13.912365913391113,-3.7077481746673584,23.385095254875726,0.355712890625,0,0.35714285714285715
335,23472,-62.007611025391924,81,0,1,0,7.081261485484988,0.5540320000000001,1.5050095982021756,0,111.186767578125,-21.562435150146484,-3.76473331451416,36.05115047965214,0.60888671875,0,0.3950617283950617
336,23533,-82.09589413555715,61,0,1,0,17.757517987409766,0.552873,1.915587627741157,0,100.06671905517578,-17.586320877075195,-3.5683395862579346,25.03768038929221,1.279296875,0,0.29508196721311475
337,23639,-59.35900709759627,106,0,1,0,3.052135154146173,0.550859,1.8457376222424913,0,114.9377670288086,-18.060840606689453,-3.6541028022766113,41.30521674888036,0.38037109375,0,0.3490566037735849
338,23686,-86.0049296225616,47,0,1,0,17.786204788265437,0.5499660000000001,1.9421125301655302,0,100.7479248046875,-13.852852821350098,-3.462839126586914,22.198194785547248,0.309326171875,0,0.40425531914893614
339,23709,-86.88666010965848,23,0,1,0,23.91939912588183,0.549529,2.1461992121261098,0,94.1945571899414,-15.104647636413574,-4.253885746002197,10.384943353108381,0.166748046875,0,0.5217391304347826
340,23756,-76.28194872426295,47,0,1,0,16.595279864995575,0.548636,2.507907306894343,0,101.43708038330078,-16.282066345214844,-4.235476493835449,20.376225681537985,0.292724609375,0,0.425531914893617
341,23780,-81.50858250480192,24,0,1,0,22.3958182245581,0.54818,1.9521649206678073,0,95.58727264404297,-15.878397941589355,-3.029592514038086,12.84655831950178,1.517578125,0,0.5833333333333334
342,23800,-83.08757644692265,20,0,1,0,22.975495416797287,0.5478000000000001,1.2343235917389392,0,95.00126647949219,-15.887950897216797,-3.4448225498199463,11.09347489945658,1.279296875,0,0.6
343,23850,-78.52875486532922,50,0,1,0,17.286298237722548,0.5468500000000001,1.9851138761639595,0,101.18197631835938,-14.154054641723633,-3.5513429641723633,21.518475076372546,0.8212890625,0,0.4
344,23890,-73.32689662677844,40,0,1,0,16.76403904822694,0.54609,1.349967398121953,0,101.53392791748047,-14.963408470153809,-4.143532752990723,18.96459373633139,0.471435546875,0,0.5
345,23959,-77.36541709471959,69,0,1,0,14.11781892895016,0.544779,1.635821751062421,0,103.99799346923828,-16.11191177368164,-4.221256732940674,30.993381426481907,0.326171875,0,0.3333333333333333
346,24020,-76.91446463057079,61,0,1,0,11.237933522309621,0.54362,1.4673991713856087,0,106.57068634033203,-19.886619567871094,-2.350522756576538,27.68544042907495,1.2294921875,0,0.4262295081967213
347,24090,-72.14437685632942,70,0,1,0,12.1644662688517,0.5422899999999999,1.9507289750235421,0,105.64564514160156,-18.953031539916992,-4.14323616027832,30.4364738042788,0.43359375,0,0.35714285714285715
348,24133,-76.05722792408369,43,0,1,0,17.567404523679183,0.5414730000000001,1.713110597327698,0,100.7373275756836,-14.831474304199219,-4.151247501373291,19.192936500811403,0.186767578125,0,0.4418604651162791
349,24172,-74.99258358653984,39,0,1,0,17.986785739701265,0.540732,2.1088289324289713,0,100.73079681396484,-13.248888969421387,-2.5534486770629883,19.84882995847043,0.1796875,0,0.5128205128205128
350,24248,-62.23066736616518,76,0,1,0,8.639073494952436,0.539288,1.9554607568210678,0,109.36760711669922,-20.907028198242188,-3.859037160873413,33.15905598975699,0.91845703125,0,0.3815789473684211
351,24288,-78.67858000451125,40,0,1,0,17.906821390163262,0.538528,1.8857197169214488,0,100.73572540283203,-13.47187614440918,-2.8632125854492188,19.721769828097084,0.11541748046875,0,0.475
352,24329,-77.08705217192302,41,0,1,0,17.927419014679316,0.537749,1.7084101136864684,0,100.3019027709961,-15.029293060302734,-3.8421192169189453,18.867928832849493,0.12359619140625,0,0.4634146341463415
353,24376,-77.99353470758783,47,0,1,0,14.047777816527399,0.536856,1.5995367410335135,0,103.71437072753906,-18.83815574645996,-2.6334567070007324,23.62255201008172,1.5419921875,0,0.5106382978723404
354,24411,-92.97742312962819,35,0,1,0,23.479813327558272,0.5361910000000001,1.7204576901027135,0,94.47779846191406,-16.07865333557129,-2.1734728813171387,15.495172570012581,0.37646484375,0,0.34285714285714286
355,24473,-73.50149615187863,62,0,1,0,12.793795536944737,0.535013,1.6019258751503882,0,105.26959991455078,-16.521636962890625,-4.210136413574219,26.30485947470098,0.302734375,0,0.4032258064516129
356,24524,-75.50714241066336,51,0,1,0,15.729091276810744,0.534044,1.4810701924211838,0,102.44288635253906,-15.631630897521973,-4.1585693359375,22.69183516723138,0.42333984375,0,0.4117647058823529
357,24590,-80.25010924879695,66,0,1,0,12.598246151022426,0.53279,1.942160762282032,0,105.615966796875,-15.789299011230469,-3.873168706893921,27.42633061463309,0.6025390625,0,0.3939393939393939
358,24666,-66.64074817353136,76,0,1,0,9.386319021619212,0.5313460000000001,1.7058593583734412,0,108.51522064208984,-20.55402946472168,-3.597006320953369,34.017270823455476,0.6103515625,0,0.3815789473684211
359,24717,-97.97904525804074,51,0,1,0,17.848200192183402,0.5303770000000001,1.5459067561462814,0,100.71422576904297,-13.847593307495117,-1.8844432830810547,20.871941418570106,0.273681640625,0,0.39215686274509803
360,24751,-76.28531462161374,34,0,1,0,18.186011865659772,0.529731,1.5511401668190956,0,99.64337158203125,-17.43145179748535,-2.5703318119049072,17.207936713095872,1.53515625,0,0.5294117647058824
361,24901,-9.62659729028725,150,0,0,0,9.102138129521107,0.5268809999999999,1.6832317984600862,1,116.6398696899414,-28.008527755737305,-4.030059814453125,57.26858565642015,0.54736328125,0,0.26666666666666666
362,24943,-76.07232761009992,42,0,1,0,17.61121151773192,0.5260830000000001,1.9557057988075983,0,100.88653564453125,-14.047195434570312,-2.197927236557007,18.728196483337285,0.34130859375,0,0.47619047619047616
363,25013,-80.99147777211095,70,0,1,0,13.154444781083045,0.524753,1.6504543747220721,0,104.6130599975586,-19.234825134277344,-3.49875807762146,30.64106383936176,1.4296875,0,0.34285714285714286
364,25077,-82.1402123953214,64,0,1,0,17.958227339532563,0.523537,2.0878900475800037,0,100.35994720458984,-14.745388984680176,-4.218606948852539,25.04499903058789,0.204833984375,0,0.296875
365,25099,-84.26812805061577,22,0,1,0,22.91636551391838,0.5231190000000001,2.029770538888194,0,95.31233978271484,-14.583134651184082,-4.264847755432129,11.277553394941444,0.89013671875,0,0.5909090909090909
366,25199,-71.9204857836933,100,0,1,0,5.244551231901762,0.5212190000000001,1.9826319916546344,0,112.72197723388672,-18.146827697753906,-4.167726993560791,42.54657175589231,0.4208984375,0,0.35
367,25271,-91.80223518911461,72,0,1,0,13.01769037882323,0.5198510000000001,1.9077305564035971,0,104.85295104980469,-19.279727935791016,-1.2958134412765503,28.250933562969667,1.173828125,0,0.3333333333333333
368,25338,-64.9911765381803,67,0,1,0,9.898050861488027,0.518578,1.9234151755695912,0,107.94670104980469,-19.546802520751953,-4.214602470397949,30.160491696242886,0.469482421875,0,0.417910447761194
369,25359,-83.26462147809148,21,0,1,0,23.383054839339323,0.5181790000000001,2.1668791401953924,0,94.5904769897461,-15.864533424377441,-3.260270833969116,10.836006121780137,0.6240234375,0,0.5714285714285714
370,25416,-77.73618103720733,57,0,1,0,15.107053528674497,0.517096,1.6711377258363522,0,102.67628479003906,-18.520496368408203,-2.2555315494537354,23.88130536671904,1.181640625,0,0.3684210526315789
371,25471,-69.7682723028331,55,0,1,0,13.567355773891832,0.516051,1.77620869576931,0,104.19287109375,-19.08804702758789,-3.299424886703491,24.772567476295755,1.212890625,0,0.41818181818181815
372,25537,-77.01759866172601,66,0,1,0,16.214173606664847,0.5147970000000001,1.6445067775520412,0,101.5794448852539,-18.142366409301758,-2.3658244609832764,24.574219819122643,0.66455078125,0,0.30303030303030304
373,25636,-87.61170443156628,99,0,1,0,8.731763693695868,0.5129160000000001,2.223011748808803,0,109.11112976074219,-18.609336853027344,-4.153072834014893,39.60716173045066,0.5634765625,0,0.30303030303030304
374,25706,-62.821392892505685,70,0,1,0,9.174364883933523,0.511586,1.5865841659052031,0,108.66453552246094,-19.528745651245117,-4.125466346740723,31.721989337463768,0.379638671875,0,0.4142857142857143
375,25814,-59.56616718371722,108,0,1,0,4.625000300906537,0.509534,1.4887216957630935,0,113.45101928710938,-20.19928550720215,-4.226187229156494,44.02097177873466,0.305908203125,0,0.32407407407407407
376,25887,-71.08454882215077,73,0,1,0,12.319884781683928,0.5081470000000001,1.7878139002682412,0,105.53984069824219,-17.92205047607422,-4.143932342529297,30.900895420401575,0.8798828125,0,0.3561643835616438
377,25972,-67.49868660792998,85,0,1,0,10.27212746860468,0.506532,2.04063040228451,0,108.06847381591797,-15.847391128540039,-4.229448318481445,33.85225355872644,0.10174560546875,0,0.32941176470588235
378,26058,-69.8316915696839,86,0,1,0,7.41976919120276,0.5048980000000001,1.7561215384061946,0,110.52982330322266,-20.22995376586914,-4.1853437423706055,34.96548857760493,0.363525390625,0,0.3488372093023256
379,26092,-73.86680020451944,34,0,1,0,17.822071396206205,0.504252,2.3444479151683697,0,100.74917602539062,-13.705382347106934,-2.998971700668335,17.301618073231584,0.20751953125,0,0.5882352941176471
380,26189,146.89985995876702,97,1,0,0,1.9392534752317414,0.502409,1.9050781239861065,0,117.3121337890625,-17.23880958557129,-3.575274705886841,44.09577273665646,1.8271484375,0,0.41237113402061853
381,26268,-58.75239279846094,79,0,1,0,7.14636512577642,0.5009079999999999,1.5909079547169842,0,111.0845947265625,-21.53872299194336,-3.537818670272827,36.399394467793066,1.06640625,0,0.4050632911392405
382,26297,-100.38495203049753,29,0,1,0,23.41746059407221,0.500357,1.6217080005284013,0,94.56539154052734,-15.971237182617188,-1.9079267978668213,12.367598543660572,0.40625,0,0.41379310344827586
383,26321,-99.84130240707651,24,0,0,1,24.314649476347032,0.49990100000000004,2.214408385877808,0,93.96651458740234,-14.581456184387207,-0.6681731343269348,11.262576207443733,1.689453125,0,0.4583333333333333
384,26372,-74.50147561799128,51,0,1,0,14.8477567620419,0.49893200000000004,1.7252064131054223,0,103.99139404296875,-13.62452507019043,-4.31494665145874,23.088677791004766,0.11993408203125,0,0.45098039215686275
385,26497,142.59334280114186,125,1,0,0,1.8528524448358195,0.496557,1.7773154035806655,0,116.9172592163086,-20.677453994750977,-2.850377321243286,49.29502885570891,0.60107421875,0,0.304
386,26517,-84.45580057701596,20,0,1,0,23.49417514706311,0.496177,1.8916114658117293,0,94.44251251220703,-16.129222869873047,-2.891897201538086,11.254838418081333,0.25146484375,0,0.6
387,26551,-92.10869324253986,34,0,1,0,23.247082654386617,0.49553099999999994,1.3427748886101387,0,94.74408721923828,-15.909491539001465,-4.056488990783691,13.54165255663458,0.44189453125,0,0.35294117647058826
388,26600,-85.77298454447794,49,0,1,0,17.44277445791097,0.49460000000000004,2.0027593778712407,0,100.9488525390625,-14.50877857208252,-4.123871803283691,21.436357465076206,0.1644287109375,0,0.40816326530612246
389,26675,-78.25443716930941,75,0,1,0,11.860993862469039,0.49317500000000003,1.7642693720261255,0,106.21366119384766,-16.585613250732422,-4.210971355438232,31.800931395329496,0.273193359375,0,0.3466666666666667
390,26718,-79.72291508506602,43,0,1,0,17.872125759578456,0.4923580000000001,2.083243736000948,0,100.54415130615234,-14.488679885864258,-4.582785129547119,20.50574431643265,0.4921875,0,0.4418604651162791
391,26844,-158.5086347553986,126,0,0,1,15.7827505773047,0.48996399999999996,1.5063845160461606,0,132.6858367919922,-14.325706481933594,-0.9932211637496948,59.96509330087363,1.326171875,0,0.4603174603174603
392,26960,-54.991848318884244,116,0,1,0,2.95303665569724,0.48775999999999997,1.792940633178785,0,115.10753631591797,-17.866670608520508,-2.413990020751953,47.14720244859807,0.56396484375,0,0.3275862068965517
393,26986,-104.89398158333344,26,0,0,1,27.699655353614975,0.4872660000000001,1.9857926265551493,0,90.37655639648438,-15.36349868774414,-0.9949443340301514,10.054481206822938,1.4755859375,0,0.2692307692307692
394,27032,-66.3306464815528,46,0,1,0,13.328110218169217,0.48639200000000005,1.80310753862495,0,104.4285659790039,-19.16824722290039,-3.0014445781707764,23.95396793389496,0.86474609375,0,0.5217391304347826
395,27059,-97.12425164168083,27,0,1,0,23.475837123222554,0.48587900000000006,2.1301781755906566,0,94.49291229248047,-15.887785911560059,-2.7878305912017822,11.674746817469565,0.34765625,0,0.4444444444444444
396,27099,-69.56362614299877,40,0,1,0,15.335718906135538,0.48511899999999997,1.9320659048855304,0,102.43880462646484,-18.427637100219727,-3.405963659286499,20.06584786727793,1.529296875,0,0.525
397,27148,-81.47668665250369,49,0,1,0,18.143852634324155,0.48418800000000006,1.6669445563944019,0,99.91290283203125,-15.98514461517334,-4.237271308898926,19.668749965453156,0.1300048828125,0,0.3673469387755102
398,27253,-143.4863614563247,105,0,1,0,14.556797293123987,0.482193,2.0436144681203934,0,104.07798767089844,-18.69463539123535,-7.972697734832764,37.23188118473273,0.114013671875,0,0.21904761904761905
399,27331,-74.38485316891115,78,0,1,0,10.795957988694887,0.480711,2.399651835553157,0,107.21949005126953,-17.02078628540039,-4.216844081878662,32.02477372659464,0.464599609375,0,0.34615384615384615
400,27438,-72.32418070817707,107,0,1,0,8.112729657771037,0.47867800000000005,1.8202796500419902,0,109.97294616699219,-21.064393997192383,-4.050537109375,47.09979172463967,0.556640625,0,0.2803738317757009
401,27526,-65.33450136651211,88,0,1,0,8.879264254620114,0.47700600000000004,1.7465922666544265,0,109.11883544921875,-20.81779670715332,-4.028975963592529,36.27768776305516,0.79736328125,0,0.3409090909090909
402,27676,-13.625709716614004,150,0,0,0,13.597899806530537,0.474156,1.9883348879218101,1,125.10012817382812,-30.47800064086914,-2.9611432552337646,62.862879998648744,0.67138671875,0,0.32666666666666666
403,27748,-60.588299591765356,72,0,1,0,6.971453598013566,0.472788,1.9851407499776945,0,111.31947326660156,-21.626232147216797,-2.3335628509521484,33.246832956263724,1.5205078125,0,0.4444444444444444
404,27844,-56.87218338720694,96,0,1,0,3.3180896213036983,0.47096399999999994,1.9027427253313363,0,114.70260620117188,-19.48122215270996,-4.221149444580078,40.6184220121454,0.473388671875,0,0.375
405,27975,-59.14654304003717,131,0,1,0,2.351145365527693,0.468475,1.7287296493544833,0,115.43896484375,-19.33363151550293,-3.246446371078491,51.86676180035945,0.62158203125,0,0.2900763358778626
406,28079,-70.27048440928505,104,0,1,0,6.224026457149372,0.4664990000000001,1.8326045488222287,0,111.70677947998047,-18.13237953186035,-4.150714874267578,43.01220673461475,0.344970703125,0,0.3173076923076923
407,28165,-70.14066364393587,86,0,1,0,11.75199562016342,0.464865,1.8250250663868217,0,106.43544006347656,-15.880632400512695,-3.1029396057128906,34.32005149683677,1.216796875,0,0.313953488372093
408,28222,-68.88719838223619,57,0,1,0,12.402890821011054,0.463782,1.9468533496061962,0,105.61750793457031,-16.76633071899414,-4.162139415740967,26.58910399501275,0.394287109375,0,0.43859649122807015
409,28372,-1.7277697013860802,150,0,0,0,7.0727954939112365,0.460932,1.9840511387586595,1,110.93726348876953,-20.87676239013672,-3.365370035171509,56.96200497247704,0.65869140625,4,0.22666666666666666
410,28447,-61.68814187822305,75,0,1,0,9.622639396231945,0.459507,2.181587354739507,0,108.24760437011719,-20.50243377685547,-2.8288166522979736,32.916648682748786,1.302734375,0,0.37333333333333335
411,28597,-27.979317808675418,150,0,0,0,17.12954401614477,0.456657,2.1404887891809143,1,121.98917388916016,-35.53840637207031,-1.2386715412139893,65.9868550509946,0.72802734375,0,0.3
412,28665,-65.5377428934311,68,0,1,0,11.305944737663278,0.455365,1.9550635304082842,0,106.48843383789062,-19.858110427856445,-2.6285877227783203,30.064495098598748,1.654296875,0,0.39705882352941174
413,28750,-65.50882957950179,85,0,1,0,9.32421310944656,0.4537500000000001,1.8269969109226676,0,108.66117858886719,-17.385766983032227,-4.229927062988281,35.02784768090787,0.295166015625,0,0.3411764705882353
414,28815,-69.21051644965007,65,0,1,0,12.651897956443175,0.452515,1.8884570983739999,0,105.12351989746094,-19.312362670898438,-3.643026113510132,28.948328321713337,0.9365234375,0,0.38461538461538464
415,28916,-63.36137929233485,101,0,1,0,7.231609016920372,0.4505960000000001,1.5882723846352926,0,110.95663452148438,-21.48487091064453,-3.240893840789795,40.84899962900551,1.138671875,0,0.31683168316831684
416,29029,-72.74838194861329,113,0,1,0,7.806293711348021,0.448449,1.6322349242668237,0,110.33464050292969,-21.25401496887207,-3.960272789001465,47.74182711736432,0.59423828125,0,0.26548672566371684
417,29101,-85.04349966030345,72,0,1,0,9.627365076539416,0.44708100000000006,2.0270962595111794,0,108.26194763183594,-20.519752502441406,-2.43353009223938,31.9866268727791,0.494873046875,0,0.4027777777777778
418,29224,-55.83050969339574,123,0,1,0,2.6828048163323466,0.44474400000000003,1.5756159326652202,0,115.09403228759766,-19.212646484375,-2.715510368347168,49.37769628670035,0.634765625,0,0.3008130081300813
419,29262,-73.96301887724412,38,0,1,0,16.820068290204247,0.44402200000000003,1.8798568350704092,0,100.97361755371094,-17.910293579101562,-3.060171365737915,19.177674931416885,1.2275390625,0,0.5
420,29347,-72.13538902229128,85,0,1,0,8.146959654522586,0.442407,1.5170301162144717,0,109.69712829589844,-19.177886962890625,-4.185866832733154,38.490732912203,0.3603515625,0,0.35294117647058826
421,29424,-66.59333087275516,77,0,1,0,7.874268978091907,0.440944,2.0376590300690043,0,110.3169937133789,-16.735031127929688,-4.16853141784668,34.762028559457626,0.370849609375,0,0.4155844155844156
422,29509,-71.22332203687048,85,0,1,0,8.310620946095852,0.43932899999999997,1.794184881974669,0,109.52549743652344,-19.100629806518555,-4.149746894836426,39.04748805496302,0.4873046875,0,0.35294117647058826
423,29659,-8.468621322468508,150,0,0,0,10.198085979004858,0.43647899999999995,1.7779698826869328,1,120.02196502685547,-28.972036361694336,-3.3190507888793945,63.00401516754261,0.701171875,0,0.2866666666666667
424,29809,-0.6809659539876627,150,0,0,0,8.474234588805134,0.43362899999999993,2.094505642155806,1,121.18091583251953,-26.764535903930664,-3.6128625869750977,57.97640495314375,0.8623046875,0,0.29333333333333333
425,29857,-80.17624121366255,48,0,0,1,14.079216379616593,0.432717,1.6799241518601775,0,103.9344253540039,-17.40869903564453,-0.8661191463470459,22.770682059200862,0.236083984375,0,0.4791666666666667
426,29919,-70.78943804589004,62,0,1,0,12.964580913699178,0.431539,2.015319593491093,0,104.91826629638672,-17.46975326538086,-3.9023971557617188,27.468624897005448,0.41943359375,0,0.3870967741935484
427,29971,-78.40113826881209,52,0,1,0,17.82321075037536,0.430551,1.7182342771154184,0,100.74439239501953,-13.761466026306152,-3.679882764816284,22.40198917938897,0.2484130859375,0,0.38461538461538464
428,29999,-81.50244792952506,28,0,1,0,21.13864894731885,0.43001900000000004,2.118544184735843,0,96.7826156616211,-16.398422241210938,-2.88442063331604,14.018140336658792,1.689453125,0,0.5357142857142857
429,30064,-70.27727657565083,65,0,1,0,11.842836231996529,0.42878399999999994,1.6144620629457327,0,106.26515197753906,-16.43838882446289,-4.214900970458984,28.580213901211337,0.44970703125,0,0.4
430,30162,-58.79590879180303,98,0,1,0,3.6703248204450776,0.426922,2.359682018051342,0,114.71843719482422,-20.709115982055664,-4.201661586761475,44.00067611548484,0.8154296875,0,0.37755102040816324
431,30259,-63.69538652527402,97,0,1,0,3.8982391071644744,0.425079,2.0191885761378967,0,114.06707763671875,-18.74655532836914,-1.7727710008621216,41.05754086906811,0.54638671875,0,0.36082474226804123
432,30322,-58.62325785684094,63,0,1,0,7.392135848144599,0.4238820000000001,1.8550429190435107,0,110.77613830566406,-21.377649307250977,-3.6295995712280273,31.866084343102745,1.146484375,0,0.5079365079365079
433,30390,-62.32179920833892,68,0,1,0,9.037605458210226,0.42259,1.8674707388614906,0,108.85020446777344,-17.792226791381836,-3.903668165206909,31.678347627429332,0.6337890625,0,0.4264705882352941
434,30431,-78.06489769386464,41,0,1,0,17.98914497506621,0.42181099999999994,1.4539185002809618,0,100.7608871459961,-13.153594017028809,-3.4460432529449463,19.086754688226403,0.12261962890625,0,0.4878048780487805
435,30464,-80.60478176558172,33,0,1,0,20.210619595228685,0.421184,1.9230082378242954,0,97.68404388427734,-16.680940628051758,-2.876577138900757,15.616993712377294,0.8662109375,0,0.45454545454545453
436,30515,-78.10420071883023,51,0,1,0,17.821868177361768,0.4202150000000001,1.8497652954914992,0,101.08961486816406,-12.779974937438965,-3.838780403137207,23.207798187509123,0.448486328125,0,0.39215686274509803
437,30590,-64.25336398552935,75,0,1,0,8.087926454949429,0.41879,1.984264050722122,0,109.7997055053711,-19.82130241394043,-4.2229156494140625,34.07993737831168,0.435791015625,0,0.4
438,30670,-59.214715737353494,80,0,1,0,6.346794668752277,0.41727000000000003,2.0736615788191557,0,112.09405517578125,-21.884334564208984,-3.2735342979431152,36.940774965055326,0.689453125,0,0.425
439,30720,-67.52162509740273,50,0,1,0,12.738808813680846,0.41632,2.1596786358952524,0,105.22391510009766,-17.078088760375977,-4.1671037673950195,24.779297095274508,0.56640625,0,0.52
440,30739,-84.4639671925675,19,0,1,0,23.0774123361716,0.4159590000000001,2.495036887495141,0,94.9063720703125,-15.896973609924316,-3.787736654281616,10.35103532253781,0.7255859375,0,0.631578947368421
441,30782,-68.43295257941759,43,0,1,0,14.250987675966577,0.415142,1.6994946962872217,0,103.50993347167969,-18.832576751708984,-3.2014009952545166,22.506603563007204,1.384765625,0,0.5348837209302325
442,30843,-57.631164644547404,61,0,1,0,7.224508240110126,0.4139830000000001,1.8312881735504651,0,110.96068572998047,-21.42022132873535,-3.485619068145752,32.00077246596153,0.97705078125,0,0.5245901639344263
443,30993,-39.81143078568974,150,0,0,0,15.421808121322947,0.4111330000000001,1.7355661301811536,1,125.60852813720703,-31.826309204101562,-6.549471855163574,63.1094097770319,0.83056640625,0,0.3333333333333333
444,31042,-84.60983346900336,49,0,1,0,16.600032845026277,0.41020200000000007,1.9698179723048697,0,101.44927978515625,-16.566795349121094,-4.869879722595215,22.693454208108992,0.24755859375,0,0.42857142857142855
445,31100,-70.89890431068338,58,0,1,0,13.621520690532877,0.4091,1.6624244199744587,0,104.15208435058594,-19.071882247924805,-2.308718681335449,25.576617399699153,1.201171875,0,0.39655172413793105
446,31184,-51.82450714896068,84,0,1,0,2.7053590807588406,0.407504,2.1176480317399617,0,115.30509185791016,-17.900766372680664,-3.1572065353393555,43.144863421794305,0.42333984375,0,0.44047619047619047
447,31208,-88.49894003435597,24,0,1,0,23.95690647303695,0.40704799999999997,2.1507852151989937,0,94.06807708740234,-15.668261528015137,-4.221993446350098,10.385416025715534,0.255859375,0,0.4583333333333333
448,31237,-88.13188901989241,29,0,1,0,24.094976048198216,0.4064970000000001,1.4438072592020035,0,93.94245147705078,-15.820948600769043,-4.782454967498779,12.222485661718755,0.10015869140625,0,0.3793103448275862
449,31294,-73.1597219183781,57,0,1,0,12.819667678713083,0.40541400000000005,1.8774571575616534,0,105.4403076171875,-15.594794273376465,-3.911539077758789,26.141801884985643,0.334716796875,0,0.43859649122807015
450,31409,-80.5290486026431,115,0,1,0,5.364563059333583,0.40322900000000006,2.1357841467079908,0,112.52546691894531,-18.983163833618164,-4.190113067626953,43.01646256872383,0.3544921875,0,0.2956521739130435
451,31526,131.13015170293278,117,1,0,0,1.9903830000919456,0.4010060000000001,1.769304785463545,0,116.45427703857422,-20.4885196685791,-3.383749485015869,48.36711006587358,0.32275390625,0,0.3247863247863248
452,31549,-86.11549434766576,23,0,1,0,23.311014490752832,0.40056900000000006,1.3606687304766283,0,94.80215454101562,-15.154601097106934,-4.216684818267822,10.99714248358793,0.10736083984375,0,0.5217391304347826
453,31639,147.38993433214978,90,1,0,0,1.7725392137747158,0.3988590000000001,2.286393389602502,0,116.80966186523438,-20.51523208618164,-2.7811877727508545,41.099418618178355,1.068359375,0,0.43333333333333335
454,31690,-71.98510142457422,51,0,1,0,14.402791786023963,0.39788999999999997,1.8304404704009785,0,103.57693481445312,-16.808561325073242,-4.200734615325928,23.984778741180918,0.275146484375,0,0.45098039215686275
455,31712,-85.70708755536936,22,0,1,0,23.44414430716261,0.39747200000000005,1.8686280182816766,0,94.51116180419922,-15.986538887023926,-2.8574376106262207,11.236739305948447,0.5283203125,0,0.5454545454545454
456,31779,-78.03863893792703,67,0,1,0,11.71518487452991,0.39619899999999997,1.6390131529587417,0,106.47439575195312,-15.918067932128906,-3.5079920291900635,30.30823894917574,0.91796875,0,0.3880597014925373
457,31828,-72.14630981662437,49,0,1,0,13.067548127476599,0.39526800000000006,1.629104060786111,0,104.77925872802734,-19.265453338623047,-1.4777580499649048,25.91674745749156,1.2744140625,0,0.4897959183673469
458,31885,-76.74681336343329,57,0,1,0,12.637834218747082,0.394185,1.3426660769864132,0,105.57384490966797,-15.756479263305664,-2.2560718059539795,27.46925172220763,0.6884765625,0,0.45614035087719296
459,31967,-69.18281209333287,82,0,1,0,10.846620462556771,0.39262700000000006,2.075818626800688,0,106.97911071777344,-19.252838134765625,-4.201837539672852,32.82508494422171,0.47216796875,0,0.32926829268292684
460,32029,-81.66681918731969,62,0,1,0,13.09275743787546,0.39144900000000005,2.3887889962042532,0,104.97789001464844,-16.449378967285156,-4.207977771759033,27.085833811528527,0.34912109375,0,0.3870967741935484
461,32105,-61.954347358021884,76,0,1,0,7.0879531600467995,0.39000500000000005,2.0103413117559334,0,110.98637390136719,-20.75263023376465,-4.205109596252441,33.55254033251571,0.2666015625,0,0.42105263157894735
462,32171,-62.42411055995708,66,0,1,0,9.235711883764274,0.38875100000000007,1.868793953323003,0,108.66613006591797,-20.66090965270996,-2.962324857711792,30.836340764148897,0.357177734375,0,0.4393939393939394
463,32229,-63.456058927301136,58,0,1,0,10.655094387992387,0.387649,1.4625364169478416,0,107.18052673339844,-20.1185302734375,-3.712690591812134,28.822020198076657,0.95849609375,0,0.46551724137931033
464,32294,-82.8666263814298,65,0,1,0,11.399645377851968,0.38641400000000004,1.5000649819007286,0,106.38372039794922,-19.81796646118164,-2.9074366092681885,31.112324365987153,1.0810546875,0,0.4
465,32365,-71.5059718852538,71,0,1,0,12.68527892745264,0.385065,1.6501043539651683,0,105.08937072753906,-19.324613571166992,-3.5804507732391357,33.29444614836355,0.68115234375,0,0.3380281690140845
466,32396,-75.77775148070569,31,0,1,0,17.87820508534757,0.38447599999999993,1.7804251515096234,0,100.72466278076172,-13.666728973388672,-3.8774168491363525,17.24158985392162,0.15234375,0,0.6451612903225806
467,32444,-68.06496248211621,48,0,1,0,12.105423783376574,0.383564,2.668056913961967,0,105.80333709716797,-17.546964645385742,-4.203139781951904,24.409561611418177,0.336181640625,0,0.5416666666666666
468,32487,-78.04717508537968,43,0,1,0,17.603808934976865,0.38274700000000006,1.6616387783094895,0,100.86639404296875,-14.110567092895508,-3.6025404930114746,19.600957434158417,0.7822265625,0,0.46511627906976744
469,32540,-87.79907060851568,53,0,1,0,14.481648974724454,0.38173999999999997,1.6500399573793951,0,103.27748107910156,-18.755374908447266,-2.8859169483184814,24.392516976072926,1.748046875,0,0.41509433962264153
470,32563,-82.79844411472536,23,0,1,0,22.706394454233518,0.38130300000000006,1.2916454957879109,0,95.27183532714844,-15.889669418334961,-3.1183512210845947,11.340533204807569,1.4677734375,0,0.5652173913043478
471,32622,-69.6013598662349,59,0,1,0,13.398979570646095,0.380182,2.472029470286127,0,104.46205139160156,-17.82349967956543,-4.156133651733398,24.046637149697563,0.37841796875,0,0.4067796610169492
472,32691,-70.35941113376921,69,0,1,0,10.666893129840227,0.37887100000000007,1.6594682247310444,0,107.15045166015625,-20.109731674194336,-3.3666112422943115,31.389954931710957,0.373291015625,0,0.391304347826087
473,32731,-76.27602829761969,40,0,1,0,17.27801550470024,0.3781110000000001,2.029081705212593,0,100.64816284179688,-16.91216278076172,-4.145257472991943,20.1367162497581,0.62646484375,0,0.5
474,32807,-63.64860575059813,76,0,1,0,7.199940978072849,0.3766670000000001,1.6899338658703,0,111.09746551513672,-21.520977020263672,-4.143590450286865,37.23227152860303,0.489990234375,0,0.42105263157894735
475,32873,-62.74326581314589,66,0,1,0,8.319882104539698,0.375413,2.522815497987198,0,109.54509735107422,-19.63854217529297,-4.197665691375732,31.328532206727836,0.4609375,0,0.45454545454545453
476,32936,-75.28847579329604,63,0,1,0,10.69560478602325,0.3742160000000001,1.5171357123624711,0,107.19014739990234,-20.116365432739258,-1.745004653930664,31.097264291027532,1.2177734375,0,0.42857142857142855
477,33013,-58.16897183905369,77,0,1,0,5.710108751211576,0.3727530000000001,1.8352594768459147,0,113.1600341796875,-22.29678726196289,-3.9061615467071533,35.160557042725124,0.76708984375,0,0.45454545454545453
478,33088,-65.38379545598087,75,0,1,0,8.958334524280495,0.371328,1.5474996840953827,0,108.98809051513672,-20.782344818115234,-3.56463360786438,32.22969055712897,0.278564453125,0,0.4
479,33130,-69.1273796482174,42,0,1,0,13.780677714480694,0.37053,2.6232879970754897,0,104.18338775634766,-16.98451042175293,-4.198973178863525,22.177485537595253,0.46337890625,0,0.5714285714285714
480,33166,-75.02175550699572,36,0,1,0,17.211429238801855,0.369846,2.953304453028573,0,101.26856231689453,-14.18998908996582,-3.931962490081787,17.78200936854128,0.6123046875,0,0.5833333333333334
481,33201,-78.59794726066546,35,0,1,0,18.171621392998198,0.369181,1.5018263774258749,0,100.044189453125,-15.280922889709473,-4.550113677978516,16.58611505395578,0.267333984375,0,0.5428571428571428
482,33269,-68.20741957777221,68,0,1,0,12.216374576757127,0.367889,2.0634060296065666,0,105.70933532714844,-17.397705078125,-4.200090408325195,28.637305017510755,0.336669921875,0,0.36764705882352944
483,33346,153.15752428319377,77,1,0,0,1.5384676591082083,0.36642600000000003,2.5362457168566714,0,117.54138946533203,-20.544580459594727,-3.163130044937134,39.543292385159354,0.9091796875,0,0.5194805194805194
484,33380,-78.52989383916801,34,0,1,0,17.99968881455753,0.3657800000000001,2.0405745225794174,0,100.8494644165039,-12.929713249206543,-2.053576946258545,17.841940893745967,0.3349609375,0,0.5882352941176471
485,33450,-59.36280591703535,70,0,1,0,7.136764919381162,0.36444999999999994,2.2236321551459177,0,111.11038208007812,-21.577777862548828,-3.5462327003479004,33.95344777890106,0.63330078125,0,0.45714285714285713
486,33483,-74.32083662029068,33,0,1,0,17.97823815172996,0.363823,1.2694619139938643,0,100.83428192138672,-12.9703950881958,-3.3254613876342773,17.049217883939903,0.33984375,0,0.6060606060606061
487,33552,-57.78924784801135,69,0,1,0,4.111955531756139,0.36251200000000006,1.8958472382763158,0,113.77753448486328,-18.61516571044922,-2.055915355682373,34.90359254107292,0.499755859375,0,0.5217391304347826
488,33622,-57.92611930236301,70,0,1,0,7.261524352668289,0.361182,2.2003334464771407,0,110.62818908691406,-19.71108055114746,-4.212907314300537,35.178252099938504,0.257568359375,0,0.45714285714285713
489,33712,-71.36978588411185,90,0,1,0,4.081005060790038,0.3594720000000001,2.1450615273581612,0,114.21756744384766,-19.791786193847656,-1.1132415533065796,42.142663738806306,0.35888671875,0,0.4
490,33800,-53.36428600283605,88,0,1,0,2.9632896261941584,0.3578,1.8650794135914608,0,114.92024230957031,-19.138225555419922,-2.1437270641326904,42.36339924748758,0.3896484375,0,0.42045454545454547
491,33840,-61.2166133189305,40,0,1,0,11.088057144653911,0.35704,1.1912654645740985,0,106.7118911743164,-19.891063690185547,-3.4238383769989014,24.54495857425933,1.490234375,0,0.675
492,33941,-57.892028904840444,101,0,1,0,2.8634126104404563,0.355121,1.7646677688796921,0,115.28726196289062,-17.903688430786133,-2.090681552886963,43.18169813371533,0.32568359375,0,0.36633663366336633
493,34020,-84.89270760227005,79,0,1,0,8.705417246820598,0.35362000000000005,1.8924354045074196,0,109.25640869140625,-20.867910385131836,-3.368248462677002,37.84559223929795,0.5419921875,0,0.379746835443038
494,34044,-86.25253587170776,24,0,1,0,22.984782595739414,0.35316400000000003,2.555993684877952,0,94.9949951171875,-15.894210815429688,-3.5176217555999756,11.804270454954132,0.53564453125,0,0.5
495,34150,-54.04748472475621,106,0,1,0,2.8874544813438603,0.35114999999999996,2.051538603485755,0,115.14688873291016,-17.899658203125,-3.491445302963257,45.33121276857128,0.712890625,0,0.3490566037735849
496,34202,-68.34383805586927,52,0,1,0,12.98477553452464,0.3501620000000001,1.6563321546866343,0,105.42237854003906,-15.025688171386719,-3.6636695861816406,24.02937999618585,0.14794921875,0,0.4807692307692308
497,34267,-57.28795488107426,65,0,1,0,6.772090910727729,0.3489270000000001,1.9586641646348513,0,111.0820083618164,-19.101106643676758,-4.146422863006592,33.0924202715936,0.4189453125,0,0.49230769230769234
498,34329,-61.26823117728614,62,0,1,0,8.943610501544018,0.3477490000000001,1.628449314784619,0,108.91729736328125,-18.450618743896484,-4.236310005187988,30.31570645898245,0.3125,0,0.46774193548387094
499,34415,-59.3545099483943,86,0,1,0,6.5884671670726895,0.34611500000000006,2.2828199263922,0,111.27337646484375,-19.289907455444336,-4.148043155670166,38.89033321029214,0.419677734375,0,0.38372093023255816
500,34473,-62.59160194724065,58,0,1,0,9.846872228929092,0.345013,2.5921473076631285,0,108.01980590820312,-20.42039680480957,-3.4952991008758545,29.616576829847254,1.41015625,0,0.4827586206896552
501,34546,-61.12914663091734,73,0,1,0,8.151586750866695,0.3436260000000001,1.5377646153920317,0,109.69783020019531,-18.622255325317383,-4.160079002380371,34.228059045446464,0.42041015625,0,0.410958904109589
502,34629,-62.70988678585756,83,0,1,0,8.069804009952865,0.34204900000000005,2.070418609553073,0,109.7709732055664,-18.932098388671875,-4.162196159362793,38.91587514996063,0.416748046875,0,0.3614457831325301
503,34709,-62.34733679654337,80,0,1,0,7.542768324129847,0.34052899999999997,1.8066515563055874,0,110.42924499511719,-20.331274032592773,-4.240172863006592,36.64809519961517,0.475830078125,0,0.3875
504,34805,-71.9422377928293,96,0,1,0,7.64710175880248,0.33870500000000003,1.9032844665149848,0,110.48086547851562,-21.303993225097656,-3.5535929203033447,39.367609715293696,0.58203125,0,0.3333333333333333
505,34884,-57.77105069492901,79,0,1,0,6.311543638465006,0.33720400000000006,1.9365559448547,0,112.15980529785156,-21.907896041870117,-3.50883150100708,37.580177390947384,0.7587890625,0,0.4177215189873418
506,34950,-54.38586618783784,66,0,1,0,6.27783027124004,0.3359500000000001,1.780099186933402,0,111.8631362915039,-20.832271575927734,-4.207381248474121,33.92783503958661,0.4208984375,0,0.5
507,35024,-59.103248102884336,74,0,1,0,7.927382026790631,0.33454400000000006,2.1516989777619773,0,110.13555908203125,-21.193395614624023,-2.6815617084503174,35.08056283201089,1.2998046875,0,0.4189189189189189
508,35085,-61.666800750395765,61,0,1,0,9.03310759051097,0.33338500000000004,2.5686167405277,0,108.81246948242188,-18.711179733276367,-4.228965759277344,29.630022206019078,0.412841796875,0,0.47540983606557374
509,35139,-64.64423861481822,54,0,1,0,12.007262216799225,0.33235900000000007,1.690504017803404,0,105.76749420166016,-19.596281051635742,-2.71895170211792,25.41596396672388,1.244140625,0,0.48148148148148145
510,35233,-60.73782731692187,94,0,1,0,6.119208137865567,0.3305730000000001,2.2176698240193913,0,111.86976623535156,-20.234420776367188,-4.161853313446045,39.524665829507704,0.354248046875,0,0.35106382978723405
511,35300,-61.36119784022873,67,0,1,0,7.43515562400704,0.32930000000000004,2.139306937580678,0,110.46858978271484,-18.206819534301758,-4.221833229064941,32.1531319053505,0.376708984375,0,0.4626865671641791
512,35369,-61.0749381762026,69,0,1,0,9.035053979195446,0.327989,1.6529769903939704,0,108.91146850585938,-20.731359481811523,-3.7111353874206543,31.611744107574783,1.1435546875,0,0.42028985507246375
513,35411,-79.30082512380719,42,0,1,0,18.630240275158645,0.3271910000000001,2.346209901429358,0,99.39753723144531,-16.11665153503418,-4.237701892852783,19.590756754063392,0.298095703125,0,0.42857142857142855
514,35518,-63.349335129040945,107,0,1,0,7.498009086233002,0.32515800000000006,2.0486212654091487,0,110.6457748413086,-21.390430450439453,-3.291132688522339,42.77042459351975,0.95263671875,0,0.29906542056074764
515,35608,-62.51365493224565,90,0,1,0,8.257456910921732,0.32344800000000007,2.0111587390303614,0,109.65506744384766,-20.32742691040039,-3.942089796066284,38.305100942279815,0.58935546875,0,0.3333333333333333
516,35682,-102.29289934130672,74,0,1,0,14.759714820727483,0.32204199999999994,2.394886678940541,0,103.5306396484375,-20.331514358520508,-6.721116542816162,31.130835047218667,0.1448974609375,0,0.3108108108108108
517,35760,-64.45386100462065,78,0,1,0,10.04831842663699,0.32056000000000007,1.851914564959514,0,107.79125213623047,-20.28628921508789,-2.7127320766448975,33.218442365042264,1.2490234375,0,0.34615384615384615
518,35853,-66.64092733121925,93,0,1,0,8.356598324763224,0.318793,1.9205457691543846,0,109.64218139648438,-21.019256591796875,-3.220250368118286,41.60531703066445,0.484619140625,0,0.3225806451612903
519,35926,-61.52002106210097,73,0,1,0,8.31500170516158,0.31740599999999997,1.598889519090522,0,109.68504333496094,-21.00843048095703,-2.7021236419677734,34.300714324867165,1.42578125,0,0.410958904109589
520,35999,-60.46003314752554,73,0,1,0,7.40782151286273,0.31601900000000005,2.0474715436974615,0,110.59097290039062,-20.48329734802246,-4.194222927093506,33.4515145362439,0.383056640625,0,0.4383561643835616
521,36019,-85.79809916658596,20,0,1,0,23.575247627389153,0.315639,2.2591773092746736,0,94.50807189941406,-15.295373916625977,-4.158444404602051,9.987552217478218,0.118896484375,0,0.6
522,36097,-53.47222545789044,78,0,1,0,3.456556781266328,0.314157,2.0737865081964393,0,114.56958770751953,-18.352367401123047,-4.153844356536865,38.67863865695824,0.1416015625,0,0.46153846153846156
523,36130,-71.28249690471779,33,0,1,0,16.192141031203086,0.31353,2.4375070441852915,0,101.90023040771484,-15.98436164855957,-4.2101969718933105,18.474480949551335,0.27001953125,0,0.6363636363636364
524,36194,-75.41414185541333,64,0,1,0,13.256225639290303,0.3123140000000001,2.258049725322053,0,104.68191528320312,-17.198373794555664,-4.191861152648926,26.552145057484406,0.10003662109375,0,0.375
525,36251,-71.57491713442398,57,0,1,0,10.933907360107721,0.31123100000000004,1.278041958808899,0,107.00810241699219,-18.394453048706055,-1.0963739156723022,27.58418764614953,0.787109375,0,0.47368421052631576
526,36313,-56.60231634739023,62,0,1,0,7.061089251925206,0.310053,1.9961477578166993,0,111.18982696533203,-21.57291030883789,-3.515399694442749,31.342323211744386,1.0009765625,0,0.532258064516129
527,36383,-62.412761958761216,70,0,1,0,9.587152576764145,0.3087230000000001,2.3829785770603586,0,108.28632354736328,-20.520097732543945,-2.8419342041015625,32.89228647332389,1.1650390625,0,0.4
528,36429,-77.81778977092132,46,0,1,0,17.328454067130615,0.30784900000000004,1.7102283022325973,0,101.13577270507812,-14.138748168945312,-3.1616389751434326,20.384928739431754,0.2276611328125,0,0.43478260869565216
529,36534,138.22616302864202,105,1,0,0,1.6443097108802542,0.30585400000000007,2.3668617455732255,0,116.91902160644531,-17.656843185424805,-2.685490608215332,46.08869406728561,0.77099609375,0,0.38095238095238093
530,36611,-70.9662104313994,77,0,1,0,6.970620886127686,0.3043910000000001,2.11254488996097,0,111.35224151611328,-21.645570755004883,-3.8579201698303223,35.866289897206876,0.5927734375,0,0.42857142857142855
531,36691,149.39497208389264,80,1,0,0,1.893300306736718,0.302871,2.3886271979659797,0,116.97345733642578,-20.752613067626953,-3.1118404865264893,39.86284287684028,0.70166015625,0,0.4875
532,36778,146.90652068907934,87,1,0,0,1.9556655181434093,0.301218,1.9397999877217171,0,117.0193862915039,-20.354480743408203,-4.236655235290527,40.45550887559094,0.9072265625,0,0.4482758620689655
533,36849,-62.24680480617672,71,0,1,0,6.838889352137725,0.29986900000000005,1.6135970939632873,0,111.4455795288086,-21.663511276245117,-3.0849995613098145,33.16588832081227,1.4833984375,0,0.4647887323943662
534,36921,-60.04094255761799,72,0,1,0,6.681588506563069,0.298501,1.859924327582121,0,111.28750610351562,-20.187036514282227,-4.214681625366211,33.686662996715825,0.314697265625,0,0.4444444444444444
535,36993,-64.87007264160175,72,0,1,0,8.999802661158311,0.2971330000000001,1.909187637683418,0,108.89054870605469,-20.048877716064453,-4.163097858428955,30.980127112667233,0.61865234375,0,0.4166666666666667
536,37051,-75.86715413870232,58,0,1,0,15.976316347927158,0.29603100000000004,2.719957127139486,0,101.81805419921875,-18.13303565979004,-2.4148685932159424,24.569737384398312,0.75390625,0,0.3620689655172414
537,37080,-87.57609964475208,29,0,1,0,23.483985502420936,0.29547999999999996,1.3687339538130268,0,94.47713470458984,-15.932071685791016,-2.870551347732544,12.840344181942,0.71044921875,0,0.41379310344827586
538,37138,-67.83786401479367,58,0,1,0,12.775686416952386,0.29437800000000003,2.1797706713450364,0,105.0007095336914,-19.303483963012695,-3.6300909519195557,26.321419689165257,1.11328125,0,0.43103448275862066
539,37179,-78.21243757273521,41,0,1,0,18.467008839846898,0.29359900000000005,1.7977296346571388,0,99.38126373291016,-17.240398406982422,-2.7002034187316895,19.337843145197734,1.73828125,0,0.43902439024390244
540,37215,-85.39057664315318,36,0,1,0,19.545797142678953,0.29291500000000004,1.9549522714482412,0,98.32428741455078,-16.960830688476562,-3.371288299560547,17.666588562536273,1.4306640625,0,0.4444444444444444
541,37279,-72.13575316886164,64,0,1,0,13.73677630424763,0.29169900000000004,1.5283331850077957,0,104.02103424072266,-19.02869987487793,-3.047656774520874,28.883811204957574,0.544921875,0,0.359375
542,37367,-62.60203965909243,88,0,1,0,7.495432554873926,0.29002700000000003,2.2470293417572975,0,110.53694915771484,-20.64925765991211,-4.207376003265381,34.97489151455955,0.24365234375,0,0.36363636363636365
543,37429,-72.00060826220556,62,0,1,0,13.807941930614477,0.288849,1.9254922874031528,0,103.95135498046875,-19.00102996826172,-2.768160820007324,27.76284534382898,1.0,0,0.3709677419354839
544,37488,-69.37986276705345,59,0,1,0,14.543927103985904,0.2877280000000001,1.565422027040336,0,103.21759033203125,-18.732885360717773,-2.804957866668701,23.157775096691836,0.814453125,0,0.3728813559322034
545,37540,-64.93722739659165,52,0,1,0,12.316419915144921,0.28674,2.1300257043196607,0,105.44842529296875,-19.491233825683594,-3.0307459831237793,25.953061950937023,1.107421875,0,0.4807692307692308
546,37590,-73.11359853284151,50,0,1,0,15.800378471901917,0.28579,2.3851878213882447,0,101.9759521484375,-18.273651123046875,-2.908663749694824,22.154802369234194,1.271484375,0,0.42
547,37643,-70.85243480632043,53,0,1,0,14.350251073687334,0.284783,2.4940084182428865,0,103.41072845458984,-18.802701950073242,-2.7759690284729004,23.88614275109671,1.083984375,0,0.41509433962264153
548,37698,-74.93433933373841,55,0,1,0,16.885748648511086,0.28373800000000005,2.196157951788469,0,100.91081237792969,-17.890052795410156,-2.8173410892486572,22.602566189030668,1.587890625,0,0.34545454545454546
549,37741,-73.96978715170144,43,0,1,0,17.571259297341104,0.282921,1.9193461669045826,0,100.24361419677734,-17.626249313354492,-2.892157554626465,19.14373990928679,1.62890625,0,0.4418604651162791
550,37826,-67.31512866076318,85,0,1,0,11.130492328787652,0.28130600000000006,1.9492365856381024,0,106.67228698730469,-19.928239822387695,-3.4751172065734863,33.588395015188134,1.16015625,0,0.3058823529411765
551,37853,-81.31128203730185,27,0,1,0,21.356002986177288,0.28079300000000007,2.1860122040466026,0,96.78948211669922,-15.148375511169434,-4.143939018249512,14.295008423405609,1.421875,0,0.5555555555555556
552,37970,-59.447024189228244,117,0,1,0,3.028663341501942,0.2785700000000001,2.313182420328132,0,114.85630798339844,-18.16377830505371,-2.8883724212646484,49.55620467471367,0.109619140625,0,0.3076923076923077
553,38027,-78.66232816937365,57,0,1,0,15.462407563227362,0.27748700000000004,1.5833517736510228,0,103.13104248046875,-14.085453033447266,-2.1582469940185547,25.220419515276145,0.50439453125,0,0.38596491228070173
554,38060,-79.46808419932682,33,0,1,0,18.16855464263038,0.27686,2.352667282025019,0,99.92279815673828,-15.781517028808594,-4.22398567199707,18.072993847889148,0.10711669921875,0,0.5454545454545454
555,38119,-70.16400849146956,59,0,1,0,9.467543100218496,0.27573900000000007,1.9301903189743979,0,108.4230728149414,-20.505767822265625,-3.5670456886291504,30.621113529396016,1.484375,0,0.4915254237288136
556,38209,-60.38539149860384,90,0,1,0,5.908328069119204,0.2740290000000001,2.0314117736286588,0,112.06210327148438,-17.97150421142578,-4.164722919464111,42.903762266562936,0.41796875,0,0.36666666666666664
557,38261,-56.10108940494228,52,0,1,0,6.616182451193349,0.273041,2.062716745986388,0,111.28018951416016,-19.663516998291016,-4.202089309692383,29.965500455064515,0.364501953125,0,0.6153846153846154
558,38289,-79.87417359196883,28,0,1,0,20.728977908518573,0.272509,2.553679942020348,0,97.1819839477539,-16.551687240600586,-3.456747531890869,13.690240501727683,0.422607421875,0,0.5357142857142857
559,38306,-83.9495485584907,17,0,1,0,23.446081576724932,0.27218600000000004,2.247555038508247,0,94.5022964477539,-16.049057006835938,-2.854391574859619,9.737514529716693,0.370361328125,0,0.7647058823529411
560,38355,-65.50213292231,49,0,1,0,10.837772344112976,0.271255,1.5922543649770775,0,106.9731674194336,-20.039072036743164,-3.3163723945617676,26.980463606022937,1.5625,0,0.5510204081632653
561,38405,-61.80954990566286,50,0,1,0,10.515895357917595,0.270305,1.963151694536209,0,107.33584594726562,-19.82656478881836,-4.163792133331299,27.46018347711175,0.80029296875,0,0.56
562,38553,-125.29231805381669,148,0,0,1,11.467524785295549,0.2674930000000001,2.1805498121759377,0,128.66094970703125,-21.92229652404785,-0.9284125566482544,66.89308629510582,0.61962890625,0,0.36486486486486486
563,38642,-65.707496524638,89,0,1,0,6.864927545672071,0.2658020000000001,2.3930194937111287,0,111.43266296386719,-21.657508850097656,-3.501704692840576,38.445701177181995,0.65625,0,0.3595505617977528
564,38689,-63.29422848743613,47,0,1,0,11.085454476635551,0.26490900000000006,1.561761794255135,0,106.71411895751953,-19.87000274658203,-3.461501359939575,25.377013457680235,0.75048828125,0,0.574468085106383
565,38769,-54.211152976536006,80,0,1,0,2.36376436796272,0.2633890000000001,1.826042671687901,0,115.47454833984375,-19.28009033203125,-3.565962314605713,38.589972294311615,0.7353515625,0,0.4625
566,38854,-60.24834254581306,85,0,1,0,6.849723346119386,0.26177400000000006,1.6209531628033693,0,111.44861602783203,-21.6733341217041,-3.398928642272949,39.27812794061811,0.861328125,0,0.3764705882352941
567,38896,-66.79997701741416,42,0,1,0,12.833098369608084,0.2609760000000001,2.330126764518874,0,104.94564819335938,-19.2768497467041,-2.366751194000244,23.364252484746824,1.2998046875,0,0.5952380952380952
568,38989,144.79473815843906,93,1,0,0,1.7196397225998383,0.259209,2.068586351410035,0,116.58515167236328,-20.288644790649414,-3.0405466556549072,43.805270702565664,0.94775390625,0,0.41935483870967744
569,39038,-63.01870857631372,49,0,1,0,10.0588736800493,0.258278,2.337472318386545,0,107.78691864013672,-19.72216796875,-4.143068790435791,26.21173379831061,0.4169921875,0,0.5714285714285714
570,39117,-63.93970943883175,79,0,1,0,9.068469738090437,0.25677700000000003,1.969841922385783,0,108.84063720703125,-20.64278793334961,-3.3870983123779297,37.1943150627712,0.986328125,0,0.3670886075949367
571,39141,-81.6348500375151,24,0,1,0,20.882839192731357,0.256321,2.8356144055724144,0,97.23894500732422,-15.334327697753906,-4.171929359436035,12.846132562307073,1.009765625,0,0.6666666666666666
572,39195,-64.0313521389357,54,0,1,0,10.379698336107495,0.25529500000000005,2.1118528566978596,0,107.44630432128906,-20.20224952697754,-3.239511013031006,27.7018756916942,1.59375,0,0.5
573,39265,-63.799523028269235,70,0,1,0,9.700107947539662,0.253965,2.1928257001297813,0,108.1863784790039,-20.47345542907715,-3.651015281677246,32.04443882934926,1.146484375,0,0.4
574,39345,-51.641528367542556,80,0,1,0,2.987382127896577,0.25244500000000003,1.8662693463265896,0,115.1285629272461,-20.18491554260254,-2.16548228263855,39.45515213819159,0.5107421875,0,0.475
575,39416,-58.42953379251172,71,0,1,0,2.927095346601104,0.251096,2.05428275570903,0,114.84590148925781,-19.015470504760742,-2.6846888065338135,36.605077323982094,0.359130859375,0,0.5352112676056338
576,39519,-58.95821167011999,103,0,1,0,3.1275366765098647,0.2491390000000001,1.7268891988448727,0,114.80522155761719,-19.607168197631836,-2.136323928833008,44.34517986120965,0.64697265625,0,0.3592233009708738
577,39632,142.95310598434273,113,1,0,0,1.9399339437156657,0.246992,2.4516321209679663,0,116.08543395996094,-19.827472686767578,-2.4256069660186768,51.44968127398831,0.75439453125,0,0.336283185840708
578,39695,-60.339029385150205,63,0,1,0,7.636125308795514,0.24579499999999999,2.039143559951631,0,110.49851989746094,-21.065542221069336,-4.214722633361816,31.33845144686899,0.517578125,0,0.5079365079365079
579,39725,-81.44192865512869,30,0,1,0,20.48685027598785,0.24522500000000003,2.535731374224027,0,97.42829132080078,-16.620067596435547,-3.808189868927002,15.089455754006217,0.7548828125,0,0.5
580,39833,-63.18749786959028,108,0,1,0,4.96212407451239,0.24317299999999997,2.12021355441323,0,113.04570007324219,-20.021862030029297,-4.206995010375977,47.557732893674526,0.326904296875,0,0.32407407407407407
581,39931,-57.608593601915146,98,0,1,0,3.317257619044382,0.24131100000000005,2.214995695164009,0,115.06382751464844,-20.783397674560547,-2.1657259464263916,47.150314855108014,0.31982421875,0,0.37755102040816324
582,40001,-62.21182164551511,70,0,1,0,7.782307350320836,0.2399810000000001,2.0584332404392107,0,110.32157135009766,-21.137155532836914,-3.9192686080932617,32.36204597648163,0.456298828125,0,0.44285714285714284
583,40151,4.368519774708833,150,0,0,0,3.603617084878583,0.2371310000000001,2.0138545523087186,1,114.17581939697266,-19.291488647460938,-2.6786677837371826,57.36244721418596,0.59619140625,0,0.24
584,40272,137.4378837064205,121,1,0,0,1.8199496165107198,0.23483200000000004,1.9227477408145084,0,116.62886810302734,-20.21665382385254,-2.202697992324829,53.407280901705015,0.7119140625,0,0.32231404958677684
585,40411,-67.29789682934195,139,0,1,0,3.7455290717108087,0.23219100000000004,1.9934732385462137,0,114.19297790527344,-18.24816131591797,-2.1536436080932617,54.117833668679076,0.314453125,5,0.26618705035971224
586,40471,-62.219706755328545,60,0,1,0,9.411201258508518,0.231051,1.6483427368104457,0,108.49540710449219,-20.594942092895508,-3.5736474990844727,29.582699644238442,0.6552734375,0,0.48333333333333334
587,40524,-60.553589294653214,53,0,1,0,9.234665283624038,0.23004400000000003,2.0432939068326412,0,108.68978118896484,-20.62408447265625,-3.689269781112671,27.807805879536723,1.2470703125,0,0.5660377358490566
588,40569,-78.97937982474262,45,0,1,0,17.765164996441634,0.2291890000000001,1.7455998877684276,0,101.1356430053711,-12.777688026428223,-2.912468910217285,21.609692214870137,1.06640625,0,0.4666666666666667
589,40656,-60.77518063729249,87,0,1,0,5.127468626707978,0.22753600000000007,2.253193610015957,0,112.9506607055664,-17.654861450195312,-4.1339430809021,38.99514502686145,0.158203125,0,0.40229885057471265
590,40758,-57.29787737242351,102,0,1,0,3.8564510043415727,0.22559800000000008,2.038141309630637,0,114.18010711669922,-19.828311920166016,-4.207354545593262,45.40472317868946,0.309814453125,0,0.35294117647058826
591,40908,-4.7542337955411185,150,0,0,0,6.244415136916975,0.22274800000000006,1.895819424688816,1,121.84613037109375,-23.594078063964844,-1.7872538566589355,58.68051752182595,0.364501953125,0,0.3
592,40966,-60.51112858801547,58,0,1,0,9.437268782081267,0.221646,2.5638406222750403,0,108.44528198242188,-20.559507369995117,-3.1979832649230957,30.048012339885965,0.62158203125,0,0.5
593,41038,-54.37126194737514,72,0,1,0,5.481085044800863,0.22027799999999997,2.376285490890344,0,112.60299682617188,-17.63242530822754,-4.235245227813721,37.16227274654214,0.32958984375,0,0.4722222222222222
594,41188,5.405612224608529,150,0,0,0,6.866604032267188,0.21742799999999995,1.9232793295383452,1,110.90725708007812,-19.049352645874023,-3.4938340187072754,58.16351914051121,0.861328125,1,0.22666666666666666
595,41264,-66.80076809610284,76,0,1,0,10.04432802724774,0.21598400000000006,1.801262582407186,0,107.79080963134766,-18.6637020111084,-4.202986717224121,35.19884243136163,0.358154296875,0,0.3684210526315789
596,41362,-60.12296930208095,98,0,1,0,5.547945055173703,0.21412200000000003,1.9365533794067344,0,112.5736312866211,-17.473634719848633,-4.221876621246338,46.467133777147914,0.1171875,0,0.3469387755102041
597,41378,-85.74379479036457,16,0,1,0,24.11878471702521,0.21381800000000006,2.0784730035811663,0,93.835205078125,-16.23944854736328,-4.289478302001953,9.496607608394338,0.4140625,0,0.6875
598,41398,-80.0011995230226,20,0,1,0,20.69226715526837,0.21343800000000002,2.5698918499052525,0,97.22350311279297,-16.553958892822266,-3.623002052307129,12.855233243291675,1.07421875,0,0.75
599,41450,-79.46214751668825,52,0,1,0,13.739175361409787,0.21245000000000003,1.7037054306039443,0,104.2198486328125,-19.31175422668457,-5.325677871704102,24.97718345125058,0.43994140625,0,0.46153846153846156
600,41490,-61.52892031113145,40,0,1,0,11.468962098272987,0.21169000000000004,2.0201215509325268,0,106.32186889648438,-19.73618507385254,-3.4487051963806152,24.25077345564983,0.51025390625,0,0.675
601,41509,-81.98368108633743,19,0,1,0,22.837788457773026,0.211329,1.9898740257087506,0,95.14966583251953,-15.799959182739258,-3.142711639404297,10.733987035478812,1.3125,0,0.6842105263157895
602,41524,-83.24870505632464,15,0,1,0,23.475318831991643,0.211044,2.569608591000239,0,94.46544647216797,-16.107114791870117,-3.2389934062957764,9.508601445906777,0.318115234375,0,0.8666666666666667
603,41576,-66.31453880213739,52,0,1,0,11.572267173592282,0.21005600000000002,1.6872031912207603,0,106.21707916259766,-19.761850357055664,-3.4754583835601807,27.783575399244494,1.564453125,0,0.5
604,41682,-63.105566920453185,106,0,1,0,5.952076510073424,0.20804199999999995,2.2373194506145873,0,112.2804946899414,-21.060543060302734,-4.156227111816406,42.67610680158348,0.49072265625,0,0.32075471698113206
605,41732,-57.25243997437464,50,0,1,0,8.344582131482667,0.20709199999999994,2.0284590423107147,0,109.68267059326172,-21.01897430419922,-3.6984763145446777,28.260627534879465,0.8017578125,0,0.6
606,41749,-83.32578579148478,17,0,1,0,23.411600430187928,0.20676899999999998,2.2199627616826225,0,94.55506134033203,-15.954022407531738,-3.5689260959625244,9.7163792799574,0.382080078125,0,0.7058823529411765
607,41790,-77.68666949895764,41,0,1,0,17.95963211896289,0.20599,2.1296415358054928,0,100.65247344970703,-13.582867622375488,-3.5684802532196045,20.299271562826945,0.1458740234375,0,0.4878048780487805
608,41855,-62.86570362227808,65,0,1,0,8.684396474125984,0.20475500000000013,2.5118276884922612,0,109.27991485595703,-20.877229690551758,-3.3993942737579346,30.69613776944918,0.73193359375,0,0.46153846153846156
609,41915,-61.890029440604444,60,0,1,0,9.096706702129207,0.203615,2.2471504881978035,0,108.82075500488281,-20.688173294067383,-3.373861789703369,29.44834406649865,1.62109375,0,0.5
610,41989,-59.049169699647244,74,0,1,0,7.271471564004993,0.20220900000000008,2.0295434348486565,0,110.71759033203125,-20.392562866210938,-4.215147495269775,35.008324029413174,0.49072265625,0,0.43243243243243246
611,42010,-83.54669320468743,21,0,1,0,22.471401442793177,0.20181000000000004,2.316479687179838,0,95.50770568847656,-15.928725242614746,-2.670081853866577,12.279451130369978,1.744140625,0,0.6190476190476191
612,42153,124.0138175929064,143,1,0,0,1.9330136839426604,0.19909299999999996,2.5402837540511483,0,118.37991333007812,-17.920957565307617,-1.548279047012329,54.048748364839966,0.314697265625,0,0.2937062937062937
613,42239,-60.28846004549781,86,0,1,0,5.917475770209062,0.19745900000000005,1.853245919873548,0,112.14962005615234,-17.5985050201416,-4.236397743225098,37.910868072224744,0.10693359375,0,0.38372093023255816
614,42310,-58.05330900453719,71,0,1,0,5.259853314161221,0.19611000000000012,2.302787832810845,0,112.9603271484375,-17.234233856201172,-4.198056697845459,35.381351260018995,0.80078125,0,0.49295774647887325
615,42399,145.3515950558728,89,1,0,0,1.9458703962638493,0.19441900000000012,1.9335263972536902,0,117.95722198486328,-17.101943969726562,-3.1191108226776123,44.968916292376285,0.219970703125,0,0.47191011235955055
616,42453,-59.52703463461204,54,0,1,0,9.260626863146074,0.19339300000000004,1.6967147494907733,0,108.6459732055664,-20.590065002441406,-3.5540847778320312,29.00310187090557,1.2890625,0,0.5555555555555556
617,42556,-61.30794459303022,103,0,1,0,3.7581223310750893,0.19143600000000005,2.496321050866136,0,114.27735137939453,-17.859210968017578,-2.2085018157958984,45.24208000815564,0.27734375,0,0.3592233009708738
618,42631,-57.945506779804745,75,0,1,0,5.231797678780007,0.19001100000000004,2.3932269513607025,0,113.03742980957031,-17.142505645751953,-4.238278865814209,34.981903165004304,0.302490234375,0,0.4666666666666667
619,42716,-51.94329941377578,85,0,1,0,2.9107455609357946,0.18839600000000012,2.4122824360342587,0,114.84483337402344,-19.083478927612305,-2.998385190963745,40.35202842674922,0.9609375,0,0.43529411764705883
620,42808,-56.36724388628222,92,0,1,0,3.5071437375925956,0.18664800000000004,1.876571446981119,0,114.44583892822266,-18.2410831451416,-2.154911994934082,39.44878562494328,0.380126953125,0,0.391304347826087
621,42883,-62.1553315597524,75,0,1,0,7.797692948044051,0.18522300000000003,2.353491614262263,0,110.3637466430664,-16.88375473022461,-4.238971710205078,35.687426915495585,0.314208984375,0,0.41333333333333333
622,42932,-63.05154999776705,49,0,1,0,11.432113812461363,0.18429200000000012,1.826858723346068,0,106.35559844970703,-19.81696319580078,-3.0730254650115967,25.350179535820054,1.6171875,0,0.5510204081632653
623,43044,-58.08202457539543,112,0,1,0,2.9355437575235905,0.1821640000000001,1.9384216534505998,0,114.83012390136719,-18.843244552612305,-2.8510630130767822,46.069127643026675,0.199951171875,0,0.33035714285714285
624,43108,-60.65599379636858,64,0,1,0,9.377418400906818,0.180948,1.9090552097186446,0,108.51313781738281,-20.60413932800293,-3.159850835800171,31.521595791092352,1.13671875,0,0.453125
625,43153,-66.3478191328705,45,0,1,0,12.118335416830575,0.18009299999999995,1.8359177953667112,0,105.66223907470703,-19.569969177246094,-3.5042293071746826,24.040210217119764,0.92626953125,0,0.5777777777777777
626,43202,-59.500589987633894,49,0,1,0,10.093940907788626,0.17916200000000004,2.3146708668494713,0,107.74771118164062,-20.32131004333496,-3.230855703353882,25.81124763541614,1.962890625,0,0.5714285714285714
627,43248,-63.54656234536101,46,0,1,0,11.48715742459203,0.1782880000000001,2.135785086971262,0,106.30496978759766,-19.771865844726562,-3.479828357696533,25.097478583964087,1.6318359375,0,0.5869565217391305
628,43307,-63.17747570283422,59,0,1,0,9.353084937680974,0.17716699999999996,2.2331176198134988,0,108.55781555175781,-20.615480422973633,-3.6022069454193115,29.405420835164875,1.080078125,0,0.4915254237288136
629,43338,-71.98479792574334,31,0,1,0,16.27544150856102,0.176578,2.665943459157021,0,101.9515609741211,-15.344212532043457,-4.2076640129089355,18.606633527827007,0.47509765625,0,0.6774193548387096
630,43395,-59.60299580622918,57,0,1,0,8.18072020830636,0.17549500000000007,1.9081259448277323,0,109.70683288574219,-19.935182571411133,-4.141102313995361,30.236441254194695,0.8876953125,0,0.543859649122807
631,43460,-62.55386405340709,65,0,1,0,7.855133389705711,0.17426000000000008,1.7131072764213269,0,110.21466064453125,-21.127912521362305,-3.6354024410247803,31.323769029356338,0.49560546875,0,0.47692307692307695
632,43492,-76.89239106130739,32,0,1,0,18.31761409594027,0.17365200000000014,2.107248537708074,0,99.74909210205078,-15.962924003601074,-4.36863899230957,17.041611073110186,0.1021728515625,0,0.5625
633,43550,-62.13938925017632,58,0,1,0,9.355711254016004,0.1725500000000001,2.4862426840539635,0,108.56953430175781,-20.603073120117188,-3.8162989616394043,29.861857170167657,0.60009765625,0,0.5
634,43622,-64.50851099174758,72,0,1,0,8.015855155568406,0.17118200000000006,2.3687053179989257,0,109.98703002929688,-20.64230728149414,-4.14359188079834,35.48284517468346,0.4375,0,0.4305555555555556
635,43660,-64.02696052530843,38,0,1,0,11.617671076178654,0.17046000000000006,2.021037798963095,0,106.16322326660156,-19.742897033691406,-3.2498598098754883,23.738744600384777,1.5146484375,0,0.6842105263157895
636,43709,-60.58429179202334,49,0,1,0,9.188150417147133,0.16952900000000004,2.1479005771023885,0,108.77536010742188,-20.691179275512695,-4.011076927185059,27.586564348351487,0.966796875,0,0.5918367346938775
637,43753,-63.00221816693027,44,0,1,0,11.477354728497497,0.1686930000000001,1.8077975856986912,0,106.30675506591797,-19.793315887451172,-3.2284815311431885,25.047725508069195,1.4951171875,0,0.5909090909090909
638,43802,-63.42292614463074,49,0,1,0,10.78535092025723,0.16776199999999997,2.1584609786466675,0,107.03839111328125,-20.03354835510254,-3.643568754196167,26.3644288850663,0.94140625,0,0.5714285714285714
639,43845,-62.01919100401972,43,0,1,0,11.30949256387612,0.166945,1.747615970151369,0,106.48719787597656,-19.794921875,-3.537317991256714,25.31105817173415,1.4501953125,0,0.627906976744186
640,43903,-61.46431878251779,58,0,1,0,9.69058549652369,0.16584300000000007,1.597790415430891,0,108.19715881347656,-20.48050880432129,-3.6604506969451904,29.76684455348164,0.857421875,0,0.4827586206896552
641,43951,-68.2684589489668,48,0,1,0,12.343030254545239,0.16493100000000005,2.546145766352614,0,105.47136688232422,-19.250429153442383,-4.166357040405273,25.303327649673186,0.4560546875,0,0.5416666666666666
642,43986,-68.77401843627896,35,0,1,0,12.754523449617396,0.16426600000000013,1.9951123769794192,0,105.01030731201172,-19.315706253051758,-2.70438814163208,22.205364049951754,1.5830078125,0,0.7142857142857143
643,44059,-60.88336318084197,73,0,1,0,3.08356483530635,0.1628790000000001,1.7385405943001786,0,114.8508529663086,-18.829214096069336,-4.014849662780762,36.24154810510896,0.1671142578125,0,0.5068493150684932
644,44124,-62.90932545372808,65,0,1,0,7.754890735168828,0.161644,2.2098479743187243,0,110.33248138427734,-21.129913330078125,-3.760593891143799,32.22282607443386,0.501953125,0,0.47692307692307695
645,44141,-83.0556433275479,17,0,1,0,23.377488309573778,0.16132100000000005,0.6583005049649406,0,94.59156799316406,-15.958902359008789,-3.608245611190796,9.748540906865143,0.406982421875,0,0.7647058823529411
646,44235,-52.0210567079971,94,0,1,0,2.7989738498463868,0.15953499999999998,1.9066235090189791,0,114.99778747558594,-19.184349060058594,-2.54490327835083,42.72687476084237,0.77880859375,0,0.39361702127659576
647,44331,-59.71991520485147,96,0,1,0,3.6923272034409576,0.15771100000000005,2.187123171053827,0,114.27700805664062,-19.489927291870117,-4.149377822875977,42.8982483176358,0.115234375,0,0.375
648,44411,-56.42977558568422,80,0,1,0,3.909508669635138,0.15619100000000008,2.17881535962224,0,114.08439636230469,-17.982160568237305,-2.16922664642334,37.092342008524724,0.8642578125,0,0.45
649,44458,-61.58793959669211,47,0,1,0,9.898411025437627,0.15529800000000005,1.978217493346397,0,107.97603607177734,-20.40270233154297,-3.665994644165039,25.803032860664256,1.2392578125,0,0.5957446808510638
650,44529,-50.68335765773429,71,0,1,0,2.667906131789169,0.153949,1.728702636671738,0,115.23114776611328,-19.296682357788086,-2.179111957550049,38.18644169006322,0.65087890625,0,0.5211267605633803
651,44606,-61.27884590130044,77,0,1,0,5.2504395221091205,0.152486,2.4838840195110867,0,112.74368286132812,-18.059900283813477,-4.222535133361816,38.525793945601635,0.253662109375,0,0.44155844155844154
652,44694,-52.16794958231603,88,0,1,0,3.0345884245519845,0.150814,2.3115612273527817,0,114.83995056152344,-18.478403091430664,-2.370687484741211,38.924099469215854,0.1568603515625,0,0.42045454545454547
653,44761,-54.032400582615146,67,0,1,0,4.101044046512028,0.14954100000000004,1.8243906328927224,0,113.85733032226562,-18.726511001586914,-4.23532247543335,34.6264781424765,0.37158203125,0,0.5373134328358209
654,44831,-100.59158238241413,70,0,1,0,14.20443854816961,0.1482110000000001,2.5662491053342817,0,103.7520980834961,-19.70130157470703,-5.28287410736084,29.803391359928774,0.12841796875,0,0.32857142857142857
655,44882,-66.89324997949905,51,0,1,0,11.2240254355861,0.1472420000000001,1.916466857288398,0,106.58540344238281,-19.872238159179688,-3.6771998405456543,26.255552125705684,0.81298828125,0,0.5294117647058824
656,44925,-63.31263560520899,43,0,1,0,9.617392194972915,0.14642500000000003,1.999262128111928,0,108.4903335571289,-16.86345863342285,-1.6224952936172485,25.422087944859353,0.5439453125,0,0.6744186046511628
657,44996,-55.89815450534515,71,0,1,0,6.3083398935195625,0.14507599999999998,2.1991520507234923,0,111.94043731689453,-16.926929473876953,-4.239462375640869,33.97952859410003,0.5556640625,0,0.4647887323943662
658,45000,2.3326334644258706,4,0,0,0,31.163553463344762,0.14500000000000002,0.7200452610850334,0,86.80269622802734,-15.472047805786133,-3.542025566101074,1.59533689208239,2.94140625,0,0.5
