episode,update,optimized_in_update,global_step,reward,steps,success,collision,out_of_altitude,final_distance,policy_loss,value_loss,entropy,entropy_coef,approx_kl,explained_variance,activation_saturation,activation_abs_mean,max_action_probability,timeout,final_x,final_y,final_z,path_length_m,min_depth_m,dominant_action,dominant_action_fraction,action_0_count,action_1_count,action_2_count,action_3_count,action_4_count,action_5_count
1,0,1,11563,-119.52441496842476,63,0,0,1,17.083581001187504,-0.015976308612152934,0.420957506634295,1.6109805405139923,0.01,0.009533612363156863,0.5101854801177979,0.0036992188543081284,0.5717421770095825,0.37947747111320496,0,103.74395751953125,-9.562865257263184,-0.5898107886314392,25.99372559537965,1.5361328125,0,0.3492063492063492,22,5,12,1,10,13
2,0,1,11713,-47.558444413375994,150,0,0,0,15.7736410263152,-0.015976308612152934,0.420957506634295,1.6109805405139923,0.01,0.009533612363156863,0.5101854801177979,0.0036992188543081284,0.5717421770095825,0.37947747111320496,1,131.97979736328125,-12.738812446594238,-5.619533061981201,60.71559768576914,1.4443359375,0,0.38,57,19,18,14,17,25
3,0,1,11863,-28.89440691838007,150,0,0,0,6.708090902373152,-0.015976308612152934,0.420957506634295,1.6109805405139923,0.01,0.009533612363156863,0.5101854801177979,0.0036992188543081284,0.5717421770095825,0.37947747111320496,1,123.67386627197266,-16.124908447265625,-4.251969337463379,59.20413354823991,2.923828125,0,0.32,48,22,21,13,18,28
4,1,2,12013,-17.656339681572888,150,0,0,0,12.710409062476801,-0.013181380636524409,0.650281285867095,1.6204269714653492,0.009847457627118644,0.007982175815413939,0.6129770874977112,0.005074218846857548,0.5696845054626465,0.34653034806251526,1,130.31906127929688,-17.19987678527832,-3.599984884262085,66.92455253839911,2.060546875,0,0.36666666666666664,55,25,23,7,13,27
5,1,2,12100,-60.13086313625671,87,0,1,0,3.0949566505956154,-0.013181380636524409,0.650281285867095,1.6204269714653492,0.009847457627118644,0.007982175815413939,0.6129770874977112,0.005074218846857548,0.5696845054626465,0.34653034806251526,0,114.85786437988281,-18.262096405029297,-3.7640621662139893,39.151581005505165,0.4423828125,0,0.42528735632183906,37,14,9,5,7,15
6,1,2,12216,-108.82478304167628,116,0,0,1,2.935799402453951,-0.013181380636524409,0.650281285867095,1.6204269714653492,0.009847457627118644,0.007982175815413939,0.6129770874977112,0.005074218846857548,0.5696845054626465,0.34653034806251526,0,118.40667724609375,-17.371734619140625,-0.6672502756118774,49.738268580150766,0.65625,0,0.3448275862068966,40,16,14,7,18,21
7,1,2,12366,-35.14523327518638,150,0,0,0,14.78684734632894,-0.013181380636524409,0.650281285867095,1.6204269714653492,0.009847457627118644,0.007982175815413939,0.6129770874977112,0.005074218846857548,0.5696845054626465,0.34653034806251526,1,132.1567840576172,-17.23133659362793,-5.828609943389893,65.69828629728619,2.26171875,0,0.38,57,21,19,15,17,21
8,1,2,12420,-87.51787387142167,54,0,1,0,18.01296957056344,-0.013181380636524409,0.650281285867095,1.6204269714653492,0.009847457627118644,0.007982175815413939,0.6129770874977112,0.005074218846857548,0.5696845054626465,0.34653034806251526,0,100.82184600830078,-13.004570960998535,-4.344038963317871,21.074875060430248,0.2064208984375,0,0.37037037037037035,20,7,10,4,5,8
9,2,3,12570,-58.9426874424394,150,0,0,0,8.695357451267098,-0.010734117880929261,0.14030864834785461,1.6511032432317734,0.009694915254237288,0.006548145040142117,0.9350743293762207,0.004378906451165676,0.5740649700164795,0.3335040211677551,1,118.7134017944336,-11.68382740020752,-7.546161651611328,59.58038978337116,2.705078125,0,0.2733333333333333,41,24,27,19,19,20
10,2,3,12720,-27.885347171467366,150,0,0,0,6.297491288263766,-0.010734117880929261,0.14030864834785461,1.6511032432317734,0.009694915254237288,0.006548145040142117,0.9350743293762207,0.004378906451165676,0.5740649700164795,0.3335040211677551,1,122.57564544677734,-16.078096389770508,-5.773454189300537,57.009866409978024,1.8134765625,0,0.3,45,28,26,12,18,21
11,2,3,12870,-12.728719115427243,150,0,0,0,8.982419341051378,-0.010734117880929261,0.14030864834785461,1.6511032432317734,0.009694915254237288,0.006548145040142117,0.9350743293762207,0.004378906451165676,0.5740649700164795,0.3335040211677551,1,121.67364501953125,-11.468029975891113,-5.8461127281188965,55.20693413406088,2.783203125,0,0.29333333333333333,44,22,26,12,16,30
12,3,4,13020,-39.06123836749762,150,0,0,0,8.605655706659707,-0.015860697109019384,0.14403055771254003,1.6222182661294937,0.009542372881355933,0.008023251786653418,0.8963445425033569,0.003597656264901161,0.5774329900741577,0.3420964181423187,1,125.32728576660156,-16.960805892944336,-6.526302337646484,62.015831097373116,2.373046875,0,0.32666666666666666,49,25,26,14,17,19
13,3,4,13170,-14.784114553600643,150,0,0,0,7.780268854094848,-0.015860697109019384,0.14403055771254003,1.6222182661294937,0.009542372881355933,0.008023251786653418,0.8963445425033569,0.003597656264901161,0.5774329900741577,0.3420964181423187,1,123.2120361328125,-14.509319305419922,-6.2143659591674805,59.20125952806985,0.89306640625,0,0.30666666666666664,46,19,20,24,26,15
14,3,4,13320,-38.49622248514992,150,0,0,0,6.136263373248423,-0.015860697109019384,0.14403055771254003,1.6222182661294937,0.009542372881355933,0.008023251786653418,0.8963445425033569,0.003597656264901161,0.5774329900741577,0.3420964181423187,1,122.81689453125,-15.607808113098145,-2.4501965045928955,57.72069750111343,2.1875,0,0.29333333333333333,44,25,23,14,25,19
15,3,4,13470,-36.87934893817821,150,0,0,0,8.652604959544176,-0.015860697109019384,0.14403055771254003,1.6222182661294937,0.009542372881355933,0.008023251786653418,0.8963445425033569,0.003597656264901161,0.5774329900741577,0.3420964181423187,1,125.80003356933594,-15.88156795501709,-3.472513198852539,59.30651642440361,0.7666015625,0,0.32666666666666666,49,23,20,11,19,28
16,4,5,13539,-79.794429926612,69,0,1,0,10.878672368752232,-0.005665258126100525,0.7071246691048145,1.6279938481748104,0.009389830508474577,0.005198304781515617,0.4897371530532837,0.003957031294703484,0.567575216293335,0.3185034394264221,0,107.75509643554688,-14.987422943115234,-4.397374153137207,30.09050294609221,0.39306640625,0,0.4057971014492754,28,9,8,8,7,9
17,4,5,13689,-22.77563583652391,150,0,0,0,7.69430422600043,-0.005665258126100525,0.7071246691048145,1.6279938481748104,0.009389830508474577,0.005198304781515617,0.4897371530532837,0.003957031294703484,0.567575216293335,0.3185034394264221,1,115.70145416259766,-11.717044830322266,-4.201385021209717,54.96758251796695,2.912109375,0,0.24666666666666667,37,26,32,13,22,20
18,4,5,13839,-36.131486438030585,150,0,0,0,9.6135374112085,-0.005665258126100525,0.7071246691048145,1.6279938481748104,0.009389830508474577,0.005198304781515617,0.4897371530532837,0.003957031294703484,0.567575216293335,0.3185034394264221,1,122.12152862548828,-11.124320983886719,-6.286219596862793,57.9723140798079,0.953125,0,0.29333333333333333,44,23,33,13,16,21
19,4,5,13879,-105.58451963766625,40,0,1,0,26.241982584873167,-0.005665258126100525,0.7071246691048145,1.6279938481748104,0.009389830508474577,0.005198304781515617,0.4897371530532837,0.003957031294703484,0.567575216293335,0.3185034394264221,0,93.80529022216797,-8.441452980041504,-1.3275405168533325,16.42551171671524,0.810546875,2,0.3,10,5,12,1,7,5
20,4,5,13963,-122.70382323337172,84,0,0,1,14.045758470488604,-0.005665258126100525,0.7071246691048145,1.6279938481748104,0.009389830508474577,0.005198304781515617,0.4897371530532837,0.003957031294703484,0.567575216293335,0.3185034394264221,0,107.29668426513672,-9.954146385192871,-0.6743590235710144,33.2252469880523,1.5224609375,0,0.30952380952380953,26,8,14,5,15,16
21,5,6,14113,-13.079481003925185,150,0,0,0,11.827727554520703,-0.01159473741427064,0.4413671097718179,1.6621492505073547,0.00923728813559322,0.00912648090888979,0.16613847017288208,0.004429687280207872,0.5637578368186951,0.3237001299858093,1,120.60964965820312,-7.564385890960693,-3.4469618797302246,59.77938560593126,1.4091796875,0,0.2866666666666667,43,24,35,9,19,20
22,5,6,14142,-99.38924585437222,29,0,1,0,28.510808156366643,-0.01159473741427064,0.4413671097718179,1.6621492505073547,0.00923728813559322,0.00912648090888979,0.16613847017288208,0.004429687280207872,0.5637578368186951,0.3237001299858093,0,91.1897964477539,-8.80078411102295,-1.455881118774414,12.6520613284947,0.4560546875,2,0.3103448275862069,7,1,9,2,8,2
23,5,6,14231,-90.33847409633887,89,0,1,0,15.767464014858605,-0.01159473741427064,0.4413671097718179,1.6621492505073547,0.00923728813559322,0.00912648090888979,0.16613847017288208,0.004429687280207872,0.5637578368186951,0.3237001299858093,0,102.82781219482422,-14.0911865234375,-4.153570652008057,33.45531158832645,0.103271484375,0,0.23595505617977527,21,17,18,8,12,13
24,5,6,14381,-66.7739371425254,150,0,0,0,7.2400197375525135,-0.01159473741427064,0.4413671097718179,1.6621492505073547,0.00923728813559322,0.00912648090888979,0.16613847017288208,0.004429687280207872,0.5637578368186951,0.3237001299858093,1,122.36083221435547,-14.219730377197266,-5.834821701049805,62.98650752669606,3.6484375,0,0.3,45,33,35,10,16,11
25,6,7,14516,-87.34780452120108,135,0,1,0,6.459035731573981,-0.015335960662923753,0.398280437104404,1.6219125054776669,0.009084745762711864,0.007526838966441574,0.5493406057357788,0.0031796875409781933,0.5733052492141724,0.361138254404068,0,111.8397445678711,-16.752582550048828,-4.229714870452881,51.950464841303514,1.2900390625,0,0.22962962962962963,31,26,22,15,20,21
26,6,7,14612,-90.01933241213716,96,0,1,0,9.923535094516392,-0.015335960662923753,0.398280437104404,1.6219125054776669,0.009084745762711864,0.007526838966441574,0.5493406057357788,0.0031796875409781933,0.5733052492141724,0.361138254404068,0,108.6301498413086,-15.354829788208008,-4.282209396362305,36.4184956431763,1.4052734375,0,0.2916666666666667,28,17,16,6,9,20
27,6,7,14762,-110.20624994442244,150,0,0,0,13.834297404595203,-0.015335960662923753,0.398280437104404,1.6219125054776669,0.009084745762711864,0.007526838966441574,0.5493406057357788,0.0031796875409781933,0.5733052492141724,0.361138254404068,1,114.32952117919922,-6.548851490020752,-7.870676040649414,59.21742297883484,1.3173828125,2,0.26,36,27,39,11,11,26
28,6,7,14912,-6.442514505607157,150,0,0,0,9.090809864272073,-0.015335960662923753,0.398280437104404,1.6219125054776669,0.009084745762711864,0.007526838966441574,0.5493406057357788,0.0031796875409781933,0.5733052492141724,0.361138254404068,1,124.94890594482422,-13.75643253326416,-4.7470574378967285,58.29079953118671,2.23046875,0,0.32,48,24,27,12,19,20
29,7,8,15062,-19.473238814101364,150,0,0,0,10.236704872493153,-0.017402200755896047,0.27517251390963793,1.630030557513237,0.008932203389830508,0.008512382391927531,0.5019696950912476,0.004218750167638063,0.5645209550857544,0.3527645170688629,1,121.55091094970703,-9.571944236755371,-2.0735669136047363,56.225366840295564,2.041015625,0,0.29333333333333333,44,20,27,10,21,28
30,7,8,15212,-22.296964838526726,150,0,0,0,10.965568211766174,-0.017402200755896047,0.27517251390963793,1.630030557513237,0.008932203389830508,0.008512382391927531,0.5019696950912476,0.004218750167638063,0.5645209550857544,0.3527645170688629,1,128.02008056640625,-15.176130294799805,-2.9041998386383057,65.71755912640454,2.97265625,0,0.3466666666666667,52,22,27,10,20,19
31,7,8,15362,-115.24938105470117,150,0,0,1,12.11811421763094,-0.017402200755896047,0.27517251390963793,1.630030557513237,0.008932203389830508,0.008512382391927531,0.5019696950912476,0.004218750167638063,0.5645209550857544,0.3527645170688629,0,129.6719207763672,-19.065898895263672,-0.7957979440689087,64.03049501108424,2.046875,0,0.36,54,28,23,6,21,18
32,8,9,15512,-53.37690453612265,150,0,0,0,9.629967236097192,-0.010002755181631073,0.3986619431525469,1.595513254404068,0.008779661016949153,0.0039087577679310925,0.45306849479675293,0.0043359375558793545,0.5696804523468018,0.3525954484939575,1,126.86038208007812,-16.554458618164062,-4.923114776611328,61.705842296162025,1.4423828125,0,0.34,51,29,26,8,13,23
33,8,9,15662,-26.93882579383167,150,0,0,0,11.75253472935625,-0.010002755181631073,0.3986619431525469,1.595513254404068,0.008779661016949153,0.0039087577679310925,0.45306849479675293,0.0043359375558793545,0.5696804523468018,0.3525954484939575,1,127.80386352539062,-13.088627815246582,-4.351009845733643,61.91264697089899,2.40234375,0,0.3466666666666667,52,20,22,16,21,19
34,8,9,15710,-79.95715785746486,48,0,1,0,18.017166416438595,-0.010002755181631073,0.3986619431525469,1.595513254404068,0.008779661016949153,0.0039087577679310925,0.45306849479675293,0.0043359375558793545,0.5696804523468018,0.3525954484939575,0,100.84489440917969,-12.956154823303223,-4.30099630355835,21.48446222616455,0.1541748046875,0,0.4166666666666667,20,5,9,3,2,9
35,8,9,15860,-57.747147968709285,150,0,0,0,13.307217652408436,-0.010002755181631073,0.3986619431525469,1.595513254404068,0.008779661016949153,0.0039087577679310925,0.45306849479675293,0.0043359375558793545,0.5696804523468018,0.3525954484939575,1,129.3878936767578,-13.335503578186035,-6.063015937805176,61.58250372939065,1.60546875,0,0.36,54,22,28,10,15,21
36,8,9,15963,-78.72814809204891,103,0,0,1,5.2348819135019165,-0.010002755181631073,0.3986619431525469,1.595513254404068,0.008779661016949153,0.0039087577679310925,0.45306849479675293,0.0043359375558793545,0.5696804523468018,0.3525954484939575,0,117.90007781982422,-14.332596778869629,-0.7021666765213013,46.51219552029637,1.046875,0,0.3883495145631068,40,14,18,4,15,12
37,9,10,16113,-35.71605659347847,150,0,0,0,10.771302276841213,-0.027748944775339623,0.34372340282425284,1.6405949369072914,0.008627118644067797,0.012516568953287788,0.5392414331436157,0.006046874914318323,0.5607125759124756,0.3186490535736084,1,121.429443359375,-9.059746742248535,-4.743857383728027,59.24202155788296,2.91015625,0,0.2866666666666667,43,22,33,13,20,19
38,9,10,16263,-38.48991411817323,150,0,0,0,13.607614307224283,-0.027748944775339623,0.34372340282425284,1.6405949369072914,0.008627118644067797,0.012516568953287788,0.5392414331436157,0.006046874914318323,0.5607125759124756,0.3186490535736084,1,125.21121978759766,-7.939061641693115,-5.54739236831665,63.39556529071838,2.94140625,0,0.32,48,18,29,16,19,20
39,9,10,16413,-37.10164066849898,150,0,0,0,14.667595369271437,-0.027748944775339623,0.34372340282425284,1.6405949369072914,0.008627118644067797,0.012516568953287788,0.5392414331436157,0.006046874914318323,0.5607125759124756,0.3186490535736084,1,131.21095275878906,-13.453609466552734,-4.7210001945495605,65.87494084716951,2.943359375,0,0.37333333333333335,56,19,22,12,16,25
40,9,10,16451,-74.77314404284053,38,0,1,0,17.89933541946981,-0.027748944775339623,0.34372340282425284,1.6405949369072914,0.008627118644067797,0.012516568953287788,0.5392414331436157,0.006046874914318323,0.5607125759124756,0.3186490535736084,0,100.99137115478516,-12.766562461853027,-3.229466438293457,17.42882712495044,0.84716796875,0,0.5526315789473685,21,1,4,2,2,8
41,9,10,16484,-81.29917220201544,33,0,1,0,18.049401418231323,-0.027748944775339623,0.34372340282425284,1.6405949369072914,0.008627118644067797,0.012516568953287788,0.5392414331436157,0.006046874914318323,0.5607125759124756,0.3186490535736084,0,100.55654907226562,-13.758526802062988,-4.454866409301758,16.487344987032166,0.127685546875,0,0.6060606060606061,20,0,2,4,1,6
42,10,11,16634,-23.136564738376293,150,0,0,0,11.63733138309349,-0.012050774064846337,0.10645518987439573,1.6397611200809479,0.00847457627118644,0.004716872834251262,0.8649497628211975,0.006464843638241291,0.5602143406867981,0.30605122447013855,1,122.31733703613281,-8.328001022338867,-2.942798137664795,59.56778704581289,0.673828125,0,0.3,45,22,33,13,26,11
43,10,11,16784,-20.156667111290066,150,0,0,0,11.625985223916492,-0.012050774064846337,0.10645518987439573,1.6397611200809479,0.00847457627118644,0.004716872834251262,0.8649497628211975,0.006464843638241291,0.5602143406867981,0.30605122447013855,1,119.67332458496094,-7.595425605773926,-3.803999185562134,59.20956251149585,2.943359375,0,0.2733333333333333,41,23,33,14,22,17
44,10,11,16934,-57.74925169228181,150,0,0,0,20.44048569030996,-0.012050774064846337,0.10645518987439573,1.6397611200809479,0.00847457627118644,0.004716872834251262,0.8649497628211975,0.006464843638241291,0.5602143406867981,0.30605122447013855,1,132.04495239257812,-5.151050567626953,-7.571980953216553,63.71388416754842,1.22265625,0,0.38,57,19,32,13,14,15
45,11,12,17084,-81.912667382995,150,0,0,0,15.452112003665082,-0.008176485891453922,0.3147980556823313,1.6251504570245743,0.008322033898305084,0.00398905215843115,0.5008890628814697,0.0058398437686264515,0.5635291934013367,0.3262889087200165,1,127.04960632324219,-7.583649158477783,-7.613687515258789,63.28012319136038,2.9765625,0,0.3333333333333333,50,21,34,16,17,12
46,11,12,17234,-13.88338119539378,150,0,0,0,8.768427514677064,-0.008176485891453922,0.3147980556823313,1.6251504570245743,0.008322033898305084,0.00398905215843115,0.5008890628814697,0.0058398437686264515,0.5635291934013367,0.3262889087200165,1,118.6504135131836,-10.593510627746582,-5.200791835784912,57.628836137961024,2.498046875,0,0.26666666666666666,40,27,34,11,18,20
47,11,12,17384,-77.4180895252077,150,0,0,0,15.376549668019377,-0.008176485891453922,0.3147980556823313,1.6251504570245743,0.008322033898305084,0.00398905215843115,0.5008890628814697,0.0058398437686264515,0.5635291934013367,0.3262889087200165,1,120.54783630371094,-3.9289371967315674,-3.693547010421753,62.30701998455972,2.94140625,0,0.2733333333333333,41,23,38,13,24,11
48,11,12,17455,-101.23604326340534,71,0,1,0,21.228884627765375,-0.008176485891453922,0.3147980556823313,1.6251504570245743,0.008322033898305084,0.00398905215843115,0.5008890628814697,0.0058398437686264515,0.5635291934013367,0.3262889087200165,0,99.4385757446289,-8.45042896270752,-1.232081651687622,28.13662113017482,0.75146484375,2,0.2535211267605634,17,11,18,4,13,8
49,12,13,17605,-95.19771892081846,150,0,0,0,18.222321778947123,-0.025840140355285257,0.1259715820197016,1.6393830999732018,0.008169491525423728,0.010618253669235855,0.9055702090263367,0.0055078123696148396,0.5646213889122009,0.3261571526527405,1,132.55096435546875,-9.80420970916748,-8.288951873779297,63.27258146381924,0.341064453125,0,0.38,57,22,32,11,11,17
50,12,13,17755,-27.687282724547433,150,0,0,0,9.96531314716003,-0.025840140355285257,0.1259715820197016,1.6393830999732018,0.008169491525423728,0.010618253669235855,0.9055702090263367,0.0055078123696148396,0.5646213889122009,0.3261571526527405,1,127.57325744628906,-18.433086395263672,-4.608718395233154,66.75521648635859,1.37109375,0,0.3333333333333333,50,31,25,13,19,12
51,12,13,17905,-18.871307911583038,150,0,0,0,11.246655464383332,-0.025840140355285257,0.1259715820197016,1.6393830999732018,0.008169491525423728,0.010618253669235855,0.9055702090263367,0.0055078123696148396,0.5646213889122009,0.3261571526527405,1,127.76880645751953,-14.497058868408203,-5.390101909637451,63.07658932956313,2.94140625,0,0.3466666666666667,52,28,30,9,15,16
52,13,14,18055,-36.74033326081312,150,0,0,0,9.197788706163983,-0.019099091121461242,0.13775699958205223,1.6129702925682068,0.008016949152542373,0.008523360462277196,0.8987130522727966,0.004613281227648258,0.5710837841033936,0.3337332010269165,1,121.76077270507812,-11.617660522460938,-6.682257652282715,60.46690386994053,1.5888671875,0,0.29333333333333333,44,27,28,13,15,23
53,13,14,18205,-33.57429056789099,150,0,0,0,10.674848612434026,-0.019099091121461242,0.13775699958205223,1.6129702925682068,0.008016949152542373,0.008523360462277196,0.8987130522727966,0.004613281227648258,0.5710837841033936,0.3337332010269165,1,127.53558349609375,-15.111289978027344,-4.7299580574035645,62.96138051765388,2.9921875,0,0.3466666666666667,52,26,30,8,16,18
54,13,14,18355,-0.8789591344106391,150,0,0,0,5.2025670384133305,-0.019099091121461242,0.13775699958205223,1.6129702925682068,0.008016949152542373,0.008523360462277196,0.8987130522727966,0.004613281227648258,0.5710837841033936,0.3337332010269165,1,119.00233459472656,-14.036147117614746,-2.268685817718506,59.397202940978744,2.42578125,0,0.2733333333333333,41,24,25,12,23,25
55,14,15,18505,-24.926666027019554,150,0,0,0,9.902316869045748,-0.010715932585299015,0.10778886661864817,1.5723952911794186,0.007864406779661017,0.006043202018190641,0.8906365633010864,0.0043359375558793545,0.5748211741447449,0.38815397024154663,1,126.81498718261719,-15.313624382019043,-4.466095447540283,60.273854170661025,2.72265625,0,0.3333333333333333,50,24,25,13,20,18
56,14,15,18655,3.5459743113884628,150,0,0,0,7.094060117653663,-0.010715932585299015,0.10778886661864817,1.5723952911794186,0.007864406779661017,0.006043202018190641,0.8906365633010864,0.0043359375558793545,0.5748211741447449,0.38815397024154663,1,121.2105712890625,-12.838099479675293,-3.00347638130188,56.62337160542617,1.3359375,0,0.29333333333333333,44,22,24,11,19,30
57,14,15,18805,-32.18083225616515,150,0,0,0,9.83790753734563,-0.010715932585299015,0.10778886661864817,1.5723952911794186,0.007864406779661017,0.006043202018190641,0.8906365633010864,0.0043359375558793545,0.5748211741447449,0.38815397024154663,1,127.24830627441406,-16.705299377441406,-1.8785278797149658,61.09749786479792,1.669921875,0,0.32666666666666666,49,24,17,10,22,28
58,14,15,18955,-7.543513134027879,150,0,0,0,7.390712789307965,-0.010715932585299015,0.10778886661864817,1.5723952911794186,0.007864406779661017,0.006043202018190641,0.8906365633010864,0.0043359375558793545,0.5748211741447449,0.38815397024154663,1,123.24581909179688,-14.099777221679688,-2.6285603046417236,58.762406474274904,2.08203125,0,0.30666666666666664,46,21,24,9,17,33
59,15,16,19105,-10.55368052184986,150,0,0,0,9.460012843668753,-0.010061235749162734,0.27992264926433563,1.5648494251072407,0.007711864406779661,0.0047367422812385485,0.5502161383628845,0.0038906249683350325,0.571808397769928,0.3804803490638733,1,125.36194610595703,-14.276074409484863,-6.0005950927734375,62.736481662605,2.7109375,0,0.32666666666666666,49,26,28,12,16,19
60,15,16,19255,-20.083963842122273,150,0,0,0,11.915023458989854,-0.010061235749162734,0.27992264926433563,1.5648494251072407,0.007711864406779661,0.0047367422812385485,0.5502161383628845,0.0038906249683350325,0.571808397769928,0.3804803490638733,1,127.71138763427734,-12.502943992614746,-2.549058198928833,63.251135691013474,2.85546875,0,0.3466666666666667,52,18,22,15,26,17
61,15,16,19329,-92.46988381791685,74,0,0,1,9.179706486464676,-0.010061235749162734,0.27992264926433563,1.5648494251072407,0.007711864406779661,0.0047367422812385485,0.5502161383628845,0.0038906249683350325,0.571808397769928,0.3804803490638733,0,112.65493774414062,-11.774495124816895,-0.6450554132461548,33.393158099871876,1.77734375,0,0.44594594594594594,33,5,8,3,11,14
62,15,16,19479,-26.040450221521503,150,0,0,0,8.621431233753437,-0.010061235749162734,0.27992264926433563,1.5648494251072407,0.007711864406779661,0.0047367422812385485,0.5502161383628845,0.0038906249683350325,0.571808397769928,0.3804803490638733,1,124.2879867553711,-13.411612510681152,-3.234351873397827,60.569052904086455,1.716796875,0,0.30666666666666664,46,24,25,13,25,17
63,16,17,19629,-34.63997933788124,150,0,0,0,11.360043511656672,-0.018407307783490978,0.3834575582295656,1.5467111617326736,0.0075593220338983046,0.009904341604851652,0.6856015920639038,0.00379296881146729,0.5776853561401367,0.38973310589790344,1,128.06106567382812,-14.574004173278809,-4.72181510925293,61.676978441270805,1.6142578125,0,0.3466666666666667,52,23,23,13,21,18
64,16,17,19721,-59.467734844371755,92,0,1,0,3.06909787317198,-0.018407307783490978,0.3834575582295656,1.5467111617326736,0.0075593220338983046,0.009904341604851652,0.6856015920639038,0.00379296881146729,0.5776853561401367,0.38973310589790344,0,114.93321990966797,-18.07552719116211,-2.27020263671875,41.47838893035811,0.452392578125,0,0.391304347826087,36,12,9,9,16,10
65,16,17,19757,-78.77968181888846,36,0,1,0,17.85181126471465,-0.018407307783490978,0.3834575582295656,1.5467111617326736,0.0075593220338983046,0.009904341604851652,0.6856015920639038,0.00379296881146729,0.5776853561401367,0.38973310589790344,0,100.74510955810547,-13.678547859191895,-3.797435998916626,17.437684498858463,0.194091796875,0,0.5555555555555556,20,1,4,3,2,6
66,16,17,19907,-45.98204830407222,150,0,0,0,10.835661595815116,-0.018407307783490978,0.3834575582295656,1.5467111617326736,0.0075593220338983046,0.009904341604851652,0.6856015920639038,0.00379296881146729,0.5776853561401367,0.38973310589790344,1,128.41722106933594,-20.918731689453125,-3.444650411605835,63.88198404610203,1.4326171875,0,0.3466666666666667,52,28,20,11,19,20
67,17,18,20057,-37.17118615612255,150,0,0,0,17.798261546497933,-0.016504044586326927,0.12109742360189557,1.5447038300335407,0.007406779661016949,0.008304589347972069,0.9124340415000916,0.0035781250335276127,0.5756458044052124,0.393807053565979,1,135.39706420898438,-16.707599639892578,-3.398533582687378,68.22913145117629,2.16015625,0,0.4066666666666667,61,16,17,17,24,15
68,17,18,20207,-18.805993566290617,150,0,0,0,12.06329116607337,-0.016504044586326927,0.12109742360189557,1.5447038300335407,0.007406779661016949,0.008304589347972069,0.9124340415000916,0.0035781250335276127,0.5756458044052124,0.393807053565979,1,129.64598083496094,-17.0157470703125,-2.7207069396972656,67.93478723240518,1.9462890625,0,0.36,54,25,21,13,21,16
69,17,18,20357,-21.820394514739146,150,0,0,0,10.176960398009278,-0.016504044586326927,0.12109742360189557,1.5447038300335407,0.007406779661016949,0.008304589347972069,0.9124340415000916,0.0035781250335276127,0.5756458044052124,0.393807053565979,1,123.8964614868164,-11.18359661102295,-5.058257102966309,58.84289168395296,2.513671875,0,0.31333333333333335,47,21,29,13,20,20
70,18,19,20507,-22.7476327939656,150,0,0,0,14.452448801271503,-0.00496066443156451,1.1943576447665691,1.4956036247313023,0.007254237288135593,0.008840733098622877,0.1162329912185669,0.003976562526077032,0.5699423551559448,0.41102135181427,1,131.62586975097656,-22.513519287109375,-5.095932960510254,67.36092503201964,2.390625,0,0.36,54,38,25,7,15,11
71,18,19,20649,125.92921315180298,142,1,0,0,1.8662471117038177,-0.00496066443156451,1.1943576447665691,1.4956036247313023,0.007254237288135593,0.008840733098622877,0.1162329912185669,0.003976562526077032,0.5699423551559448,0.41102135181427,0,116.49359130859375,-17.681943893432617,-3.2298619747161865,56.46502556893168,0.42626953125,0,0.2605633802816901,37,31,27,11,21,15
72,18,19,20764,134.45648650581958,115,1,0,0,1.7883501337015906,-0.00496066443156451,1.1943576447665691,1.4956036247313023,0.007254237288135593,0.008840733098622877,0.1162329912185669,0.003976562526077032,0.5699423551559448,0.41102135181427,0,116.74095916748047,-17.7253360748291,-3.6747496128082275,48.863279993282504,2.94140625,0,0.33043478260869563,38,21,18,11,18,9
73,18,19,20853,-65.27330376925485,89,0,1,0,6.757184271286283,-0.00496066443156451,1.1943576447665691,1.4956036247313023,0.007254237288135593,0.008840733098622877,0.1162329912185669,0.003976562526077032,0.5699423551559448,0.41102135181427,0,111.46668243408203,-16.82940673828125,-4.1152544021606445,40.49212366101905,0.55810546875,0,0.3595505617977528,32,18,16,6,10,7
74,18,19,20967,120.12089145736226,114,1,0,0,1.8872571995848455,-0.00496066443156451,1.1943576447665691,1.4956036247313023,0.007254237288135593,0.008840733098622877,0.1162329912185669,0.003976562526077032,0.5699423551559448,0.41102135181427,0,116.57162475585938,-17.83548355102539,-2.1499686241149902,48.01032411700905,1.2998046875,0,0.34210526315789475,39,21,16,9,19,10
75,19,20,21062,-51.798984760145615,95,0,1,0,2.3985576499811856,-0.015857105143368244,1.2693379297852516,1.4872984774410725,0.007101694915254237,0.010980139530147426,0.15223091840744019,0.003031250089406967,0.5753004550933838,0.40614813566207886,0,115.66082763671875,-17.901445388793945,-3.283992290496826,42.16517374313297,1.39453125,0,0.3894736842105263,37,18,14,5,11,10
76,19,20,21100,-64.5705563946629,38,0,1,0,12.838513894241547,-0.015857105143368244,1.2693379297852516,1.4872984774410725,0.007101694915254237,0.010980139530147426,0.15223091840744019,0.003031250089406967,0.5753004550933838,0.40614813566207886,0,105.77104949951172,-14.434290885925293,-3.1762855052948,23.152378901826992,1.7744140625,0,0.6842105263157895,26,5,6,0,1,0
77,19,20,21250,-24.739903957475477,150,0,0,0,8.285368874244813,-0.015857105143368244,1.2693379297852516,1.4872984774410725,0.007101694915254237,0.010980139530147426,0.15223091840744019,0.003031250089406967,0.5753004550933838,0.40614813566207886,1,123.25939178466797,-13.470389366149902,-5.721443176269531,60.19131148200184,1.068359375,0,0.3,45,30,34,11,20,10
78,19,20,21269,-87.52373081293032,19,0,1,0,23.53021646848589,-0.015857105143368244,1.2693379297852516,1.4872984774410725,0.007101694915254237,0.010980139530147426,0.15223091840744019,0.003031250089406967,0.5753004550933838,0.40614813566207886,0,94.38711547851562,-16.326663970947266,-2.5135281085968018,9.9252009309409,0.1868896484375,0,0.631578947368421,12,1,0,1,2,3
79,19,20,21384,114.39760364365193,115,1,0,0,1.8897110003234876,-0.015857105143368244,1.2693379297852516,1.4872984774410725,0.007101694915254237,0.010980139530147426,0.15223091840744019,0.003031250089406967,0.5753004550933838,0.40614813566207886,0,119.42132568359375,-19.004003524780273,-2.109391212463379,50.41610979498669,0.68603515625,0,0.34782608695652173,40,21,14,8,16,16
80,19,20,21431,-71.46720314168442,47,0,1,0,15.2449119805056,-0.015857105143368244,1.2693379297852516,1.4872984774410725,0.007101694915254237,0.010980139530147426,0.15223091840744019,0.003031250089406967,0.5753004550933838,0.40614813566207886,0,103.55787658691406,-13.612798690795898,-4.188488006591797,23.49579750661556,1.2861328125,0,0.46808510638297873,22,7,8,3,2,5
81,19,20,21469,-74.42406518492538,38,0,1,0,17.957787507102356,-0.015857105143368244,1.2693379297852516,1.4872984774410725,0.007101694915254237,0.010980139530147426,0.15223091840744019,0.003031250089406967,0.5753004550933838,0.40614813566207886,0,100.82152557373047,-13.064987182617188,-3.2767562866210938,18.175269336964856,0.3408203125,0,0.5263157894736842,20,3,7,0,1,7
82,20,21,21584,-78.97454872131438,115,0,1,0,3.678767254184253,-0.01780982979107648,0.8768261070363224,1.5261030830442905,0.006949152542372881,0.010491212509805337,0.10235220193862915,0.004308593925088644,0.5717080235481262,0.39733466506004333,0,114.89749908447266,-17.676891326904297,-1.1236852407455444,46.95271263752108,2.111328125,0,0.30434782608695654,35,19,15,9,19,18
83,20,21,21667,-67.45679235716855,83,0,1,0,6.076550768642751,-0.01780982979107648,0.8768261070363224,1.5261030830442905,0.006949152542372881,0.010491212509805337,0.10235220193862915,0.004308593925088644,0.5717080235481262,0.39733466506004333,0,112.33601379394531,-16.694658279418945,-1.5592713356018066,38.49838902383972,1.65625,0,0.39759036144578314,33,14,11,4,12,9
84,20,21,21817,-23.78804228118612,150,0,0,0,12.792035968815128,-0.01780982979107648,0.8768261070363224,1.5261030830442905,0.006949152542372881,0.010491212509805337,0.10235220193862915,0.004308593925088644,0.5717080235481262,0.39733466506004333,1,130.4272918701172,-18.078723907470703,-4.476598739624023,65.67542952925686,2.5625,0,0.36,54,22,22,16,23,13
85,20,21,21904,137.98875302998758,87,1,0,0,1.6673001711722117,-0.01780982979107648,0.8768261070363224,1.5261030830442905,0.006949152542372881,0.010491212509805337,0.10235220193862915,0.004308593925088644,0.5717080235481262,0.39733466506004333,0,117.41229248046875,-17.795997619628906,-4.059291839599609,42.13046157504804,2.92578125,0,0.4482758620689655,39,14,11,6,9,8
86,21,22,22054,-14.47978801863389,150,0,0,0,8.974563166414791,-0.013944925827672705,0.6104683186858892,1.5005419962108135,0.006796610169491525,0.0038526537027792074,0.371107816696167,0.004175781272351742,0.576409101486206,0.3857744038105011,1,126.70768737792969,-19.038084030151367,-3.7016069889068604,63.58087768105166,2.64453125,0,0.34,51,25,19,14,20,21
87,21,22,22179,120.4273066304055,125,1,0,0,1.5375690262137902,-0.013944925827672705,0.6104683186858892,1.5005419962108135,0.006796610169491525,0.0038526537027792074,0.371107816696167,0.004175781272351742,0.576409101486206,0.3857744038105011,0,117.78959655761719,-18.177751541137695,-4.2725067138671875,51.52203090268822,1.9169921875,0,0.32,40,22,20,10,16,17
88,21,22,22272,-69.39490992454776,93,0,0,1,7.69291306068372,-0.013944925827672705,0.6104683186858892,1.5005419962108135,0.006796610169491525,0.0038526537027792074,0.371107816696167,0.004175781272351742,0.576409101486206,0.3857744038105011,0,111.72920989990234,-14.73360538482666,-0.9106655120849609,37.37183630639285,2.28515625,0,0.34408602150537637,32,11,12,6,16,16
89,21,22,22422,-42.63916714016699,150,0,0,0,20.534902010638298,-0.013944925827672705,0.6104683186858892,1.5005419962108135,0.006796610169491525,0.0038526537027792074,0.371107816696167,0.004175781272351742,0.576409101486206,0.3857744038105011,1,137.60049438476562,-16.738065719604492,-7.754674434661865,67.93444677992673,2.25,0,0.43333333333333335,65,21,22,13,11,18
90,22,23,22527,113.38220489205659,105,1,0,0,1.9243279454148237,-0.012396681064274162,1.3780069835484028,1.481056060642004,0.006644067796610169,0.004446875136636663,0.16716676950454712,0.0036132812965661287,0.5802713632583618,0.3969181776046753,0,116.56378936767578,-17.529502868652344,-3.1347599029541016,45.31699085271376,1.4345703125,0,0.37142857142857144,39,15,14,8,14,15
91,22,23,22627,-82.20497846917364,100,0,1,0,4.8677186973279,-0.012396681064274162,1.3780069835484028,1.481056060642004,0.006644067796610169,0.004446875136636663,0.16716676950454712,0.0036132812965661287,0.5802713632583618,0.3969181776046753,0,113.29788208007812,-17.516481399536133,-4.231668472290039,43.60882630407959,0.55908203125,0,0.33,33,17,14,10,12,14
92,22,23,22719,-72.41919279414525,92,0,0,1,6.5231870949444755,-0.012396681064274162,1.3780069835484028,1.481056060642004,0.006644067796610169,0.004446875136636663,0.16716676950454712,0.0036132812965661287,0.5802713632583618,0.3969181776046753,0,114.81311798095703,-13.642984390258789,-0.8026456832885742,41.79591484229943,1.09375,0,0.3804347826086957,35,12,13,4,13,15
93,22,23,22821,132.95691772265707,102,1,0,0,1.907990179522513,-0.012396681064274162,1.3780069835484028,1.481056060642004,0.006644067796610169,0.004446875136636663,0.16716676950454712,0.0036132812965661287,0.5802713632583618,0.3969181776046753,0,116.5745849609375,-17.537858963012695,-3.079038143157959,45.30644057669877,2.9375,0,0.3627450980392157,37,19,15,7,14,10
94,22,23,22933,135.93408214872642,112,1,0,0,1.8118754652671187,-0.012396681064274162,1.3780069835484028,1.481056060642004,0.006644067796610169,0.004446875136636663,0.16716676950454712,0.0036132812965661287,0.5802713632583618,0.3969181776046753,0,118.85237884521484,-17.92218589782715,-3.919084072113037,50.49678486981162,2.48046875,0,0.3482142857142857,39,23,17,7,12,14
95,23,24,23052,131.04582872546362,119,1,0,0,1.8440117995915823,-0.010556338704191148,1.0797310657799244,1.502213004976511,0.006491525423728813,0.004713451868155971,0.11952680349349976,0.0036992188543081284,0.5777470469474792,0.40245023369789124,0,116.55663299560547,-18.008869171142578,-3.954465866088867,51.22217675619509,0.1861572265625,0,0.31092436974789917,37,20,15,14,19,14
96,23,24,23166,-55.85350175484924,114,0,1,0,2.643146248740761,-0.010556338704191148,1.0797310657799244,1.502213004976511,0.006491525423728813,0.004713451868155971,0.11952680349349976,0.0036992188543081284,0.5777470469474792,0.40245023369789124,0,115.47169494628906,-17.70940399169922,-3.1166958808898926,49.04006071742303,2.376953125,0,0.30701754385964913,35,22,17,8,14,18
97,23,24,23316,-31.990884608102842,150,0,0,0,17.226039611217946,-0.010556338704191148,1.0797310657799244,1.502213004976511,0.006491525423728813,0.004713451868155971,0.11952680349349976,0.0036992188543081284,0.5777470469474792,0.40245023369789124,1,134.8332061767578,-17.358625411987305,-4.531775951385498,67.29966878300992,1.30078125,0,0.4,60,23,21,12,18,16
98,23,24,23427,138.4931025236304,111,1,0,0,1.9302717632904416,-0.010556338704191148,1.0797310657799244,1.502213004976511,0.006491525423728813,0.004713451868155971,0.11952680349349976,0.0036992188543081284,0.5777470469474792,0.40245023369789124,0,116.74307250976562,-17.391908645629883,-3.058846950531006,47.95477924618824,3.119140625,0,0.34234234234234234,38,22,17,5,13,16
99,24,25,23523,-72.06825228050619,96,0,1,0,2.580020008220877,-0.017623097694013268,1.0631508557125926,1.4898810610175133,0.006338983050847458,0.006418578312150203,0.19960778951644897,0.0050195311196148396,0.5735064744949341,0.39098474383354187,0,115.49842834472656,-17.872472763061523,-2.5409488677978516,43.44952979124011,2.619140625,0,0.3854166666666667,37,17,12,5,12,13
100,24,25,23601,-58.25825612923846,78,0,1,0,3.1367562143756333,-0.017623097694013268,1.0631508557125926,1.4898810610175133,0.006338983050847458,0.006418578312150203,0.19960778951644897,0.0050195311196148396,0.5735064744949341,0.39098474383354187,0,114.86964416503906,-18.144067764282227,-3.852534770965576,39.786944191004885,0.371337890625,0,0.47435897435897434,37,13,10,7,9,2
101,24,25,23678,-53.033190205699114,77,0,1,0,3.301699239672448,-0.017623097694013268,1.0631508557125926,1.4898810610175133,0.006338983050847458,0.006418578312150203,0.19960778951644897,0.0050195311196148396,0.5735064744949341,0.39098474383354187,0,114.79867553710938,-18.175474166870117,-4.1909589767456055,38.902226482705515,0.51318359375,0,0.4675324675324675,36,14,9,5,7,6
102,24,25,23828,-10.223929990408926,150,0,0,0,14.06665240170568,-0.017623097694013268,1.0631508557125926,1.4898810610175133,0.006338983050847458,0.006418578312150203,0.19960778951644897,0.0050195311196148396,0.5735064744949341,0.39098474383354187,1,131.33453369140625,-22.70650863647461,-3.082540273666382,68.46716585155902,1.3681640625,0,0.37333333333333335,56,31,24,5,16,18
103,24,25,23938,146.3934906534932,110,1,0,0,1.975133516916812,-0.017623097694013268,1.0631508557125926,1.4898810610175133,0.006338983050847458,0.006418578312150203,0.19960778951644897,0.0050195311196148396,0.5735064744949341,0.39098474383354187,0,116.25831604003906,-17.832345962524414,-3.4627339839935303,46.853900932310225,2.162109375,0,0.33636363636363636,37,21,17,8,14,13
104,25,26,24025,136.49475080087336,87,1,0,0,1.8018820683999004,-0.017283406195929274,1.092794070020318,1.5028203949332237,0.006186440677966101,0.005331661515810993,0.20743036270141602,0.004535156302154064,0.5738126635551453,0.3821460008621216,0,116.73440551757812,-17.578672409057617,-2.7082033157348633,40.33133225866947,2.388671875,0,0.4482758620689655,39,13,11,2,7,15
105,25,26,24129,-57.647734751416046,104,0,1,0,3.0759777217482007,-0.017283406195929274,1.092794070020318,1.5028203949332237,0.006186440677966101,0.005331661515810993,0.20743036270141602,0.004535156302154064,0.5738126635551453,0.3821460008621216,0,114.8467025756836,-18.794174194335938,-3.9725141525268555,45.72089630255259,0.10986328125,0,0.33653846153846156,35,22,16,7,11,13
106,25,26,24198,-78.44062186471479,69,0,1,0,9.88033589633062,-0.017283406195929274,1.092794070020318,1.5028203949332237,0.006186440677966101,0.005331661515810993,0.20743036270141602,0.004535156302154064,0.5738126635551453,0.3821460008621216,0,108.47246551513672,-16.119060516357422,-4.714687347412109,32.303659644738545,0.62451171875,0,0.4057971014492754,28,11,9,5,5,11
107,25,26,24331,108.9119064212539,133,1,0,0,1.9254535606735426,-0.017283406195929274,1.092794070020318,1.5028203949332237,0.006186440677966101,0.005331661515810993,0.20743036270141602,0.004535156302154064,0.5738126635551453,0.3821460008621216,0,116.3135757446289,-17.760059356689453,-2.937879800796509,56.125135494115135,1.1748046875,0,0.2781954887218045,37,27,22,9,17,21
108,25,26,24481,-9.331377629220917,150,0,0,0,11.26867436545221,-0.017283406195929274,1.092794070020318,1.5028203949332237,0.006186440677966101,0.005331661515810993,0.20743036270141602,0.004535156302154064,0.5738126635551453,0.3821460008621216,1,127.35887908935547,-13.185932159423828,-3.7535500526428223,65.12457397084802,1.98828125,0,0.34,51,26,25,11,20,17
109,26,27,24606,124.84821974611137,125,1,0,0,1.7308915876140059,-0.01057345275694388,0.6399565069004893,1.5332291759550571,0.006033898305084746,0.005039350937295239,0.37791740894317627,0.0036640625912696123,0.5747117400169373,0.3796583414077759,0,117.80193328857422,-18.28386688232422,-1.4421418905258179,49.76428615146482,1.4736328125,0,0.304,38,22,14,9,19,23
110,26,27,24756,-1.956548606680908,150,0,0,0,3.5391346383311104,-0.01057345275694388,0.6399565069004893,1.5332291759550571,0.006033898305084746,0.005039350937295239,0.37791740894317627,0.0036640625912696123,0.5747117400169373,0.3796583414077759,1,118.14116668701172,-15.571505546569824,-2.3769006729125977,57.30556485363892,2.953125,0,0.26666666666666666,40,24,26,11,22,27
111,26,27,24906,-2.949475109503812,150,0,0,0,11.918925851206131,-0.01057345275694388,0.6399565069004893,1.5332291759550571,0.006033898305084746,0.005039350937295239,0.37791740894317627,0.0036640625912696123,0.5747117400169373,0.3796583414077759,1,129.62998962402344,-18.000961303710938,-3.0446643829345703,62.03940768887186,1.955078125,0,0.3466666666666667,52,24,18,10,19,27
112,26,27,24984,-76.5399324298362,78,0,1,0,6.583834136163555,-0.01057345275694388,0.6399565069004893,1.5332291759550571,0.006033898305084746,0.005039350937295239,0.37791740894317627,0.0036640625912696123,0.5747117400169373,0.3796583414077759,0,111.82105255126953,-16.459287643432617,-4.222344875335693,36.556735866844235,1.466796875,0,0.4230769230769231,33,13,12,5,8,7
113,27,28,25134,1.6955687533876223,150,0,0,0,8.995422752377484,-0.013615654839668423,0.4019407811574638,1.517120186239481,0.00588135593220339,0.006036029735696502,0.5509138107299805,0.005261718761175871,0.570690393447876,0.39139872789382935,1,124.96404266357422,-13.68458080291748,-3.5877633094787598,60.39506692618096,2.416015625,0,0.32666666666666666,49,22,24,9,17,29
114,27,28,25284,-60.48311266260835,150,0,0,0,9.681270970846926,-0.013615654839668423,0.4019407811574638,1.517120186239481,0.00588135593220339,0.006036029735696502,0.5509138107299805,0.005261718761175871,0.570690393447876,0.39139872789382935,1,126.60062408447266,-15.175580024719238,-3.7875654697418213,59.76377758230283,1.625,0,0.32666666666666666,49,23,23,12,20,23
115,27,28,25367,-66.50189784721917,83,0,1,0,8.51523318455914,-0.013615654839668423,0.4019407811574638,1.517120186239481,0.00588135593220339,0.006036029735696502,0.5509138107299805,0.005261718761175871,0.570690393447876,0.39139872789382935,0,109.97679901123047,-15.815474510192871,-4.265799045562744,35.73382184200445,1.8828125,0,0.3493975903614458,29,15,12,6,8,13
116,28,29,25517,-5.422659368018802,150,0,0,0,4.268898177369412,-0.012890834856079891,0.7054434502497315,1.4853062219917774,0.005728813559322033,0.008960211343946867,0.49857664108276367,0.004796875175088644,0.5726182460784912,0.40724772214889526,1,120.59346771240234,-15.852161407470703,-2.7805192470550537,56.26077244825206,2.94140625,0,0.2866666666666667,43,21,20,16,25,25
117,28,29,25608,-101.52202181183827,91,0,0,1,5.128073069926045,-0.012890834856079891,0.7054434502497315,1.4853062219917774,0.005728813559322033,0.008960211343946867,0.49857664108276367,0.004796875175088644,0.5726182460784912,0.40724772214889526,0,119.36528778076172,-14.775696754455566,-0.6390299201011658,42.82598270124015,0.10003662109375,0,0.45054945054945056,41,8,9,5,13,15
118,28,29,25758,-59.250703560388644,150,0,0,0,9.773935429947109,-0.012890834856079891,0.7054434502497315,1.4853062219917774,0.005728813559322033,0.008960211343946867,0.49857664108276367,0.004796875175088644,0.5726182460784912,0.40724772214889526,1,125.72509002685547,-13.44827938079834,-3.9072723388671875,60.357360087348766,1.3359375,0,0.3333333333333333,50,20,22,14,20,24
119,28,29,25824,-99.78438522975364,66,0,0,1,11.188970470115187,-0.012890834856079891,0.7054434502497315,1.4853062219917774,0.005728813559322033,0.008960211343946867,0.49857664108276367,0.004796875175088644,0.5726182460784912,0.40724772214889526,0,109.8119888305664,-11.411907196044922,-0.9952976703643799,30.48507973298969,1.822265625,0,0.4393939393939394,29,5,11,2,10,9
120,28,29,25974,-31.876552607088,150,0,0,0,8.253945323442816,-0.012890834856079891,0.7054434502497315,1.4853062219917774,0.005728813559322033,0.008960211343946867,0.49857664108276367,0.004796875175088644,0.5726182460784912,0.40724772214889526,1,125.55184936523438,-16.38134002685547,-2.438091516494751,59.16803055261121,1.2939453125,0,0.32666666666666666,49,16,16,13,19,37
121,29,30,26124,-5.91421605662191,150,0,0,0,8.203585065143002,-0.008655393510707654,0.5758470208384097,1.5256667248904705,0.005576271186440678,0.003805004009336699,0.27032697200775146,0.005664062686264515,0.567207932472229,0.3800179660320282,1,125.89163208007812,-17.988862991333008,-3.1341164112091064,64.28983112186745,2.03515625,0,0.32,48,27,23,11,19,22
122,29,30,26205,-58.5065574627701,81,0,1,0,3.0004387894871325,-0.008655393510707654,0.5758470208384097,1.5256667248904705,0.005576271186440678,0.003805004009336699,0.27032697200775146,0.005664062686264515,0.567207932472229,0.3800179660320282,0,114.84893798828125,-18.29724884033203,-2.9082353115081787,37.69838318719758,0.235107421875,0,0.4567901234567901,37,9,5,6,8,16
123,29,30,26355,-11.655788793287321,150,0,0,0,10.757274444927214,-0.008655393510707654,0.5758470208384097,1.5256667248904705,0.005576271186440678,0.003805004009336699,0.27032697200775146,0.005664062686264515,0.567207932472229,0.3800179660320282,1,127.79549407958984,-15.671873092651367,-4.900172710418701,62.199659871864014,2.46875,0,0.34,51,18,18,18,19,26
124,29,30,26450,135.96951489690593,95,1,0,0,1.7683090904752479,-0.008655393510707654,0.5758470208384097,1.5256667248904705,0.005576271186440678,0.003805004009336699,0.27032697200775146,0.005664062686264515,0.567207932472229,0.3800179660320282,0,118.33496856689453,-17.36823844909668,-2.8878896236419678,43.470216871440684,2.78125,0,0.42105263157894735,40,13,11,6,11,14
125,30,31,26600,-12.951470644156897,150,0,0,0,8.62782241364188,-0.01352945901453495,0.49938706448301673,1.5455893985927105,0.0054237288135593215,0.0063939554238459095,0.4115564227104187,0.004671874921768904,0.5726301670074463,0.36559703946113586,1,126.34053039550781,-18.256549835205078,-2.624861717224121,63.110196381311425,0.740234375,0,0.3333333333333333,50,25,22,13,22,18
126,30,31,26750,-39.568405316069736,150,0,0,0,9.52178919427358,-0.01352945901453495,0.49938706448301673,1.5455893985927105,0.0054237288135593215,0.0063939554238459095,0.4115564227104187,0.004671874921768904,0.5726301670074463,0.36559703946113586,1,126.49250030517578,-15.664422988891602,-4.727420806884766,64.59868160765625,2.294921875,0,0.32666666666666666,49,28,28,11,21,13
127,30,31,26843,147.88699695742693,93,1,0,0,1.716396639592741,-0.01352945901453495,0.49938706448301673,1.5455893985927105,0.0054237288135593215,0.0063939554238459095,0.4115564227104187,0.004671874921768904,0.5726301670074463,0.36559703946113586,0,117.49622344970703,-17.34270477294922,-2.9353408813476562,44.7683108140368,2.94140625,0,0.41935483870967744,39,17,14,4,9,10
128,30,31,26993,-4.0180339324525285,150,0,0,0,6.752592827164763,-0.01352945901453495,0.49938706448301673,1.5455893985927105,0.0054237288135593215,0.0063939554238459095,0.4115564227104187,0.004671874921768904,0.5726301670074463,0.36559703946113586,1,124.15839385986328,-17.683191299438477,-4.6679863929748535,63.76967476701143,0.96044921875,0,0.31333333333333335,47,25,24,16,21,17
129,31,32,27091,142.16694627285656,98,1,0,0,1.9852624709186657,-0.017485205957200378,1.3364100828766823,1.4677851311862469,0.005271186440677965,0.007547045839601196,0.09866142272949219,0.005902343895286322,0.5650535821914673,0.3764098882675171,0,116.87662506103516,-17.392154693603516,-2.312751293182373,43.23848891597903,1.1318359375,0,0.3979591836734694,39,13,10,5,10,21
130,31,32,27179,-56.93019842214465,88,0,1,0,3.1668109423852715,-0.017485205957200378,1.3364100828766823,1.4677851311862469,0.005271186440677965,0.007547045839601196,0.09866142272949219,0.005902343895286322,0.5650535821914673,0.3764098882675171,0,114.8987045288086,-18.307100296020508,-4.155928611755371,39.59673122803994,0.1043701171875,0,0.42045454545454547,37,13,11,5,7,15
131,31,32,27288,144.36921887134162,109,1,0,0,1.9195120041420444,-0.017485205957200378,1.3364100828766823,1.4677851311862469,0.005271186440677965,0.007547045839601196,0.09866142272949219,0.005902343895286322,0.5650535821914673,0.3764098882675171,0,116.77338409423828,-17.633195877075195,-2.13991379737854,45.67028058683454,1.4384765625,0,0.3577981651376147,39,17,15,6,14,18
132,31,32,27373,-53.026746287033085,85,0,1,0,2.6058714749424046,-0.017485205957200378,1.3364100828766823,1.4677851311862469,0.005271186440677965,0.007547045839601196,0.09866142272949219,0.005902343895286322,0.5650535821914673,0.3764098882675171,0,115.54170227050781,-17.906953811645508,-2.214367389678955,40.22666700621547,1.697265625,0,0.4470588235294118,38,12,11,3,10,11
133,31,32,27465,144.51690598025638,92,1,0,0,1.98626169829039,-0.017485205957200378,1.3364100828766823,1.4677851311862469,0.005271186440677965,0.007547045839601196,0.09866142272949219,0.005902343895286322,0.5650535821914673,0.3764098882675171,0,116.86099243164062,-17.449203491210938,-3.795372247695923,42.61835836032641,1.017578125,0,0.42391304347826086,39,12,10,6,8,17
134,32,33,27555,-75.51561261025296,90,0,0,1,3.67252923865556,-0.020935853710398078,1.140126258134842,1.5483887307345867,0.00511864406779661,0.010896083462284878,0.289093017578125,0.005945312324911356,0.5610041618347168,0.3715123236179352,0,117.85118103027344,-16.211347579956055,-0.6524385213851929,43.53892048735654,1.009765625,0,0.43333333333333335,39,12,10,4,14,11
135,32,33,27665,-85.86650312130524,110,0,0,1,3.5073143450473094,-0.020935853710398078,1.140126258134842,1.5483887307345867,0.00511864406779661,0.010896083462284878,0.289093017578125,0.005945312324911356,0.5610041618347168,0.3715123236179352,0,118.70091247558594,-16.440357208251953,-0.8363430500030518,45.051800126400494,0.6220703125,0,0.36363636363636365,40,10,8,11,21,20
136,32,33,27720,-104.0029014115212,55,0,1,0,19.74958968968684,-0.020935853710398078,1.140126258134842,1.5483887307345867,0.00511864406779661,0.010896083462284878,0.289093017578125,0.005945312324911356,0.5610041618347168,0.3715123236179352,0,100.85143280029297,-8.93795108795166,-1.4664711952209473,22.534178744415186,0.73388671875,0,0.34545454545454546,19,3,10,3,9,11
137,32,33,27870,-6.226122527111983,150,0,0,0,5.115007071249657,-0.020935853710398078,1.140126258134842,1.5483887307345867,0.00511864406779661,0.010896083462284878,0.289093017578125,0.005945312324911356,0.5610041618347168,0.3715123236179352,1,122.19941711425781,-21.468046188354492,-2.283979654312134,59.56024812453951,1.4111328125,0,0.29333333333333333,44,24,18,10,19,35
138,32,33,27990,-84.57154261495042,120,0,1,0,2.994536276941589,-0.020935853710398078,1.140126258134842,1.5483887307345867,0.00511864406779661,0.010896083462284878,0.289093017578125,0.005945312324911356,0.5610041618347168,0.3715123236179352,0,114.82489776611328,-18.458908081054688,-3.21250057220459,47.97876058803449,0.172119140625,0,0.2916666666666667,35,19,14,13,20,19
139,33,34,28140,-42.88359904108729,150,0,0,0,9.682362575304962,-0.016027515082441823,0.07859523210208863,1.54670400172472,0.004966101694915254,0.008001992171557504,0.9435250163078308,0.004437500145286322,0.5729489326477051,0.37336379289627075,1,122.55499267578125,-10.80887222290039,-4.750739097595215,60.200946504394025,2.01171875,0,0.3,45,19,25,14,19,28
140,33,34,28290,-11.982945703413758,150,0,0,0,8.71803993952866,-0.016027515082441823,0.07859523210208863,1.54670400172472,0.004966101694915254,0.008001992171557504,0.9435250163078308,0.004437500145286322,0.5729489326477051,0.37336379289627075,1,122.39947509765625,-11.836091995239258,-4.622491836547852,56.62158919174846,2.595703125,0,0.3,45,22,26,11,17,29
141,33,34,28440,-28.34878490384824,150,0,0,0,10.461883921663258,-0.016027515082441823,0.07859523210208863,1.54670400172472,0.004966101694915254,0.008001992171557504,0.9435250163078308,0.004437500145286322,0.5729489326477051,0.37336379289627075,1,127.82817840576172,-16.220579147338867,-3.2947888374328613,63.98731556333465,2.873046875,0,0.3466666666666667,52,19,20,16,24,19
142,34,35,28590,-13.049537952520827,150,0,0,0,4.737145698189032,-0.014894627143803518,1.3328447584062815,1.4774711206555367,0.004813559322033898,0.007588356740598101,0.039568543434143066,0.004636718891561031,0.5711755156517029,0.4174785315990448,1,121.31256866455078,-16.056808471679688,-3.9631714820861816,56.85156176081888,1.43359375,0,0.3,45,20,20,13,18,34
143,34,35,28710,101.33553020693343,120,1,0,0,1.9916663830189454,-0.014894627143803518,1.3328447584062815,1.4774711206555367,0.004813559322033898,0.007588356740598101,0.039568543434143066,0.004636718891561031,0.5711755156517029,0.4174785315990448,0,117.86980438232422,-17.069913864135742,-2.689920663833618,50.993555001383704,1.86328125,0,0.325,39,18,15,9,15,24
144,34,35,28810,143.57616486153944,100,1,0,0,1.970608998485954,-0.014894627143803518,1.3328447584062815,1.4774711206555367,0.004813559322033898,0.007588356740598101,0.039568543434143066,0.004636718891561031,0.5711755156517029,0.4174785315990448,0,116.45927429199219,-17.56424331665039,-2.7959961891174316,43.85119305889277,2.12109375,0,0.38,38,19,15,3,10,15
145,34,35,28911,131.00189050162473,101,1,0,0,1.9693615174362369,-0.014894627143803518,1.3328447584062815,1.4774711206555367,0.004813559322033898,0.007588356740598101,0.039568543434143066,0.004636718891561031,0.5711755156517029,0.4174785315990448,0,117.11717224121094,-17.333972930908203,-3.7617032527923584,45.094810853430495,2.94140625,0,0.38613861386138615,39,16,13,7,11,15
146,34,35,28980,-83.44855642318481,69,0,0,1,12.532159074028149,-0.014894627143803518,1.3328447584062815,1.4774711206555367,0.004813559322033898,0.007588356740598101,0.039568543434143066,0.004636718891561031,0.5711755156517029,0.4174785315990448,0,107.647705078125,-11.945258140563965,-0.848924994468689,30.930206112657395,1.8720703125,0,0.391304347826087,27,7,11,2,10,12
147,35,36,29130,-23.49195204500551,150,0,0,0,15.576744845290209,-0.010071711614727974,0.6972819725051522,1.471445057541132,0.004661016949152543,0.00591418205658556,0.41351497173309326,0.004671874921768904,0.5743968486785889,0.41970670223236084,1,132.54736328125,-14.369073867797852,-4.445343017578125,65.52692485656443,1.5703125,0,0.38666666666666666,58,17,19,14,18,24
148,35,36,29280,-22.490334162030305,150,0,0,0,16.778236980785127,-0.010071711614727974,0.6972819725051522,1.471445057541132,0.004661016949152543,0.00591418205658556,0.41351497173309326,0.004671874921768904,0.5743968486785889,0.41970670223236084,1,134.06851196289062,-22.804407119750977,-4.140805244445801,70.19056865216778,1.78125,0,0.3933333333333333,59,33,21,7,15,15
149,35,36,29361,141.4527482901422,81,1,0,0,1.9161405862973735,-0.010071711614727974,0.6972819725051522,1.471445057541132,0.004661016949152543,0.00591418205658556,0.41351497173309326,0.004671874921768904,0.5743968486785889,0.41970670223236084,0,116.40888977050781,-17.91041374206543,-2.228998899459839,38.52271750547928,1.8134765625,0,0.48148148148148145,39,10,7,3,7,15
150,35,36,29442,144.13389065883686,81,1,0,0,1.8675524434640838,-0.010071711614727974,0.6972819725051522,1.471445057541132,0.004661016949152543,0.00591418205658556,0.41351497173309326,0.004671874921768904,0.5743968486785889,0.41970670223236084,0,116.51596069335938,-17.653018951416016,-3.2072341442108154,39.11562984495829,0.91455078125,0,0.4691358024691358,38,13,9,5,9,7
151,36,37,29540,148.46641757403938,98,1,0,0,1.9147080742373472,-0.01639295619679615,1.6444517560303211,1.408289447426796,0.0045084745762711854,0.008058532970608212,0.16459375619888306,0.004285156261175871,0.5777515769004822,0.42495355010032654,0,116.7818603515625,-17.39491844177246,-2.82515549659729,42.615237549050306,2.083984375,0,0.3979591836734694,39,12,11,6,10,20
152,36,37,29690,-26.562498321099717,150,0,0,0,15.347758376737513,-0.01639295619679615,1.6444517560303211,1.408289447426796,0.0045084745762711854,0.008058532970608212,0.16459375619888306,0.004285156261175871,0.5777515769004822,0.42495355010032654,1,133.07276916503906,-19.46623992919922,-3.8737494945526123,63.871386407613876,0.8779296875,0,0.38666666666666666,58,20,18,8,13,33
153,36,37,29769,-56.75065723804808,79,0,1,0,5.204085084420387,-0.01639295619679615,1.6444517560303211,1.408289447426796,0.0045084745762711854,0.008058532970608212,0.16459375619888306,0.004285156261175871,0.5777515769004822,0.42495355010032654,0,113.97380065917969,-22.574359893798828,-2.5285146236419678,39.546524643467365,0.703125,0,0.43037974683544306,34,18,7,5,10,5
154,36,37,29848,-49.865600261956374,79,0,1,0,2.767610708965106,-0.01639295619679615,1.6444517560303211,1.408289447426796,0.0045084745762711854,0.008058532970608212,0.16459375619888306,0.004285156261175871,0.5777515769004822,0.42495355010032654,0,115.2647933959961,-17.918010711669922,-2.5437910556793213,39.69052824199943,2.82421875,0,0.45569620253164556,36,15,10,3,8,7
155,36,37,29882,-79.53440063934161,34,0,1,0,18.012912622949926,-0.01639295619679615,1.6444517560303211,1.408289447426796,0.0045084745762711854,0.008058532970608212,0.16459375619888306,0.004285156261175871,0.5777515769004822,0.42495355010032654,0,100.81352996826172,-13.030863761901855,-4.174515247344971,17.16781247888054,0.380859375,0,0.6176470588235294,21,1,4,3,1,4
156,36,37,29912,-76.1787027948315,30,0,1,0,17.996931674831245,-0.01639295619679615,1.6444517560303211,1.408289447426796,0.0045084745762711854,0.008058532970608212,0.16459375619888306,0.004285156261175871,0.5777515769004822,0.42495355010032654,0,100.87201690673828,-12.885906219482422,-4.010746002197266,16.26649953107845,0.50927734375,0,0.6666666666666666,20,0,4,2,0,4
157,36,37,29998,146.72843431703626,86,1,0,0,1.8922549871567689,-0.01639295619679615,1.6444517560303211,1.408289447426796,0.0045084745762711854,0.008058532970608212,0.16459375619888306,0.004285156261175871,0.5777515769004822,0.42495355010032654,0,117.1972427368164,-17.42755699157715,-3.829313039779663,39.134780737277545,0.8388671875,0,0.46511627906976744,40,8,6,7,8,17
158,37,38,30085,130.0225129613462,87,1,0,0,1.9469523217611104,-0.01341878972016275,1.1545734647661448,1.4462447352707386,0.00435593220338983,0.005268036300549284,0.27595025300979614,0.00330468756146729,0.583636999130249,0.4092409908771515,0,116.4967041015625,-17.976133346557617,-1.9620219469070435,41.10910965466358,2.095703125,0,0.4367816091954023,38,13,9,3,9,15
159,37,38,30122,-83.42815201072092,37,0,1,0,17.902179632682852,-0.01341878972016275,1.1545734647661448,1.4462447352707386,0.00435593220338983,0.005268036300549284,0.27595025300979614,0.00330468756146729,0.583636999130249,0.4092409908771515,0,100.9928207397461,-12.750566482543945,-2.9518344402313232,17.735252949240127,0.76171875,0,0.5405405405405406,20,3,5,1,3,5
160,37,38,30272,-12.79290137805766,150,0,0,0,14.80036468354085,-0.01341878972016275,1.1545734647661448,1.4462447352707386,0.00435593220338983,0.005268036300549284,0.27595025300979614,0.00330468756146729,0.583636999130249,0.4092409908771515,1,132.55230712890625,-18.772016525268555,-3.2268364429473877,64.14410764368174,1.8837890625,0,0.38,57,20,18,11,18,26
161,37,38,30389,134.5201557593439,117,1,0,0,1.9232073975737412,-0.01341878972016275,1.1545734647661448,1.4462447352707386,0.00435593220338983,0.005268036300549284,0.27595025300979614,0.00330468756146729,0.583636999130249,0.4092409908771515,0,117.11951446533203,-17.230749130249023,-2.795307159423828,46.41322795655778,1.62890625,0,0.3247863247863248,38,15,11,9,13,31
162,37,38,30479,148.88454603169401,90,1,0,0,1.9980414640505295,-0.01341878972016275,1.1545734647661448,1.4462447352707386,0.00435593220338983,0.005268036300549284,0.27595025300979614,0.00330468756146729,0.583636999130249,0.4092409908771515,0,116.11132049560547,-17.973461151123047,-3.4030587673187256,41.356966042893916,2.654296875,0,0.4111111111111111,37,14,10,4,7,18
163,38,39,30569,-73.91533112992629,90,0,0,1,3.917689833123522,-0.013767070253379643,1.2564290445297956,1.4006292261183262,0.004203389830508475,0.005688736542651895,0.2410392165184021,0.003074218751862645,0.5857996940612793,0.4661214053630829,0,116.43285369873047,-15.991265296936035,-0.9156870245933533,39.38122321351727,1.990234375,0,0.4222222222222222,38,8,8,3,11,22
164,38,39,30661,136.4135078987586,92,1,0,0,1.9931928824413805,-0.013767070253379643,1.2564290445297956,1.4006292261183262,0.004203389830508475,0.005688736542651895,0.2410392165184021,0.003074218751862645,0.5857996940612793,0.4661214053630829,0,118.0470962524414,-17.249711990356445,-3.8392837047576904,41.467368375491745,1.8642578125,0,0.43478260869565216,40,9,7,9,11,16
165,38,39,30811,-35.766369670322916,150,0,0,0,10.121246372388567,-0.013767070253379643,1.2564290445297956,1.4006292261183262,0.004203389830508475,0.005688736542651895,0.2410392165184021,0.003074218751862645,0.5857996940612793,0.4661214053630829,1,127.87133026123047,-18.68630027770996,-2.910264015197754,63.864570121607535,2.07421875,0,0.34,51,26,22,8,17,26
166,38,39,30857,-84.35304198280048,46,0,1,0,19.205159186280188,-0.013767070253379643,1.2564290445297956,1.4006292261183262,0.004203389830508475,0.005688736542651895,0.2410392165184021,0.003074218751862645,0.5857996940612793,0.4661214053630829,0,101.4959487915039,-8.918596267700195,-1.5414111614227295,20.876972370999592,0.350341796875,0,0.43478260869565216,20,2,10,0,5,9
167,38,39,30965,-65.33244746904094,108,0,1,0,3.727516271455731,-0.013767070253379643,1.2564290445297956,1.4006292261183262,0.004203389830508475,0.005688736542651895,0.2410392165184021,0.003074218751862645,0.5857996940612793,0.4661214053630829,0,114.52909851074219,-17.62531280517578,-4.2235541343688965,43.49885478135904,1.01171875,0,0.32407407407407407,35,16,14,8,10,25
168,39,40,31067,141.885767255693,102,1,0,0,1.8006637036041364,-0.009657448099460453,1.5300221554934978,1.3863078504800797,0.004050847457627118,0.004611649095750181,0.1987873911857605,0.0030195312574505806,0.5834985971450806,0.4606347680091858,0,116.3876953125,-17.872119903564453,-2.8579905033111572,42.60557587213056,2.373046875,0,0.37254901960784315,38,14,10,6,11,23
169,39,40,31146,151.41589524014094,79,1,0,0,1.6081871835805817,-0.009657448099460453,1.5300221554934978,1.3863078504800797,0.004050847457627118,0.004611649095750181,0.1987873911857605,0.0030195312574505806,0.5834985971450806,0.4606347680091858,0,116.78235626220703,-17.940929412841797,-3.658043384552002,39.15882858485645,1.9140625,0,0.4810126582278481,38,12,8,4,5,12
170,39,40,31187,-77.4177088088781,41,0,1,0,17.75943911324719,-0.009657448099460453,1.5300221554934978,1.3863078504800797,0.004050847457627118,0.004611649095750181,0.1987873911857605,0.0030195312574505806,0.5834985971450806,0.4606347680091858,0,101.24036407470703,-12.514010429382324,-2.7710413932800293,19.28963504937542,0.814453125,0,0.5121951219512195,21,2,5,2,4,7
171,39,40,31262,-55.278441414224126,75,0,1,0,2.3287596321620354,-0.009657448099460453,1.5300221554934978,1.3863078504800797,0.004050847457627118,0.004611649095750181,0.1987873911857605,0.0030195312574505806,0.5834985971450806,0.4606347680091858,0,115.71903991699219,-17.906618118286133,-3.054084539413452,37.01764003053899,1.5986328125,0,0.49333333333333335,37,10,6,4,6,12
172,39,40,31412,-35.525254945220524,150,0,0,0,12.0861489964418,-0.009657448099460453,1.5300221554934978,1.3863078504800797,0.004050847457627118,0.004611649095750181,0.1987873911857605,0.0030195312574505806,0.5834985971450806,0.4606347680091858,1,128.7721710205078,-23.61625862121582,-4.929217338562012,64.15952924559872,2.443359375,0,0.35333333333333333,53,22,16,18,22,19
173,39,40,31489,151.17316460906545,77,1,0,0,1.95990806856321,-0.009657448099460453,1.5300221554934978,1.3863078504800797,0.004050847457627118,0.004611649095750181,0.1987873911857605,0.0030195312574505806,0.5834985971450806,0.4606347680091858,0,116.7613296508789,-17.352224349975586,-2.8466989994049072,37.75687410217036,1.619140625,0,0.5064935064935064,39,8,6,5,9,10
174,40,41,31582,128.5253871374369,93,1,0,0,1.8047780807595597,-0.010772868408821523,1.1405440997332335,1.355305202305317,0.003898305084745763,0.004923884283925872,0.3422688841819763,0.002890625037252903,0.5834334492683411,0.48547521233558655,0,116.49725341796875,-17.76283836364746,-3.238598108291626,41.443466644998225,1.02734375,0,0.40860215053763443,38,12,10,7,11,15
175,40,41,31653,-55.86245263629623,71,0,1,0,3.0405184934024065,-0.010772868408821523,1.1405440997332335,1.355305202305317,0.003898305084745763,0.004923884283925872,0.3422688841819763,0.002890625037252903,0.5834334492683411,0.48547521233558655,0,115.0095443725586,-17.808713912963867,-3.447669744491577,36.86833707615646,1.951171875,0,0.5211267605633803,37,9,6,5,6,8
176,40,41,31725,-56.10015476968757,72,0,1,0,4.683091648435013,-0.010772868408821523,1.1405440997332335,1.355305202305317,0.003898305084745763,0.004923884283925872,0.3422688841819763,0.002890625037252903,0.5834334492683411,0.48547521233558655,0,113.5718765258789,-17.282196044921875,-4.16431999206543,33.96734577910033,0.99853515625,0,0.4861111111111111,35,9,9,4,5,10
177,40,41,31875,-30.51283597521134,150,0,0,0,20.511248948913614,-0.010772868408821523,1.1405440997332335,1.355305202305317,0.003898305084745763,0.004923884283925872,0.3422688841819763,0.002890625037252903,0.5834334492683411,0.48547521233558655,1,128.7191619873047,-36.27300262451172,-4.824469566345215,73.03109440440238,1.7138671875,0,0.3466666666666667,52,37,12,15,17,17
178,40,41,31935,-64.3132756626849,60,0,1,0,9.217574443577998,-0.010772868408821523,1.1405440997332335,1.355305202305317,0.003898305084745763,0.004923884283925872,0.3422688841819763,0.002890625037252903,0.5834334492683411,0.48547521233558655,0,109.2651138305664,-15.619292259216309,-1.900772213935852,30.01170861335429,2.12109375,0,0.48333333333333334,29,7,7,1,6,10
179,41,42,32015,153.6989981274433,80,1,0,0,1.7710062007715623,-0.016548935847822577,0.9724475527182221,1.406966246664524,0.0037457627118644057,0.006217689562618034,0.455452024936676,0.0033593750558793545,0.5797631740570068,0.44855809211730957,0,116.3909683227539,-17.945241928100586,-3.296238660812378,39.41784112345284,1.9658203125,0,0.475,38,11,7,4,5,15
180,41,42,32165,-32.4322590345543,150,0,0,0,13.937518473069979,-0.016548935847822577,0.9724475527182221,1.406966246664524,0.0037457627118644057,0.006217689562618034,0.455452024936676,0.0033593750558793545,0.5797631740570068,0.44855809211730957,1,128.1261444091797,-28.298717498779297,-3.937835693359375,63.80371100079765,0.67431640625,0,0.34,51,29,13,12,16,29
181,41,42,32259,148.8085924333795,94,1,0,0,1.8954789687265376,-0.016548935847822577,0.9724475527182221,1.406966246664524,0.0037457627118644057,0.006217689562618034,0.455452024936676,0.0033593750558793545,0.5797631740570068,0.44855809211730957,0,117.73458099365234,-17.143924713134766,-2.858588695526123,43.389252922234924,1.59375,0,0.4148936170212766,39,11,9,9,13,13
182,41,42,32328,-65.26500504349946,69,0,1,0,3.668945450419849,-0.016548935847822577,0.9724475527182221,1.406966246664524,0.0037457627118644057,0.006217689562618034,0.455452024936676,0.0033593750558793545,0.5797631740570068,0.44855809211730957,0,114.74644470214844,-17.589445114135742,-4.52216911315918,34.84528233122916,0.95458984375,0,0.5217391304347826,36,7,4,6,4,12
183,41,42,32478,-50.24504622425067,150,0,0,0,22.887859733170103,-0.016548935847822577,0.9724475527182221,1.406966246664524,0.0037457627118644057,0.006217689562618034,0.455452024936676,0.0033593750558793545,0.5797631740570068,0.44855809211730957,1,140.3614044189453,-20.862449645996094,-6.109744548797607,70.96110967519004,1.3779296875,0,0.44666666666666666,67,19,12,16,14,22
184,42,43,32565,146.76399777005986,87,1,0,0,1.9321239426997165,-0.01176465698517859,0.960413409397006,1.3964452780783176,0.0035932203389830502,0.0042024824979307596,0.3888397812843323,0.0036914062220603228,0.5775465369224548,0.4647541642189026,0,116.15826416015625,-17.988178253173828,-3.276881217956543,38.15080198367392,2.5546875,0,0.4367816091954023,38,8,5,8,10,18
185,42,43,32715,-31.33891743344209,150,0,0,0,9.262821881740257,-0.01176465698517859,0.960413409397006,1.3964452780783176,0.0035932203389830502,0.0042024824979307596,0.3888397812843323,0.0036914062220603228,0.5775465369224548,0.4647541642189026,1,124.12409210205078,-12.657995223999023,-5.1433234214782715,63.254963758499024,2.94140625,0,0.30666666666666664,46,19,24,17,20,24
186,42,43,32810,-54.33763588645287,95,0,1,0,3.022904015439777,-0.01176465698517859,0.960413409397006,1.3964452780783176,0.0035932203389830502,0.0042024824979307596,0.3888397812843323,0.0036914062220603228,0.5775465369224548,0.4647541642189026,0,115.33557891845703,-20.33974266052246,-4.254809379577637,43.12336471504462,0.401611328125,0,0.37894736842105264,36,18,11,6,8,16
187,42,43,32898,142.94239771554825,88,1,0,0,1.8642188379479405,-0.01176465698517859,0.960413409397006,1.3964452780783176,0.0035932203389830502,0.0042024824979307596,0.3888397812843323,0.0036914062220603228,0.5775465369224548,0.4647541642189026,0,116.43199920654297,-17.727386474609375,-3.0618832111358643,40.74815199371702,1.349609375,0,0.4318181818181818,38,10,7,10,14,9
188,43,44,33006,-66.784137782218,108,0,1,0,2.125287369429295,-0.008008644304936752,0.8726382721215487,1.3748232200741768,0.003440677966101695,0.005642114992951974,0.37547075748443604,0.0033710936550050974,0.5744382739067078,0.467916876077652,0,115.93302917480469,-17.942964553833008,-3.0571439266204834,45.71003117773853,1.8583984375,0,0.3333333333333333,36,14,10,12,17,19
189,43,44,33100,136.17209535781728,94,1,0,0,1.945717468023411,-0.008008644304936752,0.8726382721215487,1.3748232200741768,0.003440677966101695,0.005642114992951974,0.37547075748443604,0.0033710936550050974,0.5744382739067078,0.467916876077652,0,116.78150177001953,-17.353076934814453,-2.8967173099517822,40.2274693033454,0.95703125,0,0.40425531914893614,38,10,7,9,12,18
190,43,44,33196,-57.00544418381985,96,0,1,0,2.9595516151139556,-0.008008644304936752,0.8726382721215487,1.3748232200741768,0.003440677966101695,0.005642114992951974,0.37547075748443604,0.0033710936550050974,0.5744382739067078,0.467916876077652,0,114.98800659179688,-17.98774528503418,-3.050093173980713,40.767081774099466,1.669921875,0,0.375,36,15,12,7,12,14
191,43,44,33346,-2.6773638773692703,150,0,0,0,8.492786668059962,-0.008008644304936752,0.8726382721215487,1.3748232200741768,0.003440677966101695,0.005642114992951974,0.37547075748443604,0.0033710936550050974,0.5744382739067078,0.467916876077652,1,125.63442993164062,-16.022741317749023,-3.9950318336486816,61.588725415348044,2.310546875,0,0.32,48,17,16,22,26,21
192,43,44,33440,-54.33825705833597,94,0,1,0,2.4364171374891406,-0.008008644304936752,0.8726382721215487,1.3748232200741768,0.003440677966101695,0.005642114992951974,0.37547075748443604,0.0033710936550050974,0.5744382739067078,0.467916876077652,0,115.60651397705078,-17.89534568786621,-2.8625214099884033,42.82571393171936,1.79296875,0,0.3829787234042553,36,13,10,6,10,19
193,44,45,33524,140.981097072289,84,1,0,0,1.8014141998643212,-0.02557174997855327,1.1975223813205957,1.3988601863384247,0.0032881355932203385,0.011989741113211494,0.2274388074874878,0.003109375014901161,0.5812788009643555,0.43780627846717834,0,117.07183837890625,-17.38559913635254,-3.244521141052246,41.15974474498907,1.6162109375,0,0.4523809523809524,38,12,8,7,10,9
194,44,45,33674,-4.9447663097387355,150,0,0,0,12.189021747639458,-0.02557174997855327,1.1975223813205957,1.3988601863384247,0.0032881355932203385,0.011989741113211494,0.2274388074874878,0.003109375014901161,0.5812788009643555,0.43780627846717834,1,129.9324951171875,-18.714378356933594,-3.4506216049194336,63.153466070660066,2.537109375,0,0.3466666666666667,52,20,15,18,26,19
195,44,45,33702,-77.73951581524139,28,0,1,0,17.831224535097586,-0.02557174997855327,1.1975223813205957,1.3988601863384247,0.0032881355932203385,0.011989741113211494,0.2274388074874878,0.003109375014901161,0.5812788009643555,0.43780627846717834,0,101.137939453125,-12.629325866699219,-3.879079818725586,16.648078763776553,0.78662109375,0,0.75,21,0,3,2,0,2
196,44,45,33852,-27.190204747600124,150,0,0,0,11.080574558582024,-0.02557174997855327,1.1975223813205957,1.3988601863384247,0.0032881355932203385,0.011989741113211494,0.2274388074874878,0.003109375014901161,0.5812788009643555,0.43780627846717834,1,127.07046508789062,-13.194917678833008,-4.387440204620361,61.801673026022065,2.482421875,0,0.3333333333333333,50,18,24,15,20,23
197,44,45,33878,-76.66074686752464,26,0,1,0,17.984548830679703,-0.02557174997855327,1.1975223813205957,1.3988601863384247,0.0032881355932203385,0.011989741113211494,0.2274388074874878,0.003109375014901161,0.5812788009643555,0.43780627846717834,0,100.8269271850586,-13.025663375854492,-3.8662455081939697,16.489439427363045,0.4267578125,0,0.7692307692307693,20,0,4,2,0,0
198,44,45,33970,141.4016417878824,92,1,0,0,1.6609209281806308,-0.02557174997855327,1.1975223813205957,1.3988601863384247,0.0032881355932203385,0.011989741113211494,0.2274388074874878,0.003109375014901161,0.5812788009643555,0.43780627846717834,0,117.06405639648438,-17.919099807739258,-4.01826810836792,42.26065123760557,2.09375,0,0.42391304347826086,39,13,10,8,10,12
199,45,46,34063,138.95078124367112,93,1,0,0,1.8148399972356466,-0.008262052724603564,0.9044271213933825,1.4307292513549328,0.003135593220338983,0.010504439342184924,0.18566733598709106,0.004449218977242708,0.574270486831665,0.4402487277984619,0,116.87519073486328,-17.715158462524414,-3.8823130130767822,44.645368196491425,1.8193359375,0,0.41935483870967744,39,17,13,6,10,8
200,45,46,34213,-25.498147833520107,150,0,0,0,15.462872264112661,-0.008262052724603564,0.9044271213933825,1.4307292513549328,0.003135593220338983,0.010504439342184924,0.18566733598709106,0.004449218977242708,0.574270486831665,0.4402487277984619,1,132.84971618652344,-21.38933753967285,-5.394271373748779,70.82671655730718,1.599609375,0,0.38,57,27,18,14,16,18
201,45,46,34345,133.07274025285585,132,1,0,0,1.8305898737277158,-0.008262052724603564,0.9044271213933825,1.4307292513549328,0.003135593220338983,0.010504439342184924,0.18566733598709106,0.004449218977242708,0.574270486831665,0.4402487277984619,0,119.26466369628906,-18.066545486450195,-2.6271395683288574,53.81843568565396,1.427734375,0,0.3106060606060606,41,17,14,13,18,29
202,45,46,34434,-62.723660272346464,89,0,1,0,3.176604655312352,-0.008262052724603564,0.9044271213933825,1.4307292513549328,0.003135593220338983,0.010504439342184924,0.18566733598709106,0.004449218977242708,0.574270486831665,0.4402487277984619,0,114.75790405273438,-18.06083106994629,-3.3939290046691895,40.551542177225606,2.455078125,0,0.4044943820224719,36,12,9,7,10,15
203,46,47,34520,149.01297545599704,86,1,0,0,1.9809203396660675,-0.007779352512443438,0.9964927574619651,1.3913570903241634,0.002983050847457626,0.003946794669900555,0.5302347540855408,0.00255468743853271,0.5799872279167175,0.476624459028244,0,117.11189270019531,-17.169492721557617,-3.181062936782837,40.97749227280031,2.4609375,0,0.4418604651162791,38,11,7,7,11,12
204,46,47,34630,145.73104430284502,110,1,0,0,1.8175834953052408,-0.007779352512443438,0.9964927574619651,1.3913570903241634,0.002983050847457626,0.003946794669900555,0.5302347540855408,0.00255468743853271,0.5799872279167175,0.476624459028244,0,117.23487854003906,-17.299381256103516,-2.879509210586548,45.96324767347604,2.380859375,0,0.36363636363636365,40,15,13,8,13,21
205,46,47,34713,143.1933229126201,83,1,0,0,1.959096103904416,-0.007779352512443438,0.9964927574619651,1.3913570903241634,0.002983050847457626,0.003946794669900555,0.5302347540855408,0.00255468743853271,0.5799872279167175,0.476624459028244,0,117.7211685180664,-17.10464096069336,-2.661742687225342,41.3369126617248,2.30859375,0,0.46987951807228917,39,11,9,5,10,9
206,46,47,34813,139.91711272079473,100,1,0,0,1.7566797056386896,-0.007779352512443438,0.9964927574619651,1.3913570903241634,0.002983050847457626,0.003946794669900555,0.5302347540855408,0.00255468743853271,0.5799872279167175,0.476624459028244,0,117.95260620117188,-17.328611373901367,-3.360382318496704,42.62593578331135,1.9765625,0,0.4,40,11,8,8,11,22
207,46,47,34937,137.48811719994563,124,1,0,0,1.6515536628704863,-0.007779352512443438,0.9964927574619651,1.3913570903241634,0.002983050847457626,0.003946794669900555,0.5302347540855408,0.00255468743853271,0.5799872279167175,0.476624459028244,0,116.3028793334961,-18.256072998046875,-2.970221519470215,51.70157706258941,2.943359375,0,0.3064516129032258,38,21,17,9,16,23
208,47,48,35026,-52.765015966587285,89,0,1,0,2.9852656688340526,-0.006293118740359205,1.1369563862681389,1.3436213582754135,0.0028305084745762705,0.005809813587802637,0.15177732706069946,0.0026757812593132257,0.5797032713890076,0.4898611903190613,0,114.96031188964844,-18.048471450805664,-3.3530900478363037,39.598123853283056,0.623046875,0,0.4157303370786517,37,11,9,7,10,15
209,47,48,35143,127.57805813967487,117,1,0,0,1.8039980412143042,-0.006293118740359205,1.1369563862681389,1.3436213582754135,0.0028305084745762705,0.005809813587802637,0.15177732706069946,0.0026757812593132257,0.5797032713890076,0.4898611903190613,0,117.96598815917969,-17.269269943237305,-2.690093994140625,49.502628551252585,2.62890625,0,0.3418803418803419,40,17,14,10,17,19
210,47,48,35214,-65.26899496779365,71,0,1,0,7.372551427492165,-0.006293118740359205,1.1369563862681389,1.3436213582754135,0.0028305084745762705,0.005809813587802637,0.15177732706069946,0.0026757812593132257,0.5797032713890076,0.4898611903190613,0,110.95348358154297,-16.32746124267578,-2.1396067142486572,31.56367116319577,0.75927734375,0,0.43661971830985913,31,7,6,4,9,14
211,47,48,35305,142.3345692160725,91,1,0,0,1.8753963758630383,-0.006293118740359205,1.1369563862681389,1.3436213582754135,0.0028305084745762705,0.005809813587802637,0.15177732706069946,0.0026757812593132257,0.5797032713890076,0.4898611903190613,0,117.68865966796875,-17.20277976989746,-3.399010419845581,43.46495722813698,1.125,0,0.42857142857142855,39,11,8,10,13,10
212,47,48,35392,50.864378301543006,87,1,1,0,1.9869714853764082,-0.006293118740359205,1.1369563862681389,1.3436213582754135,0.0028305084745762705,0.005809813587802637,0.15177732706069946,0.0026757812593132257,0.5797032713890076,0.4898611903190613,0,116.06536865234375,-18.004871368408203,-3.1752586364746094,41.55610463787259,2.84375,0,0.4367816091954023,38,12,8,5,7,17
213,48,49,35542,-9.466973993361798,150,0,0,0,8.749709055571417,-0.01610627758782357,1.1265278216451406,1.394813910126686,0.002677966101694914,0.007488781579013448,0.19119763374328613,0.004117187578231096,0.5746541023254395,0.4569646716117859,1,125.32199096679688,-23.42828941345215,-2.9416065216064453,62.824678426152445,1.1015625,0,0.32666666666666666,49,26,15,11,17,32
214,48,49,35634,-62.20903350441977,92,0,1,0,2.971359480226923,-0.01610627758782357,1.1265278216451406,1.394813910126686,0.002677966101694914,0.007488781579013448,0.19119763374328613,0.004117187578231096,0.5746541023254395,0.4569646716117859,0,114.83871459960938,-18.514245986938477,-2.780275583267212,40.41398243513302,0.1300048828125,0,0.391304347826087,36,14,11,6,11,14
215,48,49,35784,-11.74852600374157,150,0,0,0,13.148711039978826,-0.01610627758782357,1.1265278216451406,1.394813910126686,0.002677966101694914,0.007488781579013448,0.19119763374328613,0.004117187578231096,0.5746541023254395,0.4569646716117859,1,129.24716186523438,-25.279794692993164,-4.353458404541016,66.37949690165604,1.24609375,0,0.35333333333333333,53,27,17,15,19,19
216,48,49,35812,-73.3448265434239,28,0,1,0,17.973150610133967,-0.01610627758782357,1.1265278216451406,1.394813910126686,0.002677966101694914,0.007488781579013448,0.19119763374328613,0.004117187578231096,0.5746541023254395,0.4569646716117859,0,100.84724426269531,-12.940876960754395,-2.955571413040161,16.68694116801125,0.54443359375,0,0.75,21,0,3,1,1,2
217,48,49,35900,149.27978699442758,88,1,0,0,1.9795938260316883,-0.01610627758782357,1.1265278216451406,1.394813910126686,0.002677966101694914,0.007488781579013448,0.19119763374328613,0.004117187578231096,0.5746541023254395,0.4569646716117859,0,118.01786804199219,-17.08289337158203,-2.802062511444092,41.58144303788072,1.33203125,0,0.45454545454545453,40,10,9,7,12,10
218,49,50,36050,-27.377555429989684,150,0,0,0,11.59389608005277,-0.012604720424860716,0.8301763199269772,1.362924661487341,0.0025254237288135587,0.006380093465850223,0.6500939130783081,0.003382812486961484,0.5812498927116394,0.4943831264972687,1,129.3397674560547,-18.56841278076172,-3.134113311767578,64.70809491344966,1.3583984375,0,0.35333333333333333,53,26,18,13,22,18
219,49,50,36134,136.05319777128747,84,1,0,0,1.8682579777340198,-0.012604720424860716,0.8301763199269772,1.362924661487341,0.0025254237288135587,0.006380093465850223,0.6500939130783081,0.003382812486961484,0.5812498927116394,0.4943831264972687,0,118.6890869140625,-17.532670974731445,-2.3952291011810303,42.06558891430894,1.666015625,0,0.47619047619047616,40,9,7,7,11,10
220,49,50,36214,149.44440622383863,80,1,0,0,1.9921442348616567,-0.012604720424860716,0.8301763199269772,1.362924661487341,0.0025254237288135587,0.006380093465850223,0.6500939130783081,0.003382812486961484,0.5812498927116394,0.4943831264972687,0,117.21720123291016,-17.12641716003418,-3.198651075363159,41.09209741486803,2.32421875,0,0.4875,39,10,8,7,9,7
221,49,50,36332,138.0413645920787,118,1,0,0,1.926911976214829,-0.012604720424860716,0.8301763199269772,1.362924661487341,0.0025254237288135587,0.006380093465850223,0.6500939130783081,0.003382812486961484,0.5812498927116394,0.4943831264972687,0,118.16818237304688,-17.15950584411621,-3.171368360519409,47.43964518630881,2.2421875,0,0.3389830508474576,40,12,11,12,16,27
222,49,50,36482,-56.70893056555923,150,0,0,0,12.618208598795261,-0.012604720424860716,0.8301763199269772,1.362924661487341,0.0025254237288135587,0.006380093465850223,0.6500939130783081,0.003382812486961484,0.5812498927116394,0.4943831264972687,1,130.25634765625,-19.193939208984375,-4.729276180267334,64.05077726549489,1.5361328125,0,0.35333333333333333,53,23,15,18,22,19
223,50,51,36563,148.9883186377583,81,1,0,0,1.9152924895347774,-0.015833782614208758,0.7297807512804866,1.320527520030737,0.0023728813559322033,0.00931256444164319,0.6361243724822998,0.004070312716066837,0.580361545085907,0.5245258808135986,0,118.14176940917969,-17.180463790893555,-2.710291862487793,40.23127635631663,2.369140625,0,0.49382716049382713,40,9,7,6,11,8
224,50,51,36653,146.16535286664234,90,1,0,0,1.6572554770727355,-0.015833782614208758,0.7297807512804866,1.320527520030737,0.0023728813559322033,0.00931256444164319,0.6361243724822998,0.004070312716066837,0.580361545085907,0.5245258808135986,0,117.37101745605469,-17.433378219604492,-3.1905100345611572,42.890851815313155,2.943359375,0,0.4222222222222222,38,16,11,6,11,8
225,50,51,36803,-20.110284163203154,150,0,0,0,9.733387818914064,-0.015833782614208758,0.7297807512804866,1.320527520030737,0.0023728813559322033,0.00931256444164319,0.6361243724822998,0.004070312716066837,0.580361545085907,0.5245258808135986,1,127.31449890136719,-20.858905792236328,-3.208940267562866,63.091137175625484,2.216796875,0,0.3333333333333333,50,23,16,14,22,25
226,50,51,36953,-7.286319533661718,150,0,0,0,10.273539144790307,-0.015833782614208758,0.7297807512804866,1.320527520030737,0.0023728813559322033,0.00931256444164319,0.6361243724822998,0.004070312716066837,0.580361545085907,0.5245258808135986,1,126.81122589111328,-23.84726905822754,-3.617196559906006,62.27560516354808,1.6591796875,0,0.3333333333333333,50,25,16,18,26,15
227,51,52,37045,145.02273144643507,92,1,0,0,1.993847494598299,-0.011488355377878179,1.013188287615776,1.2980939745903015,0.002220338983050846,0.007038269424811006,0.6252533197402954,0.004558593966066837,0.5782980918884277,0.5330910682678223,0,118.52207946777344,-17.248077392578125,-3.4461283683776855,43.481416642336285,1.6845703125,0,0.43478260869565216,40,16,13,7,11,5
228,51,52,37195,-34.73118343686849,150,0,0,0,21.344096947272618,-0.011488355377878179,1.013188287615776,1.2980939745903015,0.002220338983050846,0.007038269424811006,0.6252533197402954,0.004558593966066837,0.5782980918884277,0.5330910682678223,1,135.6778106689453,-30.6088924407959,-3.752487897872925,69.89049288717987,2.40234375,0,0.4066666666666667,61,29,10,15,21,14
229,51,52,37258,155.65644762042635,63,1,0,0,1.7298541382361512,-0.011488355377878179,1.013188287615776,1.2980939745903015,0.002220338983050846,0.007038269424811006,0.6252533197402954,0.004558593966066837,0.5782980918884277,0.5330910682678223,0,117.4612045288086,-17.339521408081055,-3.1365129947662354,38.664782068886915,2.94140625,0,0.6190476190476191,39,9,6,3,4,2
230,51,52,37408,-52.29294483501229,150,0,0,0,15.685415364653686,-0.011488355377878179,1.013188287615776,1.2980939745903015,0.002220338983050846,0.007038269424811006,0.6252533197402954,0.004558593966066837,0.5782980918884277,0.5330910682678223,1,127.26290893554688,-31.4445858001709,-4.276047706604004,67.31535933080829,0.6953125,0,0.32,48,33,12,16,22,19
231,51,52,37486,152.41128348721628,78,1,0,0,1.9962135752940608,-0.011488355377878179,1.013188287615776,1.2980939745903015,0.002220338983050846,0.007038269424811006,0.6252533197402954,0.004558593966066837,0.5782980918884277,0.5330910682678223,0,118.40850067138672,-17.148582458496094,-2.9343326091766357,40.05508446838725,0.9755859375,0,0.5128205128205128,40,9,5,6,8,10
232,52,53,37559,149.05933528603018,73,1,0,0,1.9644757316277157,-0.017942298625712283,1.2603974621742964,1.23705430701375,0.0020677966101694915,0.007376941844995599,0.3412686586380005,0.003488281276077032,0.5831855535507202,0.5488263964653015,0,117.21236419677734,-17.157817840576172,-2.791276454925537,39.56730330738515,1.564453125,0,0.5616438356164384,41,9,8,3,6,6
233,52,53,37639,149.46333364288117,80,1,0,0,1.9777425636428214,-0.017942298625712283,1.2603974621742964,1.23705430701375,0.0020677966101694915,0.007376941844995599,0.3412686586380005,0.003488281276077032,0.5831855535507202,0.5488263964653015,0,116.59281158447266,-17.673131942749023,-3.832707643508911,40.744974908517754,1.005859375,0,0.4875,39,13,10,3,5,10
234,52,53,37714,-48.963822048767916,75,0,1,0,2.284747253125765,-0.017942298625712283,1.2603974621742964,1.23705430701375,0.0020677966101694915,0.007376941844995599,0.3412686586380005,0.003488281276077032,0.5831855535507202,0.5488263964653015,0,115.76097869873047,-17.92054557800293,-3.0133891105651855,39.014305757026655,2.19921875,0,0.5066666666666667,38,13,10,1,4,9
235,52,53,37864,-8.502580272938062,150,0,0,0,10.108261369716049,-0.017942298625712283,1.2603974621742964,1.23705430701375,0.0020677966101694915,0.007376941844995599,0.3412686586380005,0.003488281276077032,0.5831855535507202,0.5488263964653015,1,125.46151733398438,-25.433326721191406,-4.360355854034424,64.30780302396887,1.8896484375,0,0.32,48,31,18,17,24,12
236,52,53,37893,-75.185299397911,29,0,1,0,17.910425150256312,-0.017942298625712283,1.2603974621742964,1.23705430701375,0.0020677966101694915,0.007376941844995599,0.3412686586380005,0.003488281276077032,0.5831855535507202,0.5488263964653015,0,100.74720001220703,-13.430627822875977,-3.2937214374542236,15.990341629565652,0.1171875,0,0.7241379310344828,21,0,2,1,0,5
237,52,53,37966,50.82115393612153,73,1,1,0,1.8668218528859974,-0.017942298625712283,1.2603974621742964,1.23705430701375,0.0020677966101694915,0.007376941844995599,0.3412686586380005,0.003488281276077032,0.5831855535507202,0.5488263964653015,0,116.2314453125,-17.971881866455078,-2.8192739486694336,40.50080711348399,1.83203125,0,0.5205479452054794,38,11,7,4,6,7
238,53,54,38043,-69.73412479705911,77,0,1,0,2.982543622349463,-0.010487445950275287,1.664601944386959,1.2089750543236732,0.0019152542372881352,0.007050982443615794,0.15305596590042114,0.004031249787658453,0.5786377191543579,0.5557741522789001,0,114.91170501708984,-18.136219024658203,-3.0007503032684326,40.30019672730049,2.392578125,0,0.4805194805194805,37,12,8,6,9,5
239,53,54,38120,145.47961385282798,77,1,0,0,1.8837278591756519,-0.010487445950275287,1.664601944386959,1.2089750543236732,0.0019152542372881352,0.007050982443615794,0.15305596590042114,0.004031249787658453,0.5786377191543579,0.5557741522789001,0,116.65357971191406,-18.777755737304688,-1.4963743686676025,38.93048123295231,2.33203125,0,0.5064935064935064,39,12,8,2,9,7
240,53,54,38209,138.92293278359557,89,1,0,0,1.7917003979791999,-0.010487445950275287,1.664601944386959,1.2089750543236732,0.0019152542372881352,0.007050982443615794,0.15305596590042114,0.004031249787658453,0.5786377191543579,0.5557741522789001,0,118.57511138916016,-17.47748565673828,-3.3413355350494385,44.109230167948205,2.232421875,0,0.449438202247191,40,14,12,7,11,5
241,53,54,38278,153.29204221236427,69,1,0,0,1.364468440234359,-0.010487445950275287,1.664601944386959,1.2089750543236732,0.0019152542372881352,0.007050982443615794,0.15305596590042114,0.004031249787658453,0.5786377191543579,0.5557741522789001,0,117.10005950927734,-17.837583541870117,-3.010190963745117,40.33834155959306,2.525390625,0,0.5652173913043478,39,11,7,3,4,5
242,53,54,38342,-56.77800396446003,64,0,1,0,2.578311229722043,-0.010487445950275287,1.664601944386959,1.2089750543236732,0.0019152542372881352,0.007050982443615794,0.15305596590042114,0.004031249787658453,0.5786377191543579,0.5557741522789001,0,115.47618865966797,-17.89387321472168,-2.612366199493408,36.99802924668298,2.923828125,0,0.578125,37,9,5,4,6,3
243,53,54,38408,-48.88578803857955,66,0,1,0,2.178582382959373,-0.010487445950275287,1.664601944386959,1.2089750543236732,0.0019152542372881352,0.007050982443615794,0.15305596590042114,0.004031249787658453,0.5786377191543579,0.5557741522789001,0,115.91242980957031,-17.875396728515625,-2.928525447845459,40.49381175920996,2.943359375,0,0.5606060606060606,37,11,7,3,4,4
244,54,55,38501,142.13713077342237,93,1,0,0,1.9990047504302475,-0.011909102759091184,1.0639171414077282,1.2722366489470005,0.001762711864406779,0.006399485369911417,0.3963192105293274,0.004203124903142452,0.5769504904747009,0.5469716787338257,0,119.49195861816406,-18.71319580078125,-2.0621554851531982,46.42325350975894,0.63134765625,0,0.44086021505376344,41,17,11,6,13,5
245,54,55,38586,148.33480749238703,85,1,0,0,1.7248917384298605,-0.011909102759091184,1.0639171414077282,1.2722366489470005,0.001762711864406779,0.006399485369911417,0.3963192105293274,0.004203124903142452,0.5769504904747009,0.5469716787338257,0,117.45707702636719,-17.380687713623047,-2.624979019165039,40.9130621510422,2.07421875,0,0.4588235294117647,39,11,8,6,10,11
246,54,55,38670,148.0463136662654,84,1,0,0,1.8601502296106838,-0.011909102759091184,1.0639171414077282,1.2722366489470005,0.001762711864406779,0.006399485369911417,0.3963192105293274,0.004203124903142452,0.5769504904747009,0.5469716787338257,0,118.01608276367188,-17.195310592651367,-3.108337879180908,42.982538059273374,2.12890625,0,0.47619047619047616,40,13,10,5,9,7
247,54,55,38743,-48.18324559677702,73,0,1,0,2.7568345433735706,-0.011909102759091184,1.0639171414077282,1.2722366489470005,0.001762711864406779,0.006399485369911417,0.3963192105293274,0.004203124903142452,0.5769504904747009,0.5469716787338257,0,115.30084228515625,-17.90510368347168,-2.454169988632202,36.31205047226896,2.11328125,0,0.4931506849315068,36,10,5,4,8,10
248,54,55,38893,-29.81290219523848,150,0,0,0,12.468442525836595,-0.011909102759091184,1.0639171414077282,1.2722366489470005,0.001762711864406779,0.006399485369911417,0.3963192105293274,0.004203124903142452,0.5769504904747009,0.5469716787338257,1,129.67845153808594,-22.600099563598633,-3.774688482284546,64.2013190866338,2.26171875,0,0.36,54,20,13,20,26,17
249,55,56,39043,-24.481570953135456,150,0,0,0,17.813649194323457,-0.012811086373403668,0.4513094536960125,1.3432870879769325,0.0016101694915254226,0.006333955388981849,0.7759689688682556,0.0048164064064621925,0.5712001919746399,0.4813172519207001,1,128.30389404296875,-33.29861068725586,-4.609009265899658,74.95395711845998,2.94140625,0,0.3466666666666667,52,38,16,13,16,15
250,55,56,39117,-54.463446728375864,74,0,1,0,3.03315867896074,-0.012811086373403668,0.4513094536960125,1.3432870879769325,0.0016101694915254226,0.006333955388981849,0.7759689688682556,0.0048164064064621925,0.5712001919746399,0.4813172519207001,0,115.07278442382812,-17.920181274414062,-3.8716728687286377,39.16715394137289,0.8701171875,0,0.5,37,10,7,6,7,7
251,55,56,39267,-25.711339174418878,150,0,0,0,16.86967845113367,-0.012811086373403668,0.4513094536960125,1.3432870879769325,0.0016101694915254226,0.006333955388981849,0.7759689688682556,0.0048164064064621925,0.5712001919746399,0.4813172519207001,1,134.29391479492188,-20.357799530029297,-6.057710647583008,69.74232994914802,1.333984375,0,0.38666666666666666,58,27,19,13,14,19
252,55,56,39417,-15.416331474738467,150,0,0,0,10.981302462279432,-0.012811086373403668,0.4513094536960125,1.3432870879769325,0.0016101694915254226,0.006333955388981849,0.7759689688682556,0.0048164064064621925,0.5712001919746399,0.4813172519207001,1,126.04320526123047,-26.163755416870117,-4.038181304931641,64.7429991204486,2.5078125,0,0.32666666666666666,49,30,17,15,22,17
253,56,57,39567,-34.92393621722054,150,0,0,0,17.950285349763462,-0.019502563285641372,1.1410128343850374,1.2695735655725002,0.0014576271186440663,0.00902832868450787,0.5979389548301697,0.004238281399011612,0.5760430693626404,0.5223036408424377,1,135.3802032470703,-20.840293884277344,-5.887474060058594,71.01464574183994,1.845703125,0,0.4066666666666667,61,26,20,14,16,13
254,56,57,39641,149.96561412406757,74,1,0,0,1.7793968331757342,-0.019502563285641372,1.1410128343850374,1.2695735655725002,0.0014576271186440663,0.00902832868450787,0.5979389548301697,0.004238281399011612,0.5760430693626404,0.5223036408424377,0,117.02778625488281,-17.5150203704834,-3.5674967765808105,40.188782378576185,1.806640625,0,0.5135135135135135,38,10,7,6,7,6
255,56,57,39791,-26.331532773373148,150,0,0,0,16.778423185090528,-0.019502563285641372,1.1410128343850374,1.2695735655725002,0.0014576271186440663,0.00902832868450787,0.5979389548301697,0.004238281399011612,0.5760430693626404,0.5223036408424377,1,134.2685546875,-18.86107635498047,-5.97003698348999,70.26146900188338,1.3095703125,0,0.4,60,23,23,13,14,17
256,56,57,39876,144.39617406067077,85,1,0,0,1.9851735804560424,-0.019502563285641372,1.1410128343850374,1.2695735655725002,0.0014576271186440663,0.00902832868450787,0.5979389548301697,0.004238281399011612,0.5760430693626404,0.5223036408424377,0,117.81732177734375,-17.262779235839844,-3.892641067504883,40.824263908408014,2.115234375,0,0.4823529411764706,41,10,9,5,6,14
257,56,57,39943,156.30408406504577,67,1,0,0,1.871905934536428,-0.019502563285641372,1.1410128343850374,1.2695735655725002,0.0014576271186440663,0.00902832868450787,0.5979389548301697,0.004238281399011612,0.5760430693626404,0.5223036408424377,0,117.42825317382812,-17.197032928466797,-2.8511180877685547,38.75549654163689,1.767578125,0,0.582089552238806,39,9,7,2,4,6
258,56,57,39976,-77.77610370272231,33,0,1,0,17.987893571001827,-0.019502563285641372,1.1410128343850374,1.2695735655725002,0.0014576271186440663,0.00902832868450787,0.5979389548301697,0.004238281399011612,0.5760430693626404,0.5223036408424377,0,100.82140350341797,-13.016012191772461,-3.7533786296844482,17.131533693355188,0.8310546875,0,0.6363636363636364,21,2,5,1,0,4
259,57,58,40086,140.2103090898674,110,1,0,0,1.9859248005035837,-0.017002387496177107,0.8660229882225394,1.3070566579699516,0.0013050847457627118,0.005943189578829333,0.6763181686401367,0.004496093839406967,0.5739434957504272,0.4839966297149658,0,119.34515380859375,-18.220661163330078,-3.8700387477874756,53.6213476687431,2.943359375,0,0.37272727272727274,41,19,14,12,14,10
260,57,58,40169,151.55155540527758,83,1,0,0,1.8941568461773721,-0.017002387496177107,0.8660229882225394,1.3070566579699516,0.0013050847457627118,0.005943189578829333,0.6763181686401367,0.004496093839406967,0.5739434957504272,0.4839966297149658,0,116.70771026611328,-17.49321937561035,-3.32629132270813,41.97002145357315,1.79296875,0,0.4578313253012048,38,13,10,6,10,6
261,57,58,40319,-32.169264136786296,150,0,0,0,7.761623092241742,-0.017002387496177107,0.8660229882225394,1.3070566579699516,0.0013050847457627118,0.005943189578829333,0.6763181686401367,0.004496093839406967,0.5739434957504272,0.4839966297149658,1,123.9435043334961,-15.1475248336792,-5.606603145599365,61.69000751825683,1.95703125,0,0.30666666666666664,46,28,27,15,20,14
262,57,58,40413,145.5536579344336,94,1,0,0,1.7381397112301997,-0.017002387496177107,0.8660229882225394,1.3070566579699516,0.0013050847457627118,0.005943189578829333,0.6763181686401367,0.004496093839406967,0.5739434957504272,0.4839966297149658,0,118.96267700195312,-18.056528091430664,-3.7761080265045166,45.5380399261048,1.755859375,0,0.43617021276595747,41,13,10,9,10,11
263,57,58,40495,150.71068326329456,82,1,0,0,1.9266272430525142,-0.017002387496177107,0.8660229882225394,1.3070566579699516,0.0013050847457627118,0.005943189578829333,0.6763181686401367,0.004496093839406967,0.5739434957504272,0.4839966297149658,0,117.9688949584961,-17.1200008392334,-3.05635142326355,39.91744583139647,2.3359375,0,0.4878048780487805,40,10,8,5,8,11
264,58,59,40645,0.6437048888566004,150,0,0,0,4.868501208498356,-0.019323898013681173,0.6378283891826868,1.238887257874012,0.0011525423728813555,0.009611880683223717,0.632736086845398,0.003949218895286322,0.5800821185112,0.5630429983139038,1,122.56182861328125,-18.42876434326172,-3.489903211593628,60.30618011120218,1.865234375,0,0.3,45,28,26,11,20,20
265,58,59,40795,-23.20029321890764,150,0,0,0,18.478881685398253,-0.019323898013681173,0.6378283891826868,1.238887257874012,0.0011525423728813555,0.009611880683223717,0.632736086845398,0.003949218895286322,0.5800821185112,0.5630429983139038,1,123.32527923583984,-36.63251495361328,-3.9324779510498047,69.94123764708415,2.37890625,0,0.30666666666666664,46,40,13,14,18,19
266,58,59,40889,132.79213840765442,94,1,0,0,1.7873317094094483,-0.019323898013681173,0.6378283891826868,1.238887257874012,0.0011525423728813555,0.009611880683223717,0.632736086845398,0.003949218895286322,0.5800821185112,0.5630429983139038,0,117.46907806396484,-17.802173614501953,-4.262867450714111,45.208171171681585,1.873046875,0,0.4148936170212766,39,16,13,8,11,7
267,58,59,40961,154.81574318428764,72,1,0,0,1.2461289992517508,-0.019323898013681173,0.6378283891826868,1.238887257874012,0.0011525423728813555,0.009611880683223717,0.632736086845398,0.003949218895286322,0.5800821185112,0.5630429983139038,0,117.46228790283203,-17.86644744873047,-3.3215458393096924,43.676758985552155,2.94140625,0,0.5416666666666666,39,15,10,1,2,5
268,59,60,41031,-52.681963280316836,70,0,1,0,2.3438217616273835,-0.010246302583254874,1.383960435166955,1.161559671163559,0.0009999999999999992,0.004086334749445086,0.1594400405883789,0.002667968859896064,0.5857030749320984,0.5664333701133728,0,116.0474853515625,-17.935291290283203,-4.169323444366455,39.43433118561822,2.943359375,0,0.5428571428571428,38,11,7,5,4,5
269,59,60,41112,147.8703048431517,81,1,0,0,1.8272755782287176,-0.010246302583254874,1.383960435166955,1.161559671163559,0.0009999999999999992,0.004086334749445086,0.1594400405883789,0.002667968859896064,0.5857030749320984,0.5664333701133728,0,116.59056091308594,-17.754985809326172,-3.587205648422241,42.48946389822897,2.26171875,0,0.4691358024691358,38,14,11,4,6,8
270,59,60,41202,-56.0854372951386,90,0,1,0,2.2574056343582214,-0.010246302583254874,1.383960435166955,1.161559671163559,0.0009999999999999992,0.004086334749445086,0.1594400405883789,0.002667968859896064,0.5857030749320984,0.5664333701133728,0,116.06024932861328,-17.99386215209961,-4.06520938873291,45.57085022947546,2.6640625,0,0.4111111111111111,37,16,12,6,7,12
271,59,60,41289,145.85501185969576,87,1,0,0,1.906294974658328,-0.010246302583254874,1.383960435166955,1.161559671163559,0.0009999999999999992,0.004086334749445086,0.1594400405883789,0.002667968859896064,0.5857030749320984,0.5664333701133728,0,118.87540435791016,-17.543867111206055,-3.4004976749420166,44.23114878721569,2.9140625,0,0.47126436781609193,41,13,11,4,6,12
272,59,60,41357,147.38582399691865,68,1,0,0,1.9193520855204886,-0.010246302583254874,1.383960435166955,1.161559671163559,0.0009999999999999992,0.004086334749445086,0.1594400405883789,0.002667968859896064,0.5857030749320984,0.5664333701133728,0,118.1113510131836,-17.19093132019043,-3.4011995792388916,40.97845938676499,1.3671875,0,0.6029411764705882,41,8,6,3,3,7
273,59,60,41426,154.0955472834157,69,1,0,0,1.783463311795938,-0.010246302583254874,1.383960435166955,1.161559671163559,0.0009999999999999992,0.004086334749445086,0.1594400405883789,0.002667968859896064,0.5857030749320984,0.5664333701133728,0,116.6219253540039,-17.664649963378906,-3.139630079269409,40.318527882271624,2.9765625,0,0.5652173913043478,39,12,10,1,3,4
274,59,60,41498,144.8204714793339,72,1,0,0,1.967001434339738,-0.010246302583254874,1.383960435166955,1.161559671163559,0.0009999999999999992,0.004086334749445086,0.1594400405883789,0.002667968859896064,0.5857030749320984,0.5664333701133728,0,117.0533218383789,-18.315519332885742,-4.689544200897217,41.87746989833037,2.94140625,0,0.5416666666666666,39,12,9,4,2,6
